,Date,Forecasted_MinTemp
0,2023-01-01,14.837
1,2023-01-02,17.023000000000014
2,2023-01-03,17.197000000000006
3,2023-01-04,17.628
4,2023-01-05,14.898000000000007
5,2023-01-06,15.138000000000002
6,2023-01-07,13.961999999999998
7,2023-01-08,14.333999999999996
8,2023-01-09,15.902000000000003
9,2023-01-10,17.261000000000006
10,2023-01-11,17.844000000000012
11,2023-01-12,14.608999999999998
12,2023-01-13,14.999000000000002
13,2023-01-14,14.554000000000006
14,2023-01-15,14.669999999999998
15,2023-01-16,15.960999999999999
16,2023-01-17,15.634000000000004
17,2023-01-18,17.160999999999998
18,2023-01-19,14.172000000000002
19,2023-01-20,15.212
20,2023-01-21,15.45900000000001
21,2023-01-22,14.51
22,2023-01-23,16.20199999999999
23,2023-01-24,15.410999999999994
24,2023-01-25,17.235000000000003
25,2023-01-26,14.579999999999998
26,2023-01-27,15.312000000000005
27,2023-01-28,15.551999999999996
28,2023-01-29,14.282000000000004
29,2023-01-30,16.105999999999995
30,2023-01-31,15.582999999999997
31,2023-02-01,17.47
32,2023-02-02,14.608999999999998
33,2023-02-03,15.51200000000001
34,2023-02-04,16.130000000000003
35,2023-02-05,14.768999999999998
36,2023-02-06,16.30799999999999
37,2023-02-07,15.161999999999994
38,2023-02-08,17.089000000000002
39,2023-02-09,14.824000000000005
40,2023-02-10,16.046
41,2023-02-11,16.49499999999999
42,2023-02-12,14.442
43,2023-02-13,16.237999999999985
44,2023-02-14,15.081999999999995
45,2023-02-15,17.280999999999995
46,2023-02-16,14.894000000000013
47,2023-02-17,16.168
48,2023-02-18,16.59199999999999
49,2023-02-19,14.563999999999997
50,2023-02-20,16.226999999999986
51,2023-02-21,14.529999999999998
52,2023-02-22,17.005999999999993
53,2023-02-23,14.750000000000007
54,2023-02-24,16.534000000000002
55,2023-02-25,16.03599999999999
56,2023-02-26,14.669
57,2023-02-27,16.120999999999995
58,2023-02-28,14.438000000000006
59,2023-03-01,17.011000000000003
60,2023-03-02,14.482000000000005
61,2023-03-03,16.608999999999998
62,2023-03-04,16.231999999999992
63,2023-03-05,14.685
64,2023-03-06,16.689999999999994
65,2023-03-07,14.478999999999996
66,2023-03-08,16.673000000000002
67,2023-03-09,14.001000000000007
68,2023-03-10,15.970000000000004
69,2023-03-11,16.253999999999998
70,2023-03-12,14.683
71,2023-03-13,16.269
72,2023-03-14,14.565999999999999
73,2023-03-15,16.152
74,2023-03-16,14.261000000000003
75,2023-03-17,16.103000000000005
76,2023-03-18,16.631
77,2023-03-19,14.913999999999998
78,2023-03-20,16.469000000000005
79,2023-03-21,14.687000000000003
80,2023-03-22,16.870999999999995
81,2023-03-23,14.685000000000004
82,2023-03-24,15.876000000000008
83,2023-03-25,16.68199999999999
84,2023-03-26,14.648000000000003
85,2023-03-27,16.53999999999999
86,2023-03-28,14.527000000000003
87,2023-03-29,17.049000000000003
88,2023-03-30,14.60300000000001
89,2023-03-31,16.077
90,2023-04-01,16.086999999999993
91,2023-04-02,14.726
92,2023-04-03,16.261999999999997
93,2023-04-04,14.515
94,2023-04-05,16.772000000000002
95,2023-04-06,14.453000000000005
96,2023-04-07,15.952999999999998
97,2023-04-08,16.28999999999999
98,2023-04-09,14.615
99,2023-04-10,16.33999999999999
100,2023-04-11,14.443000000000001
101,2023-04-12,16.441000000000003
102,2023-04-13,14.341000000000006
103,2023-04-14,16.296999999999997
104,2023-04-15,16.394999999999996
105,2023-04-16,14.408999999999999
106,2023-04-17,16.757999999999996
107,2023-04-18,14.571000000000003
108,2023-04-19,16.802999999999994
109,2023-04-20,14.443000000000007
110,2023-04-21,16.857000000000006
111,2023-04-22,16.643999999999995
112,2023-04-23,14.568
113,2023-04-24,16.616999999999997
114,2023-04-25,14.231000000000002
115,2023-04-26,16.407000000000007
116,2023-04-27,14.160000000000007
117,2023-04-28,16.145
118,2023-04-29,16.11799999999999
119,2023-04-30,14.687999999999995
120,2023-05-01,16.250000000000004
121,2023-05-02,14.776
122,2023-05-03,16.469
123,2023-05-04,14.230000000000004
124,2023-05-05,16.151999999999994
125,2023-05-06,16.306999999999988
126,2023-05-07,14.646
127,2023-05-08,16.468999999999994
128,2023-05-09,14.413000000000002
129,2023-05-10,16.522999999999996
130,2023-05-11,14.202000000000005
131,2023-05-12,16.474
132,2023-05-13,16.493999999999993
133,2023-05-14,14.371999999999996
134,2023-05-15,16.414999999999992
135,2023-05-16,14.446
136,2023-05-17,16.54099999999999
137,2023-05-18,14.114000000000003
138,2023-05-19,16.251000000000005
139,2023-05-20,16.436999999999994
140,2023-05-21,14.544999999999995
141,2023-05-22,16.546999999999997
142,2023-05-23,14.571
143,2023-05-24,16.615999999999996
144,2023-05-25,14.113999999999997
145,2023-05-26,16.605000000000004
146,2023-05-27,16.28399999999999
147,2023-05-28,14.711000000000002
148,2023-05-29,15.977999999999994
149,2023-05-30,14.470999999999997
150,2023-05-31,16.334
151,2023-06-01,14.051000000000004
152,2023-06-02,15.703000000000005
153,2023-06-03,16.522999999999996
154,2023-06-04,14.603
155,2023-06-05,16.837999999999994
156,2023-06-06,14.434000000000008
157,2023-06-07,16.743000000000002
158,2023-06-08,14.142000000000003
159,2023-06-09,15.976999999999999
160,2023-06-10,16.317999999999994
161,2023-06-11,14.359999999999996
162,2023-06-12,16.245999999999995
163,2023-06-13,14.787000000000003
164,2023-06-14,16.601
165,2023-06-15,14.288000000000002
166,2023-06-16,16.029
167,2023-06-17,16.766
168,2023-06-18,14.719
169,2023-06-19,16.477
170,2023-06-20,14.5
171,2023-06-21,16.37
172,2023-06-22,14.125000000000007
173,2023-06-23,15.320000000000007
174,2023-06-24,16.91099999999999
175,2023-06-25,14.537999999999995
176,2023-06-26,16.428999999999988
177,2023-06-27,14.44900000000001
178,2023-06-28,16.803
179,2023-06-29,14.679
180,2023-06-30,15.489000000000003
181,2023-07-01,16.478999999999992
182,2023-07-02,14.121000000000002
183,2023-07-03,16.197999999999993
184,2023-07-04,14.572000000000008
185,2023-07-05,17.232000000000003
186,2023-07-06,15.299000000000005
187,2023-07-07,16.688999999999993
188,2023-07-08,16.43399999999999
189,2023-07-09,14.649
190,2023-07-10,16.443999999999992
191,2023-07-11,14.087000000000003
192,2023-07-12,16.883
193,2023-07-13,15.397000000000007
194,2023-07-14,17.412000000000003
195,2023-07-15,16.499999999999986
196,2023-07-16,14.212999999999997
197,2023-07-17,16.530999999999995
198,2023-07-18,14.342
199,2023-07-19,17.225
200,2023-07-20,16.033
201,2023-07-21,18.056000000000004
202,2023-07-22,16.199999999999996
203,2023-07-23,14.027000000000001
204,2023-07-24,16.629999999999995
205,2023-07-25,14.323
206,2023-07-26,17.315999999999995
207,2023-07-27,16.47
208,2023-07-28,17.85100000000001
209,2023-07-29,16.107000000000003
210,2023-07-30,14.095999999999998
211,2023-07-31,16.072000000000003
212,2023-08-01,14.389999999999995
213,2023-08-02,17.521000000000004
214,2023-08-03,16.738000000000003
215,2023-08-04,17.85600000000001
216,2023-08-05,16.163999999999998
217,2023-08-06,14.114999999999995
218,2023-08-07,16.738999999999997
219,2023-08-08,14.286999999999999
220,2023-08-09,17.53
221,2023-08-10,16.525000000000006
222,2023-08-11,17.554000000000006
223,2023-08-12,16.255999999999997
224,2023-08-13,14.315999999999995
225,2023-08-14,16.092
226,2023-08-15,14.378999999999996
227,2023-08-16,17.629000000000005
228,2023-08-17,16.848000000000003
229,2023-08-18,17.854000000000006
230,2023-08-19,16.322
231,2023-08-20,14.017999999999999
232,2023-08-21,16.478999999999996
233,2023-08-22,14.376999999999995
234,2023-08-23,17.390000000000004
235,2023-08-24,16.289
236,2023-08-25,17.54200000000001
237,2023-08-26,16.416999999999998
238,2023-08-27,14.169999999999991
239,2023-08-28,16.427
240,2023-08-29,14.156999999999993
241,2023-08-30,17.293000000000006
242,2023-08-31,16.645000000000007
243,2023-09-01,18.217000000000006
244,2023-09-02,16.345999999999993
245,2023-09-03,13.998
246,2023-09-04,16.327999999999996
247,2023-09-05,14.382999999999997
248,2023-09-06,17.561
249,2023-09-07,16.36500000000001
250,2023-09-08,17.872
251,2023-09-09,16.481
252,2023-09-10,14.014999999999995
253,2023-09-11,16.195999999999998
254,2023-09-12,14.180999999999997
255,2023-09-13,17.022000000000006
256,2023-09-14,16.585
257,2023-09-15,17.850000000000012
258,2023-09-16,16.276999999999997
259,2023-09-17,14.010999999999997
260,2023-09-18,16.649999999999995
261,2023-09-19,14.266999999999996
262,2023-09-20,16.857000000000003
263,2023-09-21,16.521000000000004
264,2023-09-22,17.628000000000007
265,2023-09-23,16.687
266,2023-09-24,14.051999999999994
267,2023-09-25,16.203000000000003
268,2023-09-26,14.414999999999997
269,2023-09-27,17.32800000000001
270,2023-09-28,16.703999999999997
271,2023-09-29,17.92000000000001
272,2023-09-30,15.567000000000002
273,2023-10-01,13.944999999999999
274,2023-10-02,16.000999999999994
275,2023-10-03,13.953
276,2023-10-04,16.845000000000006
277,2023-10-05,16.42700000000001
278,2023-10-06,17.659000000000006
279,2023-10-07,16.221
280,2023-10-08,14.068000000000008
281,2023-10-09,16.947999999999993
282,2023-10-10,14.286999999999999
283,2023-10-11,17.136
284,2023-10-12,16.653000000000006
285,2023-10-13,17.877000000000006
286,2023-10-14,16.356000000000005
287,2023-10-15,13.916999999999994
288,2023-10-16,16.434
289,2023-10-17,14.322999999999995
290,2023-10-18,16.811
291,2023-10-19,16.582
292,2023-10-20,17.679000000000013
293,2023-10-21,16.602
294,2023-10-22,14.021000000000004
295,2023-10-23,16.577999999999996
296,2023-10-24,14.365
297,2023-10-25,17.52300000000001
298,2023-10-26,16.433999999999997
299,2023-10-27,17.859
300,2023-10-28,15.475000000000001
301,2023-10-29,13.971999999999998
302,2023-10-30,16.070999999999998
303,2023-10-31,13.992999999999997
304,2023-11-01,16.811000000000007
305,2023-11-02,16.621
306,2023-11-03,17.62500000000001
307,2023-11-04,16.144000000000002
308,2023-11-05,14.117999999999997
309,2023-11-06,16.595999999999993
310,2023-11-07,14.255
311,2023-11-08,16.96600000000001
312,2023-11-09,16.720000000000006
313,2023-11-10,17.91700000000001
314,2023-11-11,16.428
315,2023-11-12,13.854999999999993
316,2023-11-13,16.143999999999995
317,2023-11-14,14.509999999999998
318,2023-11-15,17.09700000000001
319,2023-11-16,16.611
320,2023-11-17,17.900000000000013
321,2023-11-18,16.471999999999994
322,2023-11-19,14.010000000000005
323,2023-11-20,16.380999999999997
324,2023-11-21,14.195999999999996
325,2023-11-22,16.443000000000005
326,2023-11-23,16.696000000000012
327,2023-11-24,17.605000000000008
328,2023-11-25,16.326999999999998
329,2023-11-26,14.049999999999988
330,2023-11-27,16.427999999999994
331,2023-11-28,14.46
332,2023-11-29,16.438000000000002
333,2023-11-30,16.85300000000001
334,2023-12-01,17.366000000000007
335,2023-12-02,16.499
336,2023-12-03,14.077999999999989
337,2023-12-04,16.319999999999993
338,2023-12-05,14.409
339,2023-12-06,16.816000000000003
340,2023-12-07,16.628999999999998
341,2023-12-08,17.814000000000007
342,2023-12-09,16.158
343,2023-12-10,14.027999999999993
344,2023-12-11,16.543999999999993
345,2023-12-12,14.277999999999999
346,2023-12-13,16.970000000000006
347,2023-12-14,16.54400000000001
348,2023-12-15,17.404000000000007
349,2023-12-16,16.369
350,2023-12-17,14.173999999999994
351,2023-12-18,16.420999999999996
352,2023-12-19,14.288
353,2023-12-20,17.075000000000003
354,2023-12-21,16.568
355,2023-12-22,18.02100000000001
356,2023-12-23,16.654
357,2023-12-24,14.098999999999997
358,2023-12-25,16.555999999999997
359,2023-12-26,14.414999999999996
360,2023-12-27,17.321000000000005
361,2023-12-28,16.317999999999998
362,2023-12-29,17.618000000000006
363,2023-12-30,15.309000000000001
364,2023-12-31,14.074999999999998
365,2024-01-01,16.349
366,2024-01-02,13.952999999999996
367,2024-01-03,16.906
368,2024-01-04,17.047000000000004
369,2024-01-05,17.765000000000008
370,2024-01-06,15.181000000000008
371,2024-01-07,13.950999999999997
372,2024-01-08,16.217
373,2024-01-09,14.392999999999995
374,2024-01-10,16.969000000000012
375,2024-01-11,16.585000000000004
376,2024-01-12,17.460000000000008
377,2024-01-13,15.47600000000001
378,2024-01-14,14.181999999999999
379,2024-01-15,16.244999999999997
380,2024-01-16,13.979
381,2024-01-17,16.845000000000006
382,2024-01-18,16.402000000000008
383,2024-01-19,18.226000000000006
384,2024-01-20,16.214000000000006
385,2024-01-21,13.961999999999998
386,2024-01-22,16.750999999999998
387,2024-01-23,14.321
388,2024-01-24,17.181
389,2024-01-25,16.515
390,2024-01-26,17.79400000000001
391,2024-01-27,16.217
392,2024-01-28,14.110999999999995
393,2024-01-29,16.476000000000003
394,2024-01-30,14.333999999999996
395,2024-01-31,17.076999999999998
396,2024-02-01,16.74400000000001
397,2024-02-02,17.59400000000001
398,2024-02-03,16.366999999999997
399,2024-02-04,14.135999999999992
400,2024-02-05,16.567999999999994
401,2024-02-06,14.347999999999997
402,2024-02-07,16.919000000000004
403,2024-02-08,16.756
404,2024-02-09,17.92600000000001
405,2024-02-10,16.544
406,2024-02-11,13.782999999999992
407,2024-02-12,16.190999999999995
408,2024-02-13,14.620999999999997
409,2024-02-14,17.261000000000013
410,2024-02-15,16.453999999999997
411,2024-02-16,17.77500000000001
412,2024-02-17,16.066999999999997
413,2024-02-18,14.317000000000007
414,2024-02-19,16.252999999999997
415,2024-02-20,14.226999999999997
416,2024-02-21,17.171
417,2024-02-22,16.793000000000003
418,2024-02-23,17.846000000000007
419,2024-02-24,16.348
420,2024-02-25,14.094
421,2024-02-26,16.436999999999998
422,2024-02-27,14.366999999999996
423,2024-02-28,17.375
424,2024-02-29,16.357000000000006
425,2024-03-01,17.527
426,2024-03-02,16.537
427,2024-03-03,14.15299999999999
428,2024-03-04,16.482999999999997
429,2024-03-05,14.160999999999994
430,2024-03-06,17.316000000000006
431,2024-03-07,16.583
432,2024-03-08,18.218000000000007
433,2024-03-09,16.227999999999994
434,2024-03-10,14.075000000000003
435,2024-03-11,16.648
436,2024-03-12,14.376999999999999
437,2024-03-13,17.781000000000002
438,2024-03-14,16.407000000000007
439,2024-03-15,17.903000000000006
440,2024-03-16,16.025
441,2024-03-17,14.041999999999998
442,2024-03-18,15.982000000000001
443,2024-03-19,14.071999999999996
444,2024-03-20,17.328999999999997
445,2024-03-21,16.552
446,2024-03-22,17.908000000000015
447,2024-03-23,16.664999999999992
448,2024-03-24,13.940000000000005
449,2024-03-25,16.64999999999999
450,2024-03-26,14.319999999999995
451,2024-03-27,17.533
452,2024-03-28,16.380000000000003
453,2024-03-29,17.454000000000004
454,2024-03-30,15.426000000000005
455,2024-03-31,13.678000000000003
456,2024-04-01,16.225
457,2024-04-02,14.174999999999997
458,2024-04-03,17.097000000000005
459,2024-04-04,16.54
460,2024-04-05,17.657000000000007
461,2024-04-06,15.92100000000001
462,2024-04-07,14.239000000000006
463,2024-04-08,16.545
464,2024-04-09,14.057999999999998
465,2024-04-10,16.836000000000002
466,2024-04-11,16.678
467,2024-04-12,17.847000000000012
468,2024-04-13,16.812999999999995
469,2024-04-14,14.337999999999992
470,2024-04-15,16.498999999999995
471,2024-04-16,14.203999999999997
472,2024-04-17,16.599000000000007
473,2024-04-18,16.596
474,2024-04-19,17.237000000000002
475,2024-04-20,15.651
476,2024-04-21,14.517999999999999
477,2024-04-22,16.470999999999993
478,2024-04-23,14.096000000000004
479,2024-04-24,16.57500000000001
480,2024-04-25,16.423000000000005
481,2024-04-26,17.626000000000005
482,2024-04-27,16.743999999999993
483,2024-04-28,14.422
484,2024-04-29,16.446999999999996
485,2024-04-30,14.195999999999994
486,2024-05-01,16.59700000000001
487,2024-05-02,16.394
488,2024-05-03,17.371000000000006
489,2024-05-04,15.587999999999997
490,2024-05-05,14.378000000000004
491,2024-05-06,16.301999999999992
492,2024-05-07,14.005000000000003
493,2024-05-08,16.791000000000007
494,2024-05-09,16.491999999999994
495,2024-05-10,18.055000000000014
496,2024-05-11,16.404
497,2024-05-12,13.848999999999995
498,2024-05-13,16.346999999999998
499,2024-05-14,14.345999999999998
500,2024-05-15,16.96500000000001
501,2024-05-16,16.462000000000003
502,2024-05-17,17.82900000000001
503,2024-05-18,16.4
504,2024-05-19,14.279000000000002
505,2024-05-20,16.545999999999996
506,2024-05-21,14.218
507,2024-05-22,16.607
508,2024-05-23,16.646
509,2024-05-24,17.614000000000004
510,2024-05-25,16.358999999999995
511,2024-05-26,14.307999999999995
512,2024-05-27,16.39299999999999
513,2024-05-28,14.24
514,2024-05-29,16.62400000000001
515,2024-05-30,16.745000000000008
516,2024-05-31,17.63300000000001
517,2024-06-01,16.439999999999994
518,2024-06-02,14.166999999999994
519,2024-06-03,16.514999999999993
520,2024-06-04,14.315000000000003
521,2024-06-05,16.93600000000001
522,2024-06-06,16.739000000000004
523,2024-06-07,17.83500000000001
524,2024-06-08,16.459
525,2024-06-09,14.063999999999991
526,2024-06-10,16.510999999999996
527,2024-06-11,14.326999999999998
528,2024-06-12,16.669000000000008
529,2024-06-13,16.609
530,2024-06-14,17.44000000000001
531,2024-06-15,16.217999999999996
532,2024-06-16,14.201999999999991
533,2024-06-17,16.469999999999988
534,2024-06-18,14.265000000000002
535,2024-06-19,17.115000000000006
536,2024-06-20,16.557000000000006
537,2024-06-21,17.98000000000001
538,2024-06-22,16.419
539,2024-06-23,14.092999999999996
540,2024-06-24,16.546999999999997
541,2024-06-25,14.371999999999996
542,2024-06-26,17.164
543,2024-06-27,16.448000000000004
544,2024-06-28,17.72300000000001
545,2024-06-29,16.282999999999994
546,2024-06-30,14.152999999999993
547,2024-07-01,16.315999999999995
548,2024-07-02,14.095999999999995
549,2024-07-03,16.918
550,2024-07-04,16.641000000000002
551,2024-07-05,17.833000000000006
552,2024-07-06,16.634999999999998
553,2024-07-07,14.159999999999993
554,2024-07-08,16.445999999999998
555,2024-07-09,14.224999999999996
556,2024-07-10,16.61100000000001
557,2024-07-11,16.578000000000007
558,2024-07-12,17.438000000000006
559,2024-07-13,15.562999999999999
560,2024-07-14,14.307999999999998
561,2024-07-15,16.28299999999999
562,2024-07-16,13.984000000000004
563,2024-07-17,16.81500000000001
564,2024-07-18,16.428000000000008
565,2024-07-19,18.00800000000001
566,2024-07-20,16.371
567,2024-07-21,13.886999999999993
568,2024-07-22,16.353999999999996
569,2024-07-23,14.301999999999998
570,2024-07-24,17.00000000000001
571,2024-07-25,16.336000000000002
572,2024-07-26,17.749000000000013
573,2024-07-27,16.482
574,2024-07-28,14.021000000000004
575,2024-07-29,16.401999999999997
576,2024-07-30,14.279999999999998
577,2024-07-31,16.815000000000005
578,2024-08-01,16.669000000000008
579,2024-08-02,17.904000000000007
580,2024-08-03,16.298999999999996
581,2024-08-04,13.969999999999994
582,2024-08-05,16.331999999999994
583,2024-08-06,14.443
584,2024-08-07,17.143000000000015
585,2024-08-08,16.547000000000008
586,2024-08-09,17.77100000000001
587,2024-08-10,16.602
588,2024-08-11,14.119999999999996
589,2024-08-12,16.337999999999997
590,2024-08-13,14.196999999999996
591,2024-08-14,16.369000000000003
592,2024-08-15,16.819000000000003
593,2024-08-16,17.502000000000006
594,2024-08-17,15.754999999999997
595,2024-08-18,14.081999999999988
596,2024-08-19,16.553999999999995
597,2024-08-20,14.307999999999998
598,2024-08-21,16.330000000000005
599,2024-08-22,16.737000000000002
600,2024-08-23,17.45200000000001
601,2024-08-24,16.432000000000002
602,2024-08-25,14.07899999999999
603,2024-08-26,16.206999999999997
604,2024-08-27,14.405999999999999
605,2024-08-28,16.874000000000002
606,2024-08-29,16.749999999999996
607,2024-08-30,18.05400000000001
608,2024-08-31,16.499999999999996
609,2024-09-01,13.703999999999994
610,2024-09-02,16.599999999999994
611,2024-09-03,14.345999999999997
612,2024-09-04,17.03600000000001
613,2024-09-05,16.503
614,2024-09-06,17.69800000000001
615,2024-09-07,16.01
616,2024-09-08,14.316000000000006
617,2024-09-09,16.095000000000006
618,2024-09-10,14.218999999999996
619,2024-09-11,16.525
620,2024-09-12,16.719
621,2024-09-13,17.473000000000006
622,2024-09-14,16.427999999999994
623,2024-09-15,14.292999999999997
624,2024-09-16,16.903999999999993
625,2024-09-17,14.569999999999995
626,2024-09-18,17.252000000000006
627,2024-09-19,16.596
628,2024-09-20,17.74600000000001
629,2024-09-21,16.176999999999996
630,2024-09-22,14.342
631,2024-09-23,16.502
632,2024-09-24,14.264999999999995
633,2024-09-25,17.503999999999994
634,2024-09-26,16.53900000000001
635,2024-09-27,17.699
636,2024-09-28,16.159999999999997
637,2024-09-29,14.426999999999998
638,2024-09-30,16.922999999999995
639,2024-10-01,14.542999999999996
640,2024-10-02,17.858
641,2024-10-03,16.776000000000007
642,2024-10-04,17.723000000000003
643,2024-10-05,15.916999999999996
644,2024-10-06,14.317
645,2024-10-07,16.502000000000002
646,2024-10-08,14.182999999999995
647,2024-10-09,17.816000000000006
648,2024-10-10,16.43700000000001
649,2024-10-11,17.597
650,2024-10-12,16.48599999999999
651,2024-10-13,14.358999999999996
652,2024-10-14,16.61199999999999
653,2024-10-15,14.394999999999996
654,2024-10-16,18.172000000000008
655,2024-10-17,16.686999999999994
656,2024-10-18,17.877000000000013
657,2024-10-19,16.044999999999995
658,2024-10-20,14.237999999999994
659,2024-10-21,16.146
660,2024-10-22,14.240999999999996
661,2024-10-23,17.953000000000003
662,2024-10-24,16.619000000000014
663,2024-10-25,18.063
664,2024-10-26,16.561999999999994
665,2024-10-27,14.075
666,2024-10-28,16.841999999999995
667,2024-10-29,14.558999999999996
668,2024-10-30,18.288000000000007
669,2024-10-31,16.395000000000003
670,2024-11-01,17.408999999999995
671,2024-11-02,15.339999999999996
672,2024-11-03,14.274000000000001
673,2024-11-04,16.662
674,2024-11-05,14.021999999999998
675,2024-11-06,17.779
676,2024-11-07,16.927
677,2024-11-08,18.004000000000012
678,2024-11-09,15.300000000000006
679,2024-11-10,14.256999999999998
680,2024-11-11,16.507999999999996
681,2024-11-12,14.491999999999996
682,2024-11-13,17.886000000000003
683,2024-11-14,16.33600000000001
684,2024-11-15,17.825000000000003
685,2024-11-16,15.420000000000009
686,2024-11-17,14.540000000000004
687,2024-11-18,16.556999999999995
688,2024-11-19,14.121999999999996
689,2024-11-20,17.841000000000008
690,2024-11-21,16.965000000000003
691,2024-11-22,17.620000000000005
692,2024-11-23,16.730000000000008
693,2024-11-24,14.466
694,2024-11-25,16.648999999999994
695,2024-11-26,14.50699999999999
696,2024-11-27,18.127000000000006
697,2024-11-28,16.589000000000002
698,2024-11-29,17.808000000000003
699,2024-11-30,15.519000000000005
700,2024-12-01,14.374000000000002
701,2024-12-02,16.541999999999994
702,2024-12-03,14.078999999999994
703,2024-12-04,17.839000000000002
704,2024-12-05,16.40800000000001
705,2024-12-06,17.595000000000006
706,2024-12-07,16.455000000000002
707,2024-12-08,14.424999999999997
708,2024-12-09,16.60599999999999
709,2024-12-10,14.299999999999995
710,2024-12-11,17.61800000000001
711,2024-12-12,16.622
712,2024-12-13,17.867000000000004
713,2024-12-14,16.090999999999998
714,2024-12-15,14.292999999999997
715,2024-12-16,16.028
716,2024-12-17,14.202999999999998
717,2024-12-18,17.165000000000006
718,2024-12-19,16.77000000000001
719,2024-12-20,18.21000000000001
720,2024-12-21,16.429999999999996
721,2024-12-22,13.793000000000001
722,2024-12-23,16.818999999999996
723,2024-12-24,14.606999999999994
724,2024-12-25,17.712
725,2024-12-26,16.368
726,2024-12-27,17.657000000000007
727,2024-12-28,15.922999999999995
728,2024-12-29,14.140000000000008
729,2024-12-30,16.658000000000005
730,2024-12-31,14.14
731,2025-01-01,17.390000000000004
732,2025-01-02,16.715000000000003
733,2025-01-03,17.710000000000004
734,2025-01-04,16.713999999999995
735,2025-01-05,14.194999999999993
736,2025-01-06,16.433
737,2025-01-07,14.452999999999989
738,2025-01-08,17.794000000000008
739,2025-01-09,16.544
740,2025-01-10,17.883000000000003
741,2025-01-11,15.296000000000006
742,2025-01-12,14.452
743,2025-01-13,16.24299999999999
744,2025-01-14,14.140999999999998
745,2025-01-15,17.427000000000007
746,2025-01-16,16.759000000000007
747,2025-01-17,17.863000000000014
748,2025-01-18,15.492000000000003
749,2025-01-19,14.480000000000004
750,2025-01-20,16.171999999999993
751,2025-01-21,14.394999999999996
752,2025-01-22,16.969
753,2025-01-23,16.48300000000001
754,2025-01-24,17.849000000000007
755,2025-01-25,16.01000000000001
756,2025-01-26,14.196000000000002
757,2025-01-27,16.444999999999997
758,2025-01-28,14.021999999999997
759,2025-01-29,16.592000000000006
760,2025-01-30,16.486
761,2025-01-31,17.091000000000008
762,2025-02-01,16.85099999999999
763,2025-02-02,14.679999999999986
764,2025-02-03,16.742999999999995
765,2025-02-04,14.217
766,2025-02-05,16.77300000000001
767,2025-02-06,16.405
768,2025-02-07,17.208000000000006
769,2025-02-08,15.927000000000007
770,2025-02-09,14.434999999999995
771,2025-02-10,16.352999999999998
772,2025-02-11,14.159000000000002
773,2025-02-12,16.70300000000001
774,2025-02-13,16.716
775,2025-02-14,17.546000000000006
776,2025-02-15,16.617
777,2025-02-16,14.18
778,2025-02-17,16.530999999999995
779,2025-02-18,14.367
780,2025-02-19,17.235000000000007
781,2025-02-20,16.603
782,2025-02-21,18.06900000000001
783,2025-02-22,15.631999999999998
784,2025-02-23,13.979000000000001
785,2025-02-24,16.339999999999996
786,2025-02-25,13.971999999999996
787,2025-02-26,16.521
788,2025-02-27,16.260000000000012
789,2025-02-28,17.665000000000006
790,2025-03-01,16.207
791,2025-03-02,14.15499999999999
792,2025-03-03,16.682999999999996
793,2025-03-04,14.206999999999995
794,2025-03-05,16.588000000000008
795,2025-03-06,16.550000000000008
796,2025-03-07,17.534000000000006
797,2025-03-08,16.48099999999999
798,2025-03-09,14.263999999999994
799,2025-03-10,15.953999999999994
800,2025-03-11,14.254000000000001
801,2025-03-12,16.830000000000013
802,2025-03-13,16.726999999999997
803,2025-03-14,18.178000000000008
804,2025-03-15,16.231999999999992
805,2025-03-16,13.862
806,2025-03-17,17.016999999999992
807,2025-03-18,14.814999999999998
808,2025-03-19,17.47200000000001
809,2025-03-20,16.293000000000006
810,2025-03-21,17.457000000000004
811,2025-03-22,16.122999999999994
812,2025-03-23,14.067000000000013
813,2025-03-24,16.857000000000003
814,2025-03-25,14.501
815,2025-03-26,17.953000000000003
816,2025-03-27,16.735000000000003
817,2025-03-28,17.924000000000014
818,2025-03-29,16.165
819,2025-03-30,14.027999999999997
820,2025-03-31,16.368
821,2025-04-01,14.254999999999997
822,2025-04-02,17.818000000000005
823,2025-04-03,16.561000000000014
824,2025-04-04,17.85900000000001
825,2025-04-05,16.089
826,2025-04-06,14.104999999999997
827,2025-04-07,16.354999999999997
828,2025-04-08,14.382999999999996
829,2025-04-09,17.929000000000002
830,2025-04-10,16.60700000000001
831,2025-04-11,17.739
832,2025-04-12,16.333
833,2025-04-13,14.198999999999995
834,2025-04-14,16.492
835,2025-04-15,14.250999999999994
836,2025-04-16,17.85100000000001
837,2025-04-17,16.582000000000008
838,2025-04-18,17.885
839,2025-04-19,16.421999999999997
840,2025-04-20,14.222999999999997
841,2025-04-21,16.412999999999997
842,2025-04-22,14.344999999999995
843,2025-04-23,17.873000000000005
844,2025-04-24,16.532000000000004
845,2025-04-25,18.045000000000005
846,2025-04-26,16.326999999999998
847,2025-04-27,14.045999999999994
848,2025-04-28,16.311999999999998
849,2025-04-29,14.452999999999998
850,2025-04-30,18.255000000000006
851,2025-05-01,16.765
852,2025-05-02,17.624000000000002
853,2025-05-03,16.467
854,2025-05-04,14.082999999999997
855,2025-05-05,16.415999999999997
856,2025-05-06,14.369999999999997
857,2025-05-07,18.088999999999995
858,2025-05-08,16.453000000000003
859,2025-05-09,18.028000000000006
860,2025-05-10,16.200999999999997
861,2025-05-11,14.016999999999996
862,2025-05-12,16.345
863,2025-05-13,14.268999999999997
864,2025-05-14,17.955000000000005
865,2025-05-15,16.71400000000001
866,2025-05-16,17.821
867,2025-05-17,16.063000000000002
868,2025-05-18,14.165999999999995
869,2025-05-19,16.439999999999998
870,2025-05-20,14.281999999999993
871,2025-05-21,17.776000000000007
872,2025-05-22,16.64500000000001
873,2025-05-23,17.699
874,2025-05-24,16.337
875,2025-05-25,14.340999999999992
876,2025-05-26,16.956999999999994
877,2025-05-27,14.597999999999995
878,2025-05-28,17.980000000000008
879,2025-05-29,16.658000000000005
880,2025-05-30,17.551000000000005
881,2025-05-31,16.314
882,2025-06-01,14.301999999999998
883,2025-06-02,16.316999999999997
884,2025-06-03,14.258999999999997
885,2025-06-04,17.948000000000008
886,2025-06-05,16.635000000000012
887,2025-06-06,17.813000000000002
888,2025-06-07,16.397
889,2025-06-08,14.242999999999997
890,2025-06-09,16.726999999999997
891,2025-06-10,14.420999999999994
892,2025-06-11,18.290000000000006
893,2025-06-12,16.488000000000003
894,2025-06-13,17.445999999999998
895,2025-06-14,16.404999999999998
896,2025-06-15,14.317999999999993
897,2025-06-16,16.130999999999997
898,2025-06-17,14.238999999999997
899,2025-06-18,18.038
900,2025-06-19,16.697999999999993
901,2025-06-20,17.89800000000001
902,2025-06-21,16.185999999999993
903,2025-06-22,14.294999999999998
904,2025-06-23,17.266999999999992
905,2025-06-24,14.772999999999993
906,2025-06-25,18.53600000000001
907,2025-06-26,16.23400000000001
908,2025-06-27,17.506999999999994
909,2025-06-28,16.314999999999998
910,2025-06-29,14.388000000000002
911,2025-06-30,17.272999999999996
912,2025-07-01,14.644999999999998
913,2025-07-02,18.576
914,2025-07-03,16.167
915,2025-07-04,17.959
916,2025-07-05,16.179
917,2025-07-06,14.164999999999997
918,2025-07-07,16.979000000000006
919,2025-07-08,14.421999999999995
920,2025-07-09,18.361999999999995
921,2025-07-10,16.566999999999997
922,2025-07-11,17.581000000000003
923,2025-07-12,16.319
924,2025-07-13,14.208999999999994
925,2025-07-14,16.420000000000005
926,2025-07-15,14.312999999999995
927,2025-07-16,18.03
928,2025-07-17,16.53900000000001
929,2025-07-18,17.978000000000005
930,2025-07-19,16.523999999999997
931,2025-07-20,14.110999999999997
932,2025-07-21,16.465999999999998
933,2025-07-22,14.422999999999995
934,2025-07-23,18.416000000000004
935,2025-07-24,16.638999999999996
936,2025-07-25,17.483
937,2025-07-26,16.245999999999995
938,2025-07-27,14.289999999999996
939,2025-07-28,16.613999999999997
940,2025-07-29,14.314999999999996
941,2025-07-30,17.977000000000004
942,2025-07-31,16.58400000000001
943,2025-08-01,18.03200000000001
944,2025-08-02,16.101
945,2025-08-03,14.198999999999996
946,2025-08-04,16.125999999999998
947,2025-08-05,14.474999999999996
948,2025-08-06,17.983000000000008
949,2025-08-07,16.591000000000005
950,2025-08-08,17.858
951,2025-08-09,16.243
952,2025-08-10,14.332999999999997
953,2025-08-11,17.075999999999997
954,2025-08-12,14.587999999999996
955,2025-08-13,18.404000000000007
956,2025-08-14,16.476000000000006
957,2025-08-15,17.575999999999997
958,2025-08-16,16.203999999999997
959,2025-08-17,14.335
960,2025-08-18,16.485
961,2025-08-19,14.303999999999995
962,2025-08-20,18.046
963,2025-08-21,16.81500000000001
964,2025-08-22,17.754000000000005
965,2025-08-23,16.212
966,2025-08-24,14.271999999999997
967,2025-08-25,16.63899999999999
968,2025-08-26,14.390999999999993
969,2025-08-27,18.325000000000003
970,2025-08-28,16.493000000000006
971,2025-08-29,17.512999999999998
972,2025-08-30,16.293
973,2025-08-31,14.318999999999996
974,2025-09-01,16.134999999999998
975,2025-09-02,14.361999999999997
976,2025-09-03,17.929000000000002
977,2025-09-04,16.792
978,2025-09-05,17.885000000000005
979,2025-09-06,16.355999999999998
980,2025-09-07,14.097999999999997
981,2025-09-08,16.688999999999997
982,2025-09-09,14.450999999999997
983,2025-09-10,18.146000000000004
984,2025-09-11,16.435
985,2025-09-12,17.556
986,2025-09-13,16.294999999999995
987,2025-09-14,14.185999999999996
988,2025-09-15,16.144000000000002
989,2025-09-16,14.316999999999997
990,2025-09-17,17.979000000000003
991,2025-09-18,16.767000000000003
992,2025-09-19,17.966000000000005
993,2025-09-20,16.531
994,2025-09-21,14.022999999999994
995,2025-09-22,16.773999999999994
996,2025-09-23,14.744999999999996
997,2025-09-24,18.144000000000002
998,2025-09-25,16.324
999,2025-09-26,17.427
1000,2025-09-27,16.093999999999998
1001,2025-09-28,14.321000000000003
1002,2025-09-29,16.725999999999996
1003,2025-09-30,14.453999999999999
1004,2025-10-01,18.436000000000007
1005,2025-10-02,16.727
1006,2025-10-03,17.745000000000015
1007,2025-10-04,16.352999999999998
1008,2025-10-05,14.283999999999999
1009,2025-10-06,16.078
1010,2025-10-07,14.292999999999997
1011,2025-10-08,18.168000000000003
1012,2025-10-09,16.648000000000007
1013,2025-10-10,17.896
1014,2025-10-11,16.346999999999998
1015,2025-10-12,14.185
1016,2025-10-13,16.87899999999999
1017,2025-10-14,14.496999999999996
1018,2025-10-15,18.240000000000002
1019,2025-10-16,16.473000000000006
1020,2025-10-17,17.616
1021,2025-10-18,16.418999999999997
1022,2025-10-19,14.323999999999995
1023,2025-10-20,16.392
1024,2025-10-21,14.285999999999996
1025,2025-10-22,17.893
1026,2025-10-23,16.75
1027,2025-10-24,17.78900000000001
1028,2025-10-25,16.278
1029,2025-10-26,14.297999999999995
1030,2025-10-27,16.768999999999995
1031,2025-10-28,14.476999999999997
1032,2025-10-29,18.24600000000001
1033,2025-10-30,16.571000000000005
1034,2025-10-31,17.636000000000003
1035,2025-11-01,16.300999999999995
1036,2025-11-02,14.32
1037,2025-11-03,16.188000000000002
1038,2025-11-04,14.295999999999998
1039,2025-11-05,17.659000000000002
1040,2025-11-06,16.598000000000006
1041,2025-11-07,17.780000000000005
1042,2025-11-08,16.405999999999995
1043,2025-11-09,14.255000000000003
1044,2025-11-10,16.830999999999996
1045,2025-11-11,14.482999999999997
1046,2025-11-12,17.858000000000004
1047,2025-11-13,16.590000000000003
1048,2025-11-14,17.8
1049,2025-11-15,16.048999999999992
1050,2025-11-16,14.402000000000001
1051,2025-11-17,16.65
1052,2025-11-18,14.214999999999998
1053,2025-11-19,17.893000000000008
1054,2025-11-20,16.605000000000008
1055,2025-11-21,17.807000000000002
1056,2025-11-22,16.435
1057,2025-11-23,14.261000000000001
1058,2025-11-24,15.973999999999998
1059,2025-11-25,14.271999999999993
1060,2025-11-26,17.891000000000005
1061,2025-11-27,16.61200000000001
1062,2025-11-28,17.92
1063,2025-11-29,16.264999999999997
1064,2025-11-30,14.199000000000002
1065,2025-12-01,16.85899999999999
1066,2025-12-02,14.615999999999996
1067,2025-12-03,18.255000000000006
1068,2025-12-04,16.488000000000003
1069,2025-12-05,17.484
1070,2025-12-06,16.474
1071,2025-12-07,14.304999999999996
1072,2025-12-08,16.591999999999995
1073,2025-12-09,14.361999999999997
1074,2025-12-10,18.369
1075,2025-12-11,16.62599999999999
1076,2025-12-12,17.901000000000014
1077,2025-12-13,16.119999999999997
1078,2025-12-14,14.248999999999997
1079,2025-12-15,16.137
1080,2025-12-16,14.375999999999998
1081,2025-12-17,18.090000000000003
1082,2025-12-18,16.65700000000001
1083,2025-12-19,18.055
1084,2025-12-20,16.358
1085,2025-12-21,13.962999999999997
1086,2025-12-22,16.563
1087,2025-12-23,14.286999999999999
1088,2025-12-24,17.943000000000005
1089,2025-12-25,16.38600000000001
1090,2025-12-26,17.769000000000002
1091,2025-12-27,16.283999999999995
1092,2025-12-28,14.070999999999996
1093,2025-12-29,16.177
1094,2025-12-30,14.294999999999995
1095,2025-12-31,17.615000000000006
1096,2026-01-01,16.75100000000001
1097,2026-01-02,17.828000000000007
1098,2026-01-03,16.499999999999996
1099,2026-01-04,13.995999999999995
1100,2026-01-05,16.600999999999996
1101,2026-01-06,14.487999999999994
1102,2026-01-07,17.528000000000006
1103,2026-01-08,16.445
1104,2026-01-09,17.505000000000003
1105,2026-01-10,16.158999999999995
1106,2026-01-11,14.190999999999995
1107,2026-01-12,16.136000000000003
1108,2026-01-13,14.282999999999998
1109,2026-01-14,17.438000000000006
1110,2026-01-15,16.687
1111,2026-01-16,18.107000000000006
1112,2026-01-17,16.132
1113,2026-01-18,14.172999999999996
1114,2026-01-19,16.601999999999997
1115,2026-01-20,14.340999999999994
1116,2026-01-21,17.459
1117,2026-01-22,16.420000000000005
1118,2026-01-23,17.847000000000005
1119,2026-01-24,16.322
1120,2026-01-25,14.194999999999995
1121,2026-01-26,15.955000000000002
1122,2026-01-27,14.187999999999995
1123,2026-01-28,17.115000000000006
1124,2026-01-29,16.708000000000002
1125,2026-01-30,17.717000000000006
1126,2026-01-31,16.668
1127,2026-02-01,14.347000000000001
1128,2026-02-02,17.04499999999999
1129,2026-02-03,14.511999999999993
1130,2026-02-04,17.609
1131,2026-02-05,16.628
1132,2026-02-06,17.577
1133,2026-02-07,15.427000000000005
1134,2026-02-08,14.403000000000004
1135,2026-02-09,16.763
1136,2026-02-10,14.347999999999995
1137,2026-02-11,17.252
1138,2026-02-12,16.493000000000006
1139,2026-02-13,17.649000000000004
1140,2026-02-14,16.270000000000007
1141,2026-02-15,14.261000000000003
1142,2026-02-16,16.168000000000003
1143,2026-02-17,14.249999999999998
1144,2026-02-18,17.257
1145,2026-02-19,16.740000000000002
1146,2026-02-20,17.936000000000007
1147,2026-02-21,16.352999999999998
1148,2026-02-22,14.007
1149,2026-02-23,16.636999999999997
1150,2026-02-24,14.400999999999996
1151,2026-02-25,17.718000000000004
1152,2026-02-26,16.492000000000004
1153,2026-02-27,17.695000000000007
1154,2026-02-28,16.193999999999996
1155,2026-03-01,14.154999999999996
1156,2026-03-02,16.067999999999998
1157,2026-03-03,14.278999999999996
1158,2026-03-04,17.612000000000002
1159,2026-03-05,16.877000000000006
1160,2026-03-06,18.005000000000003
1161,2026-03-07,16.137
1162,2026-03-08,14.095999999999993
1163,2026-03-09,16.547999999999995
1164,2026-03-10,14.505999999999997
1165,2026-03-11,17.329000000000004
1166,2026-03-12,16.416000000000007
1167,2026-03-13,17.721000000000007
1168,2026-03-14,16.030999999999995
1169,2026-03-15,14.170999999999998
1170,2026-03-16,16.211
1171,2026-03-17,14.018999999999991
1172,2026-03-18,17.029999999999998
1173,2026-03-19,16.647000000000006
1174,2026-03-20,17.930000000000007
1175,2026-03-21,16.820999999999998
1176,2026-03-22,14.372999999999998
1177,2026-03-23,16.72699999999999
1178,2026-03-24,14.306999999999999
1179,2026-03-25,16.982
1180,2026-03-26,16.419
1181,2026-03-27,17.649000000000008
1182,2026-03-28,15.486000000000004
1183,2026-03-29,14.302000000000003
1184,2026-03-30,16.329
1185,2026-03-31,13.964999999999998
1186,2026-04-01,16.617000000000004
1187,2026-04-02,16.531
1188,2026-04-03,17.579000000000004
1189,2026-04-04,16.323
1190,2026-04-05,14.379999999999994
1191,2026-04-06,16.738999999999994
1192,2026-04-07,14.222000000000001
1193,2026-04-08,16.71500000000001
1194,2026-04-09,16.608000000000004
1195,2026-04-10,17.807000000000006
1196,2026-04-11,16.372
1197,2026-04-12,14.083999999999994
1198,2026-04-13,15.993999999999998
1199,2026-04-14,14.258000000000003
1200,2026-04-15,16.806000000000008
1201,2026-04-16,16.65500000000001
1202,2026-04-17,17.60700000000001
1203,2026-04-18,16.567999999999994
1204,2026-04-19,13.987999999999998
1205,2026-04-20,16.809999999999988
1206,2026-04-21,14.561999999999998
1207,2026-04-22,17.65800000000001
1208,2026-04-23,16.63
1209,2026-04-24,17.698000000000008
1210,2026-04-25,15.264
1211,2026-04-26,14.024000000000001
1212,2026-04-27,16.643
1213,2026-04-28,14.139999999999997
1214,2026-04-29,17.384000000000004
1215,2026-04-30,16.580000000000005
1216,2026-05-01,17.581000000000003
1217,2026-05-02,15.548000000000007
1218,2026-05-03,14.050999999999995
1219,2026-05-04,16.385
1220,2026-05-05,14.249999999999995
1221,2026-05-06,17.113000000000003
1222,2026-05-07,16.63200000000001
1223,2026-05-08,17.680000000000007
1224,2026-05-09,16.08700000000001
1225,2026-05-10,14.269999999999996
1226,2026-05-11,16.512999999999995
1227,2026-05-12,14.154999999999996
1228,2026-05-13,16.726
1229,2026-05-14,16.809000000000008
1230,2026-05-15,17.852000000000007
1231,2026-05-16,16.493
1232,2026-05-17,14.104999999999993
1233,2026-05-18,16.37599999999999
1234,2026-05-19,14.448999999999998
1235,2026-05-20,16.90600000000001
1236,2026-05-21,16.46
1237,2026-05-22,17.68000000000001
1238,2026-05-23,16.216999999999995
1239,2026-05-24,14.278999999999991
1240,2026-05-25,16.667999999999996
1241,2026-05-26,14.306
1242,2026-05-27,17.046000000000003
1243,2026-05-28,16.668000000000006
1244,2026-05-29,17.899000000000004
1245,2026-05-30,16.308000000000003
1246,2026-05-31,14.077999999999998
1247,2026-06-01,16.084
1248,2026-06-02,14.398999999999996
1249,2026-06-03,16.968000000000007
1250,2026-06-04,16.728000000000005
1251,2026-06-05,17.92400000000001
1252,2026-06-06,16.491
1253,2026-06-07,13.822999999999997
1254,2026-06-08,16.565999999999995
1255,2026-06-09,14.303999999999998
1256,2026-06-10,16.815000000000005
1257,2026-06-11,16.598000000000003
1258,2026-06-12,17.65300000000001
1259,2026-06-13,16.104999999999997
1260,2026-06-14,14.350000000000005
1261,2026-06-15,16.454
1262,2026-06-16,14.304000000000004
1263,2026-06-17,16.661000000000005
1264,2026-06-18,16.679000000000006
1265,2026-06-19,17.750000000000004
1266,2026-06-20,16.202
1267,2026-06-21,14.195999999999994
1268,2026-06-22,16.55999999999999
1269,2026-06-23,14.261
1270,2026-06-24,17.006000000000007
1271,2026-06-25,16.663000000000007
1272,2026-06-26,17.902000000000008
1273,2026-06-27,16.347
1274,2026-06-28,14.012999999999995
1275,2026-06-29,16.057999999999996
1276,2026-06-30,14.423999999999996
1277,2026-07-01,17.012000000000008
1278,2026-07-02,16.645000000000003
1279,2026-07-03,17.88600000000001
1280,2026-07-04,16.518
1281,2026-07-05,13.929999999999998
1282,2026-07-06,16.539999999999996
1283,2026-07-07,14.212999999999997
1284,2026-07-08,16.399000000000004
1285,2026-07-09,16.505000000000006
1286,2026-07-10,17.50800000000001
1287,2026-07-11,16.190999999999995
1288,2026-07-12,14.173000000000004
1289,2026-07-13,16.49199999999999
1290,2026-07-14,14.366
1291,2026-07-15,16.552
1292,2026-07-16,16.657000000000004
1293,2026-07-17,17.62300000000001
1294,2026-07-18,16.214999999999996
1295,2026-07-19,14.251999999999994
1296,2026-07-20,16.59099999999999
1297,2026-07-21,14.194999999999999
1298,2026-07-22,16.644000000000013
1299,2026-07-23,16.774000000000008
1300,2026-07-24,17.66400000000001
1301,2026-07-25,16.198999999999995
1302,2026-07-26,14.291999999999994
1303,2026-07-27,16.245999999999995
1304,2026-07-28,14.289000000000001
1305,2026-07-29,16.746000000000006
1306,2026-07-30,16.529000000000007
1307,2026-07-31,17.874000000000002
1308,2026-08-01,16.270000000000003
1309,2026-08-02,14.214999999999998
1310,2026-08-03,16.716999999999995
1311,2026-08-04,14.424999999999997
1312,2026-08-05,17.384000000000007
1313,2026-08-06,16.613000000000003
1314,2026-08-07,17.957000000000008
1315,2026-08-08,16.358
1316,2026-08-09,14.083999999999996
1317,2026-08-10,16.188000000000002
1318,2026-08-11,14.179999999999998
1319,2026-08-12,16.914000000000005
1320,2026-08-13,16.658000000000005
1321,2026-08-14,17.886000000000013
1322,2026-08-15,16.482999999999997
1323,2026-08-16,13.896999999999997
1324,2026-08-17,16.668999999999993
1325,2026-08-18,14.470999999999995
1326,2026-08-19,17.452000000000012
1327,2026-08-20,16.421
1328,2026-08-21,17.553000000000008
1329,2026-08-22,16.105999999999995
1330,2026-08-23,14.114000000000008
1331,2026-08-24,16.242000000000004
1332,2026-08-25,14.186999999999996
1333,2026-08-26,17.195000000000007
1334,2026-08-27,16.697000000000003
1335,2026-08-28,17.864000000000004
1336,2026-08-29,16.384999999999998
1337,2026-08-30,13.996999999999996
1338,2026-08-31,16.668999999999997
1339,2026-09-01,14.347999999999995
1340,2026-09-02,17.141
1341,2026-09-03,16.477
1342,2026-09-04,17.643000000000008
1343,2026-09-05,16.612
1344,2026-09-06,14.099999999999996
1345,2026-09-07,16.241000000000003
1346,2026-09-08,14.299999999999997
1347,2026-09-09,16.873
1348,2026-09-10,16.818999999999996
1349,2026-09-11,17.71900000000001
1350,2026-09-12,15.809
1351,2026-09-13,13.941999999999997
1352,2026-09-14,16.48099999999999
1353,2026-09-15,14.294999999999998
1354,2026-09-16,16.835000000000004
1355,2026-09-17,16.476000000000006
1356,2026-09-18,17.631000000000004
1357,2026-09-19,16.447999999999997
1358,2026-09-20,14.100000000000007
1359,2026-09-21,16.439999999999994
1360,2026-09-22,14.34
1361,2026-09-23,16.93500000000001
1362,2026-09-24,16.783
1363,2026-09-25,17.830000000000013
1364,2026-09-26,16.564999999999998
1365,2026-09-27,13.883999999999991
1366,2026-09-28,16.461999999999993
1367,2026-09-29,14.537999999999995
1368,2026-09-30,17.199000000000016
1369,2026-10-01,16.465
1370,2026-10-02,17.363000000000003
1371,2026-10-03,15.398999999999996
1372,2026-10-04,13.707000000000004
1373,2026-10-05,16.235999999999994
1374,2026-10-06,13.975999999999997
1375,2026-10-07,16.996000000000002
1376,2026-10-08,16.387999999999998
1377,2026-10-09,17.81200000000001
1378,2026-10-10,16.12700000000001
1379,2026-10-11,14.364000000000003
1380,2026-10-12,16.647999999999993
1381,2026-10-13,14.121999999999998
1382,2026-10-14,16.544000000000004
1383,2026-10-15,16.448
1384,2026-10-16,17.323000000000008
1385,2026-10-17,16.732999999999993
1386,2026-10-18,14.659999999999998
1387,2026-10-19,16.333
1388,2026-10-20,14.327999999999998
1389,2026-10-21,16.502
1390,2026-10-22,16.275
1391,2026-10-23,17.37
1392,2026-10-24,15.802000000000005
1393,2026-10-25,14.429000000000004
1394,2026-10-26,16.776999999999994
1395,2026-10-27,14.280000000000003
1396,2026-10-28,16.528999999999993
1397,2026-10-29,16.501000000000005
1398,2026-10-30,17.57500000000001
1399,2026-10-31,16.576
1400,2026-11-01,14.260000000000002
1401,2026-11-02,16.316999999999997
1402,2026-11-03,14.357000000000001
1403,2026-11-04,16.861
1404,2026-11-05,16.83
1405,2026-11-06,17.835000000000008
1406,2026-11-07,15.797
1407,2026-11-08,14.037999999999995
1408,2026-11-09,16.415999999999993
1409,2026-11-10,14.216999999999995
1410,2026-11-11,16.423000000000012
1411,2026-11-12,16.414000000000005
1412,2026-11-13,17.218000000000004
1413,2026-11-14,16.48899999999999
1414,2026-11-15,14.286999999999988
1415,2026-11-16,16.602999999999994
1416,2026-11-17,14.318000000000001
1417,2026-11-18,16.436
1418,2026-11-19,16.471999999999998
1419,2026-11-20,17.125000000000007
1420,2026-11-21,16.086999999999996
1421,2026-11-22,14.738999999999994
1422,2026-11-23,16.702999999999996
1423,2026-11-24,14.714000000000004
1424,2026-11-25,16.63
1425,2026-11-26,16.296
1426,2026-11-27,17.038
1427,2026-11-28,16.099999999999994
1428,2026-11-29,14.745
1429,2026-11-30,16.82399999999999
1430,2026-12-01,14.771
1431,2026-12-02,17.278000000000002
1432,2026-12-03,16.677000000000007
1433,2026-12-04,17.00400000000001
1434,2026-12-05,15.993999999999993
1435,2026-12-06,14.607999999999999
1436,2026-12-07,17.147999999999996
1437,2026-12-08,14.532000000000004
1438,2026-12-09,17.812
1439,2026-12-10,16.575000000000003
1440,2026-12-11,17.06500000000001
1441,2026-12-12,16.166999999999998
1442,2026-12-13,14.456
1443,2026-12-14,16.775
1444,2026-12-15,14.457999999999997
1445,2026-12-16,18.096000000000014
1446,2026-12-17,16.576000000000004
1447,2026-12-18,17.217000000000006
1448,2026-12-19,15.959999999999994
1449,2026-12-20,14.462999999999997
1450,2026-12-21,16.840999999999998
1451,2026-12-22,14.319999999999999
1452,2026-12-23,17.94200000000001
1453,2026-12-24,16.488000000000003
1454,2026-12-25,17.457000000000004
1455,2026-12-26,16.475
1456,2026-12-27,14.239
1457,2026-12-28,16.433999999999997
1458,2026-12-29,14.365999999999994
1459,2026-12-30,18.306000000000004
1460,2026-12-31,16.64899999999999
1461,2027-01-01,18.08600000000001
1462,2027-01-02,16.176
1463,2027-01-03,14.048999999999994
1464,2027-01-04,16.417999999999996
1465,2027-01-05,14.290999999999997
1466,2027-01-06,17.988
1467,2027-01-07,16.402000000000015
1468,2027-01-08,17.759
1469,2027-01-09,16.139
1470,2027-01-10,14.191999999999998
1471,2027-01-11,16.488
1472,2027-01-12,14.249999999999991
1473,2027-01-13,17.989000000000008
1474,2027-01-14,16.794000000000004
1475,2027-01-15,17.718000000000004
1476,2027-01-16,16.358999999999995
1477,2027-01-17,14.239999999999993
1478,2027-01-18,16.427999999999994
1479,2027-01-19,14.402999999999993
1480,2027-01-20,18.142
1481,2027-01-21,16.385
1482,2027-01-22,18.062
1483,2027-01-23,16.386999999999997
1484,2027-01-24,13.989999999999995
1485,2027-01-25,16.016
1486,2027-01-26,14.187999999999995
1487,2027-01-27,18.058000000000003
1488,2027-01-28,16.637
1489,2027-01-29,17.806000000000004
1490,2027-01-30,16.435999999999993
1491,2027-01-31,14.125000000000002
1492,2027-02-01,16.915999999999993
1493,2027-02-02,14.55499999999999
1494,2027-02-03,18.316000000000003
1495,2027-02-04,16.521
1496,2027-02-05,17.232
1497,2027-02-06,16.395999999999997
1498,2027-02-07,14.294999999999995
1499,2027-02-08,16.348999999999997
1500,2027-02-09,14.210999999999995
1501,2027-02-10,17.805999999999997
1502,2027-02-11,16.795
1503,2027-02-12,17.466000000000005
1504,2027-02-13,16.176999999999996
1505,2027-02-14,14.394999999999996
1506,2027-02-15,17.364999999999995
1507,2027-02-16,14.761999999999995
1508,2027-02-17,18.367000000000015
1509,2027-02-18,16.268
1510,2027-02-19,17.838999999999995
1511,2027-02-20,16.182999999999996
1512,2027-02-21,14.193000000000001
1513,2027-02-22,17.182000000000006
1514,2027-02-23,14.76
1515,2027-02-24,18.419
1516,2027-02-25,16.408999999999995
1517,2027-02-26,17.377999999999997
1518,2027-02-27,16.401
1519,2027-02-28,14.196000000000002
1520,2027-03-01,17.028000000000006
1521,2027-03-02,14.687999999999997
1522,2027-03-03,18.433000000000003
1523,2027-03-04,16.54399999999999
1524,2027-03-05,17.58900000000001
1525,2027-03-06,16.269999999999996
1526,2027-03-07,14.284999999999998
1527,2027-03-08,16.682000000000002
1528,2027-03-09,14.703999999999999
1529,2027-03-10,18.465000000000003
1530,2027-03-11,16.834
1531,2027-03-12,17.867000000000004
1532,2027-03-13,16.464
1533,2027-03-14,14.118
1534,2027-03-15,16.608999999999995
1535,2027-03-16,14.733999999999996
1536,2027-03-17,18.624
1537,2027-03-18,16.320999999999998
1538,2027-03-19,17.48
1539,2027-03-20,16.139999999999993
1540,2027-03-21,14.466000000000001
1541,2027-03-22,16.957999999999995
1542,2027-03-23,14.714999999999993
1543,2027-03-24,18.401
1544,2027-03-25,16.671999999999997
1545,2027-03-26,17.61900000000001
1546,2027-03-27,16.056999999999995
1547,2027-03-28,14.258000000000003
1548,2027-03-29,16.931
1549,2027-03-30,14.718
1550,2027-03-31,18.467000000000002
1551,2027-04-01,16.546000000000003
1552,2027-04-02,17.821000000000005
1553,2027-04-03,16.417999999999996
1554,2027-04-04,14.223000000000003
1555,2027-04-05,16.829
1556,2027-04-06,14.804999999999998
1557,2027-04-07,18.549
1558,2027-04-08,16.687999999999995
1559,2027-04-09,17.568
1560,2027-04-10,16.423
1561,2027-04-11,14.341
1562,2027-04-12,16.811999999999998
1563,2027-04-13,14.669000000000004
1564,2027-04-14,18.530000000000005
1565,2027-04-15,16.450000000000003
1566,2027-04-16,17.814
1567,2027-04-17,16.217999999999996
1568,2027-04-18,14.360000000000003
1569,2027-04-19,16.991999999999997
1570,2027-04-20,14.841999999999995
1571,2027-04-21,18.574
1572,2027-04-22,16.754000000000005
1573,2027-04-23,17.712000000000003
1574,2027-04-24,16.078999999999997
1575,2027-04-25,14.264000000000003
1576,2027-04-26,16.817
1577,2027-04-27,14.701000000000006
1578,2027-04-28,18.354999999999997
1579,2027-04-29,16.401000000000003
1580,2027-04-30,17.825000000000003
1581,2027-05-01,16.392999999999994
1582,2027-05-02,14.207
1583,2027-05-03,16.776
1584,2027-05-04,14.732999999999997
1585,2027-05-05,18.44
1586,2027-05-06,16.676999999999992
1587,2027-05-07,17.561000000000003
1588,2027-05-08,16.374999999999996
1589,2027-05-09,14.342999999999996
1590,2027-05-10,16.822999999999993
1591,2027-05-11,14.763
1592,2027-05-12,18.514000000000003
1593,2027-05-13,16.459000000000003
1594,2027-05-14,17.811
1595,2027-05-15,16.313
1596,2027-05-16,14.277000000000003
1597,2027-05-17,16.421
1598,2027-05-18,14.402999999999995
1599,2027-05-19,18.491
1600,2027-05-20,16.717999999999996
1601,2027-05-21,17.609
1602,2027-05-22,16.468999999999998
1603,2027-05-23,14.217999999999996
1604,2027-05-24,16.407000000000004
1605,2027-05-25,14.216999999999995
1606,2027-05-26,18.184
1607,2027-05-27,16.599000000000004
1608,2027-05-28,17.945000000000004
1609,2027-05-29,16.235
1610,2027-05-30,14.218999999999994
1611,2027-05-31,16.671999999999997
1612,2027-06-01,14.283999999999997
1613,2027-06-02,17.855000000000008
1614,2027-06-03,16.49900000000001
1615,2027-06-04,17.999000000000006
1616,2027-06-05,16.197
1617,2027-06-06,14.169999999999995
1618,2027-06-07,16.241
1619,2027-06-08,14.353999999999996
1620,2027-06-09,17.644000000000002
1621,2027-06-10,16.82400000000001
1622,2027-06-11,18.092000000000006
1623,2027-06-12,16.102
1624,2027-06-13,14.079999999999995
1625,2027-06-14,16.451999999999998
1626,2027-06-15,14.401999999999996
1627,2027-06-16,17.343000000000004
1628,2027-06-17,16.322000000000006
1629,2027-06-18,17.86100000000001
1630,2027-06-19,16.141
1631,2027-06-20,14.098999999999995
1632,2027-06-21,16.427999999999997
1633,2027-06-22,14.115999999999994
1634,2027-06-23,16.901000000000007
1635,2027-06-24,16.85200000000001
1636,2027-06-25,17.868000000000013
1637,2027-06-26,16.635999999999996
1638,2027-06-27,13.79599999999999
1639,2027-06-28,16.482
1640,2027-06-29,14.413999999999994
1641,2027-06-30,17.212000000000014
1642,2027-07-01,16.456000000000003
1643,2027-07-02,17.695000000000007
1644,2027-07-03,15.29
1645,2027-07-04,13.849000000000006
1646,2027-07-05,16.389999999999997
1647,2027-07-06,14.005999999999998
1648,2027-07-07,16.938
1649,2027-07-08,16.681
1650,2027-07-09,17.790000000000006
1651,2027-07-10,15.34700000000001
1652,2027-07-11,13.863000000000005
1653,2027-07-12,16.155999999999995
1654,2027-07-13,14.385999999999997
1655,2027-07-14,17.01900000000001
1656,2027-07-15,16.503000000000007
1657,2027-07-16,17.378000000000004
1658,2027-07-17,15.360000000000012
1659,2027-07-18,13.699000000000003
1660,2027-07-19,15.97
1661,2027-07-20,13.915999999999997
1662,2027-07-21,16.94000000000001
1663,2027-07-22,16.586
1664,2027-07-23,17.865000000000013
1665,2027-07-24,15.83200000000001
1666,2027-07-25,14.392000000000005
1667,2027-07-26,16.719999999999988
1668,2027-07-27,13.997000000000005
1669,2027-07-28,16.472
1670,2027-07-29,16.282000000000004
1671,2027-07-30,17.748000000000005
1672,2027-07-31,16.781999999999993
1673,2027-08-01,14.415999999999999
1674,2027-08-02,16.035000000000004
1675,2027-08-03,14.191999999999998
1676,2027-08-04,16.225000000000005
1677,2027-08-05,16.507
1678,2027-08-06,17.08600000000001
1679,2027-08-07,15.874999999999998
1680,2027-08-08,14.587999999999997
1681,2027-08-09,16.854999999999993
1682,2027-08-10,14.594000000000003
1683,2027-08-11,16.424999999999997
1684,2027-08-12,16.342
1685,2027-08-13,16.821000000000005
1686,2027-08-14,16.485999999999994
1687,2027-08-15,14.616
1688,2027-08-16,16.869
1689,2027-08-17,14.605000000000002
1690,2027-08-18,16.849000000000004
1691,2027-08-19,16.436000000000007
1692,2027-08-20,17.180999999999997
1693,2027-08-21,16.127999999999997
1694,2027-08-22,14.658999999999994
1695,2027-08-23,16.769999999999996
1696,2027-08-24,14.532
1697,2027-08-25,17.352000000000004
1698,2027-08-26,16.409000000000002
1699,2027-08-27,17.629
1700,2027-08-28,16.018999999999995
1701,2027-08-29,14.558
1702,2027-08-30,16.717
1703,2027-08-31,14.316999999999997
1704,2027-09-01,17.069999999999997
1705,2027-09-02,16.593000000000004
1706,2027-09-03,17.709000000000003
1707,2027-09-04,16.676
1708,2027-09-05,14.349000000000006
1709,2027-09-06,16.282000000000004
1710,2027-09-07,14.327999999999998
1711,2027-09-08,16.892999999999997
1712,2027-09-09,16.653000000000006
1713,2027-09-10,17.634000000000004
1714,2027-09-11,15.629000000000003
1715,2027-09-12,14.099000000000004
1716,2027-09-13,16.35599999999999
1717,2027-09-14,14.113999999999999
1718,2027-09-15,16.755000000000006
1719,2027-09-16,16.63100000000001
1720,2027-09-17,17.69900000000001
1721,2027-09-18,16.368
1722,2027-09-19,14.10599999999999
1723,2027-09-20,16.69
1724,2027-09-21,14.222999999999997
1725,2027-09-22,16.768000000000008
1726,2027-09-23,16.716000000000005
1727,2027-09-24,17.931000000000008
1728,2027-09-25,16.481999999999996
1729,2027-09-26,13.82099999999999
1730,2027-09-27,16.038999999999998
1731,2027-09-28,14.471000000000002
1732,2027-09-29,17.339000000000013
1733,2027-09-30,16.512
1734,2027-10-01,17.81700000000001
1735,2027-10-02,16.037999999999997
1736,2027-10-03,14.282000000000005
1737,2027-10-04,16.479999999999993
1738,2027-10-05,14.108999999999996
1739,2027-10-06,17.052
1740,2027-10-07,16.697000000000006
1741,2027-10-08,17.668000000000006
1742,2027-10-09,16.85699999999999
1743,2027-10-10,14.581999999999999
1744,2027-10-11,16.834000000000003
1745,2027-10-12,14.431999999999993
1746,2027-10-13,17.499000000000002
1747,2027-10-14,16.537
1748,2027-10-15,17.75
1749,2027-10-16,15.536000000000003
1750,2027-10-17,14.483000000000002
1751,2027-10-18,16.935
1752,2027-10-19,14.294999999999995
1753,2027-10-20,17.184999999999995
1754,2027-10-21,16.709
1755,2027-10-22,17.59600000000001
1756,2027-10-23,16.27000000000001
1757,2027-10-24,14.224
1758,2027-10-25,16.571000000000005
1759,2027-10-26,14.269999999999998
1760,2027-10-27,17.44
1761,2027-10-28,16.594000000000005
1762,2027-10-29,17.964000000000002
1763,2027-10-30,16.479
1764,2027-10-31,13.963999999999999
1765,2027-11-01,16.131
1766,2027-11-02,14.451999999999996
1767,2027-11-03,17.532000000000007
1768,2027-11-04,16.419
1769,2027-11-05,17.727000000000007
1770,2027-11-06,16.3
1771,2027-11-07,14.207999999999995
1772,2027-11-08,16.395999999999994
1773,2027-11-09,14.149999999999995
1774,2027-11-10,17.352000000000004
1775,2027-11-11,16.661000000000005
1776,2027-11-12,17.933000000000003
1777,2027-11-13,16.624999999999996
1778,2027-11-14,14.178999999999998
1779,2027-11-15,16.566
1780,2027-11-16,14.402999999999993
1781,2027-11-17,17.801000000000005
1782,2027-11-18,16.463
1783,2027-11-19,17.776
1784,2027-11-20,15.241000000000001
1785,2027-11-21,14.409
1786,2027-11-22,16.555999999999994
1787,2027-11-23,14.120999999999997
1788,2027-11-24,17.624000000000006
1789,2027-11-25,16.75500000000001
1790,2027-11-26,17.476000000000003
1791,2027-11-27,15.729000000000006
1792,2027-11-28,14.310000000000002
1793,2027-11-29,16.340999999999998
1794,2027-11-30,14.33599999999999
1795,2027-12-01,17.200000000000003
1796,2027-12-02,16.44300000000001
1797,2027-12-03,17.59200000000001
1798,2027-12-04,16.252999999999997
1799,2027-12-05,14.362
1800,2027-12-06,16.890999999999995
1801,2027-12-07,14.486999999999998
1802,2027-12-08,17.761999999999997
1803,2027-12-09,16.641
1804,2027-12-10,17.862000000000005
1805,2027-12-11,16.123999999999995
1806,2027-12-12,14.414999999999997
1807,2027-12-13,16.559
1808,2027-12-14,14.285999999999996
1809,2027-12-15,17.615000000000006
1810,2027-12-16,16.496000000000006
1811,2027-12-17,17.993000000000006
1812,2027-12-18,16.133
1813,2027-12-19,14.266999999999996
1814,2027-12-20,16.077
1815,2027-12-21,14.360999999999997
1816,2027-12-22,17.163000000000004
1817,2027-12-23,16.764
1818,2027-12-24,18.14200000000001
1819,2027-12-25,16.228
1820,2027-12-26,13.83
1821,2027-12-27,16.693999999999996
1822,2027-12-28,14.464999999999996
1823,2027-12-29,17.758000000000003
1824,2027-12-30,16.457000000000008
1825,2027-12-31,17.738000000000007
1826,2028-01-01,15.936999999999994
1827,2028-01-02,14.205000000000005
1828,2028-01-03,16.223000000000003
1829,2028-01-04,14.051999999999998
1830,2028-01-05,17.362000000000002
1831,2028-01-06,16.648000000000003
1832,2028-01-07,17.765
1833,2028-01-08,16.67899999999999
1834,2028-01-09,14.457999999999997
1835,2028-01-10,16.68999999999999
1836,2028-01-11,14.326999999999993
1837,2028-01-12,17.405999999999995
1838,2028-01-13,16.417
1839,2028-01-14,17.652
1840,2028-01-15,15.482000000000003
1841,2028-01-16,14.272
1842,2028-01-17,16.387000000000004
1843,2028-01-18,13.954999999999995
1844,2028-01-19,16.862000000000002
1845,2028-01-20,16.807000000000002
1846,2028-01-21,17.822000000000006
1847,2028-01-22,16.522000000000002
1848,2028-01-23,14.09699999999999
1849,2028-01-24,16.441999999999997
1850,2028-01-25,14.381999999999994
1851,2028-01-26,17.16700000000001
1852,2028-01-27,16.399000000000004
1853,2028-01-28,17.454000000000004
1854,2028-01-29,16.246999999999996
1855,2028-01-30,14.284999999999991
1856,2028-01-31,16.639999999999993
1857,2028-02-01,14.186999999999996
1858,2028-02-02,17.070999999999998
1859,2028-02-03,16.561
1860,2028-02-04,17.93900000000001
1861,2028-02-05,16.429999999999993
1862,2028-02-06,14.164000000000001
1863,2028-02-07,16.082
1864,2028-02-08,14.425999999999997
1865,2028-02-09,17.257000000000005
1866,2028-02-10,16.502
1867,2028-02-11,17.95000000000001
1868,2028-02-12,16.291999999999994
1869,2028-02-13,14.045
1870,2028-02-14,16.393999999999995
1871,2028-02-15,14.288999999999996
1872,2028-02-16,17.397000000000002
1873,2028-02-17,16.608000000000008
1874,2028-02-18,17.75700000000001
1875,2028-02-19,16.607
1876,2028-02-20,14.136999999999995
1877,2028-02-21,16.642999999999997
1878,2028-02-22,14.329999999999995
1879,2028-02-23,17.421000000000003
1880,2028-02-24,16.519000000000002
1881,2028-02-25,17.492000000000004
1882,2028-02-26,15.616
1883,2028-02-27,14.057999999999995
1884,2028-02-28,16.394000000000002
1885,2028-02-29,14.112999999999998
1886,2028-03-01,17.099000000000004
1887,2028-03-02,16.726000000000003
1888,2028-03-03,17.77100000000001
1889,2028-03-04,16.476999999999997
1890,2028-03-05,14.00799999999999
1891,2028-03-06,16.429999999999996
1892,2028-03-07,14.322999999999993
1893,2028-03-08,16.794000000000004
1894,2028-03-09,16.63
1895,2028-03-10,17.456000000000007
1896,2028-03-11,16.285999999999998
1897,2028-03-12,14.204999999999993
1898,2028-03-13,16.618999999999993
1899,2028-03-14,14.346000000000002
1900,2028-03-15,17.23100000000001
1901,2028-03-16,16.543000000000003
1902,2028-03-17,18.080000000000013
1903,2028-03-18,16.500999999999998
1904,2028-03-19,13.92
1905,2028-03-20,16.044999999999998
1906,2028-03-21,14.337999999999997
1907,2028-03-22,16.897000000000002
1908,2028-03-23,16.659
1909,2028-03-24,17.94200000000001
1910,2028-03-25,16.248999999999995
1911,2028-03-26,14.134000000000006
1912,2028-03-27,16.953999999999994
1913,2028-03-28,14.767999999999995
1914,2028-03-29,17.36800000000001
1915,2028-03-30,16.420000000000005
1916,2028-03-31,17.533000000000005
1917,2028-04-01,16.226
1918,2028-04-02,14.195000000000002
1919,2028-04-03,16.921000000000003
1920,2028-04-04,14.609999999999998
1921,2028-04-05,17.99900000000001
1922,2028-04-06,16.68
1923,2028-04-07,17.673000000000012
1924,2028-04-08,16.123999999999995
1925,2028-04-09,14.573999999999995
1926,2028-04-10,16.779
1927,2028-04-11,14.578999999999997
1928,2028-04-12,18.21900000000001
1929,2028-04-13,16.598000000000003
1930,2028-04-14,17.6
1931,2028-04-15,16.103999999999992
1932,2028-04-16,14.619000000000002
1933,2028-04-17,16.703
1934,2028-04-18,14.609999999999996
1935,2028-04-19,18.286000000000005
1936,2028-04-20,16.594000000000005
1937,2028-04-21,17.769000000000005
1938,2028-04-22,16.103999999999996
1939,2028-04-23,14.51
1940,2028-04-24,16.671999999999997
1941,2028-04-25,14.485999999999995
1942,2028-04-26,18.44900000000001
1943,2028-04-27,16.523000000000003
1944,2028-04-28,17.423000000000002
1945,2028-04-29,16.281999999999996
1946,2028-04-30,14.246000000000002
1947,2028-05-01,16.131
1948,2028-05-02,14.291999999999996
1949,2028-05-03,18.01
1950,2028-05-04,16.747000000000003
1951,2028-05-05,18.032000000000007
1952,2028-05-06,16.495
1953,2028-05-07,13.996999999999993
1954,2028-05-08,16.750999999999994
1955,2028-05-09,14.604999999999997
1956,2028-05-10,18.117000000000008
1957,2028-05-11,16.391000000000002
1958,2028-05-12,17.471000000000004
1959,2028-05-13,16.11
1960,2028-05-14,14.305000000000001
1961,2028-05-15,16.444999999999997
1962,2028-05-16,14.264999999999995
1963,2028-05-17,17.956000000000003
1964,2028-05-18,16.679000000000002
1965,2028-05-19,18.00400000000001
1966,2028-05-20,16.241
1967,2028-05-21,14.017999999999995
1968,2028-05-22,16.532999999999994
1969,2028-05-23,14.393999999999995
1970,2028-05-24,18.429000000000006
1971,2028-05-25,16.308000000000007
1972,2028-05-26,17.41
1973,2028-05-27,16.328
1974,2028-05-28,14.172999999999995
1975,2028-05-29,16.43
1976,2028-05-30,14.105999999999995
1977,2028-05-31,17.907999999999994
1978,2028-06-01,16.746000000000006
1979,2028-06-02,17.91600000000001
1980,2028-06-03,16.549999999999997
1981,2028-06-04,14.168999999999992
1982,2028-06-05,16.523000000000003
1983,2028-06-06,14.486999999999991
1984,2028-06-07,18.347000000000005
1985,2028-06-08,16.392000000000007
1986,2028-06-09,17.553999999999995
1987,2028-06-10,16.073999999999998
1988,2028-06-11,14.599999999999993
1989,2028-06-12,16.777999999999995
1990,2028-06-13,14.558999999999996
1991,2028-06-14,18.352000000000004
1992,2028-06-15,16.654
1993,2028-06-16,17.718000000000007
1994,2028-06-17,16.091999999999995
1995,2028-06-18,14.516999999999998
1996,2028-06-19,16.855999999999998
1997,2028-06-20,14.503
1998,2028-06-21,18.518000000000004
1999,2028-06-22,16.490000000000006
2000,2028-06-23,17.953000000000007
2001,2028-06-24,16.213999999999995
2002,2028-06-25,14.200999999999999
2003,2028-06-26,16.572000000000003
2004,2028-06-27,14.192999999999994
2005,2028-06-28,18.111
2006,2028-06-29,16.73700000000001
2007,2028-06-30,18.003
2008,2028-07-01,16.328999999999994
2009,2028-07-02,13.990999999999993
2010,2028-07-03,16.021999999999995
2011,2028-07-04,14.389
2012,2028-07-05,17.938000000000002
2013,2028-07-06,16.531000000000013
2014,2028-07-07,17.664
2015,2028-07-08,16.488999999999997
2016,2028-07-09,14.158999999999999
2017,2028-07-10,16.877999999999993
2018,2028-07-11,14.513999999999996
2019,2028-07-12,18.208000000000013
2020,2028-07-13,16.731999999999996
2021,2028-07-14,17.968000000000007
2022,2028-07-15,16.242
2023,2028-07-16,14.130999999999995
2024,2028-07-17,16.664
2025,2028-07-18,14.315999999999999
2026,2028-07-19,17.849000000000004
2027,2028-07-20,16.53900000000001
2028,2028-07-21,17.69100000000001
2029,2028-07-22,16.185999999999996
2030,2028-07-23,14.255999999999995
2031,2028-07-24,16.165
2032,2028-07-25,14.287999999999997
2033,2028-07-26,17.441000000000003
2034,2028-07-27,16.778000000000006
2035,2028-07-28,17.948
2036,2028-07-29,16.069000000000003
2037,2028-07-30,14.273
2038,2028-07-31,16.498999999999995
2039,2028-08-01,14.355999999999995
2040,2028-08-02,17.333
2041,2028-08-03,16.36800000000001
2042,2028-08-04,18.02500000000001
2043,2028-08-05,16.245
2044,2028-08-06,14.062000000000001
2045,2028-08-07,16.599999999999998
2046,2028-08-08,14.170999999999994
2047,2028-08-09,17.109
2048,2028-08-10,16.59400000000001
2049,2028-08-11,17.777000000000008
2050,2028-08-12,16.412999999999993
2051,2028-08-13,13.995999999999995
2052,2028-08-14,15.993
2053,2028-08-15,14.171
2054,2028-08-16,16.301000000000002
2055,2028-08-17,16.94100000000001
2056,2028-08-18,17.474000000000007
2057,2028-08-19,16.700999999999993
2058,2028-08-20,13.983999999999991
2059,2028-08-21,16.72399999999999
2060,2028-08-22,14.648999999999992
2061,2028-08-23,16.745
2062,2028-08-24,16.529999999999998
2063,2028-08-25,17.821000000000005
2064,2028-08-26,15.342000000000008
2065,2028-08-27,13.909
2066,2028-08-28,16.307999999999996
2067,2028-08-29,14.197000000000003
2068,2028-08-30,16.750000000000014
2069,2028-08-31,16.786000000000005
2070,2028-09-01,17.479000000000006
2071,2028-09-02,15.574000000000007
2072,2028-09-03,13.523000000000003
2073,2028-09-04,16.264999999999997
2074,2028-09-05,14.272999999999998
2075,2028-09-06,17.120000000000008
2076,2028-09-07,16.598000000000006
2077,2028-09-08,17.391000000000005
2078,2028-09-09,16.334000000000003
2079,2028-09-10,13.963000000000006
2080,2028-09-11,16.381999999999994
2081,2028-09-12,14.302999999999997
2082,2028-09-13,17.124
2083,2028-09-14,16.542
2084,2028-09-15,17.726000000000013
2085,2028-09-16,16.767
2086,2028-09-17,14.227999999999998
2087,2028-09-18,16.759
2088,2028-09-19,14.474999999999998
2089,2028-09-20,17.801000000000002
2090,2028-09-21,16.636999999999993
2091,2028-09-22,17.756000000000004
2092,2028-09-23,15.294000000000008
2093,2028-09-24,14.450000000000003
2094,2028-09-25,16.904999999999998
2095,2028-09-26,14.362999999999998
2096,2028-09-27,17.991000000000003
2097,2028-09-28,16.467000000000006
2098,2028-09-29,17.304999999999996
2099,2028-09-30,15.97700000000001
2100,2028-10-01,14.303999999999995
2101,2028-10-02,16.494
2102,2028-10-03,13.995999999999995
2103,2028-10-04,17.949000000000005
2104,2028-10-05,16.658000000000005
2105,2028-10-06,17.778000000000013
2106,2028-10-07,16.59499999999999
2107,2028-10-08,14.380999999999995
2108,2028-10-09,16.699999999999992
2109,2028-10-10,14.499999999999991
2110,2028-10-11,18.29700000000001
2111,2028-10-12,16.476999999999997
2112,2028-10-13,17.518
2113,2028-10-14,15.451999999999998
2114,2028-10-15,14.441
2115,2028-10-16,16.763999999999996
2116,2028-10-17,14.313999999999997
2117,2028-10-18,17.956000000000003
2118,2028-10-19,16.67
2119,2028-10-20,17.64500000000001
2120,2028-10-21,16.434000000000005
2121,2028-10-22,14.233999999999998
2122,2028-10-23,16.436
2123,2028-10-24,14.313999999999995
2124,2028-10-25,17.959000000000007
2125,2028-10-26,16.60000000000001
2126,2028-10-27,17.984000000000005
2127,2028-10-28,16.361
2128,2028-10-29,14.118999999999994
2129,2028-10-30,16.497
2130,2028-10-31,14.413999999999996
2131,2028-11-01,18.395000000000003
2132,2028-11-02,16.342000000000002
2133,2028-11-03,17.451
2134,2028-11-04,16.334999999999994
2135,2028-11-05,14.232999999999993
2136,2028-11-06,16.428
2137,2028-11-07,14.207999999999993
2138,2028-11-08,17.973999999999997
2139,2028-11-09,16.698000000000004
2140,2028-11-10,18.09900000000001
2141,2028-11-11,16.463999999999995
2142,2028-11-12,13.999999999999995
2143,2028-11-13,16.227999999999998
2144,2028-11-14,14.494999999999997
2145,2028-11-15,17.742000000000004
2146,2028-11-16,16.467
2147,2028-11-17,17.796000000000006
2148,2028-11-18,16.103999999999996
2149,2028-11-19,14.241
2150,2028-11-20,16.445999999999998
2151,2028-11-21,14.226999999999993
2152,2028-11-22,17.464000000000002
2153,2028-11-23,16.724000000000004
2154,2028-11-24,17.775000000000002
2155,2028-11-25,16.327999999999992
2156,2028-11-26,14.307999999999993
2157,2028-11-27,16.540999999999993
2158,2028-11-28,14.334999999999996
2159,2028-11-29,17.448999999999998
2160,2028-11-30,16.535000000000004
2161,2028-12-01,17.656000000000002
2162,2028-12-02,16.514
2163,2028-12-03,14.238999999999999
2164,2028-12-04,16.538999999999998
2165,2028-12-05,14.260999999999997
2166,2028-12-06,17.581000000000003
2167,2028-12-07,16.679000000000002
2168,2028-12-08,17.933000000000007
2169,2028-12-09,16.246999999999996
2170,2028-12-10,14.216999999999995
2171,2028-12-11,16.538999999999998
2172,2028-12-12,14.325999999999997
2173,2028-12-13,17.435
2174,2028-12-14,16.46500000000001
2175,2028-12-15,17.913000000000007
2176,2028-12-16,16.182000000000002
2177,2028-12-17,14.238999999999997
2178,2028-12-18,16.605999999999998
2179,2028-12-19,14.264999999999995
2180,2028-12-20,17.645
2181,2028-12-21,16.74000000000001
2182,2028-12-22,18.128000000000007
2183,2028-12-23,16.065
2184,2028-12-24,14.119999999999996
2185,2028-12-25,16.121000000000002
2186,2028-12-26,14.473999999999998
2187,2028-12-27,17.220000000000006
2188,2028-12-28,16.590000000000003
2189,2028-12-29,18.04400000000001
2190,2028-12-30,16.343999999999998
2191,2028-12-31,13.864999999999998
2192,2029-01-01,16.34499999999999
2193,2029-01-02,14.306
2194,2029-01-03,16.851999999999997
2195,2029-01-04,16.427000000000007
2196,2029-01-05,17.77000000000001
2197,2029-01-06,16.596000000000004
2198,2029-01-07,13.966000000000003
2199,2029-01-08,16.334999999999994
2200,2029-01-09,14.345999999999998
2201,2029-01-10,16.85900000000001
2202,2029-01-11,16.664
2203,2029-01-12,17.596000000000007
2204,2029-01-13,15.647
2205,2029-01-14,13.833999999999994
2206,2029-01-15,16.251999999999995
2207,2029-01-16,14.203999999999999
2208,2029-01-17,16.74600000000001
2209,2029-01-18,16.67300000000001
2210,2029-01-19,17.718000000000007
2211,2029-01-20,16.117
2212,2029-01-21,14.235000000000003
2213,2029-01-22,16.561999999999994
2214,2029-01-23,14.238999999999999
2215,2029-01-24,16.71900000000001
2216,2029-01-25,16.736000000000004
2217,2029-01-26,17.868000000000006
2218,2029-01-27,16.409999999999997
2219,2029-01-28,14.076999999999991
2220,2029-01-29,16.102999999999998
2221,2029-01-30,14.498
2222,2029-01-31,17.158000000000005
2223,2029-02-01,16.682000000000002
2224,2029-02-02,17.87500000000001
2225,2029-02-03,16.28599999999999
2226,2029-02-04,14.057999999999998
2227,2029-02-05,16.373999999999995
2228,2029-02-06,14.151999999999997
2229,2029-02-07,16.594
2230,2029-02-08,16.62100000000001
2231,2029-02-09,17.615000000000013
2232,2029-02-10,16.587999999999997
2233,2029-02-11,14.047999999999988
2234,2029-02-12,16.46599999999999
2235,2029-02-13,14.321000000000002
2236,2029-02-14,17.149000000000008
2237,2029-02-15,16.547000000000004
2238,2029-02-16,17.826000000000008
2239,2029-02-17,15.619000000000002
2240,2029-02-18,13.856999999999998
2241,2029-02-19,16.482999999999993
2242,2029-02-20,14.091999999999999
2243,2029-02-21,16.652000000000005
2244,2029-02-22,16.512999999999998
2245,2029-02-23,17.256000000000007
2246,2029-02-24,16.667999999999996
2247,2029-02-25,14.112000000000007
2248,2029-02-26,16.234999999999992
2249,2029-02-27,14.224999999999998
2250,2029-02-28,16.84300000000001
2251,2029-03-01,16.79
2252,2029-03-02,17.594000000000005
2253,2029-03-03,15.622000000000003
2254,2029-03-04,13.921999999999995
2255,2029-03-05,16.156999999999996
2256,2029-03-06,14.268999999999998
2257,2029-03-07,17.046000000000006
2258,2029-03-08,16.717000000000006
2259,2029-03-09,17.608000000000008
2260,2029-03-10,16.146000000000004
2261,2029-03-11,14.045000000000009
2262,2029-03-12,16.613999999999997
2263,2029-03-13,14.308999999999996
2264,2029-03-14,16.894000000000002
2265,2029-03-15,16.802000000000007
2266,2029-03-16,17.776000000000007
2267,2029-03-17,16.375000000000004
2268,2029-03-18,13.84699999999999
2269,2029-03-19,16.102999999999994
2270,2029-03-20,14.702999999999996
2271,2029-03-21,17.234000000000012
2272,2029-03-22,16.512999999999998
2273,2029-03-23,17.598000000000003
2274,2029-03-24,16.257999999999992
2275,2029-03-25,14.262000000000006
2276,2029-03-26,16.067999999999994
2277,2029-03-27,14.539999999999994
2278,2029-03-28,17.540000000000003
2279,2029-03-29,16.824
2280,2029-03-30,17.959000000000003
2281,2029-03-31,16.403999999999996
2282,2029-04-01,14.016999999999998
2283,2029-04-02,16.298
2284,2029-04-03,14.376
2285,2029-04-04,17.450000000000003
2286,2029-04-05,16.433000000000007
2287,2029-04-06,17.808000000000007
2288,2029-04-07,16.369
2289,2029-04-08,14.004999999999994
2290,2029-04-09,16.233999999999998
2291,2029-04-10,14.109999999999998
2292,2029-04-11,17.008000000000006
2293,2029-04-12,16.603
2294,2029-04-13,17.60300000000001
2295,2029-04-14,16.661999999999995
2296,2029-04-15,14.078999999999999
2297,2029-04-16,16.693999999999996
2298,2029-04-17,14.260999999999992
2299,2029-04-18,16.972
2300,2029-04-19,16.59
2301,2029-04-20,17.84400000000001
2302,2029-04-21,15.552000000000007
2303,2029-04-22,13.768999999999997
2304,2029-04-23,16.155
2305,2029-04-24,14.128000000000002
2306,2029-04-25,16.432000000000006
2307,2029-04-26,16.344000000000005
2308,2029-04-27,17.204000000000004
2309,2029-04-28,16.532000000000004
2310,2029-04-29,14.236000000000006
2311,2029-04-30,16.656999999999993
2312,2029-05-01,14.211999999999998
2313,2029-05-02,16.237
2314,2029-05-03,16.434000000000005
2315,2029-05-04,17.093000000000007
2316,2029-05-05,16.260999999999996
2317,2029-05-06,14.544999999999991
2318,2029-05-07,16.434
2319,2029-05-08,14.409000000000002
2320,2029-05-09,16.476999999999986
2321,2029-05-10,16.456000000000003
2322,2029-05-11,17.032000000000004
2323,2029-05-12,16.592
2324,2029-05-13,14.360999999999999
2325,2029-05-14,16.773999999999994
2326,2029-05-15,14.424000000000005
2327,2029-05-16,17.398000000000007
2328,2029-05-17,16.455999999999996
2329,2029-05-18,17.264000000000006
2330,2029-05-19,15.487999999999998
2331,2029-05-20,14.464
2332,2029-05-21,16.861999999999995
2333,2029-05-22,14.153999999999996
2334,2029-05-23,17.038000000000007
2335,2029-05-24,16.603999999999996
2336,2029-05-25,17.738000000000014
2337,2029-05-26,16.490000000000006
2338,2029-05-27,14.166000000000004
2339,2029-05-28,16.558000000000003
2340,2029-05-29,14.263999999999996
2341,2029-05-30,16.957000000000004
2342,2029-05-31,16.606000000000005
2343,2029-06-01,17.924000000000007
2344,2029-06-02,16.24
2345,2029-06-03,14.147999999999998
2346,2029-06-04,16.214000000000002
2347,2029-06-05,14.376999999999999
2348,2029-06-06,16.988000000000007
2349,2029-06-07,16.64200000000001
2350,2029-06-08,17.90200000000001
2351,2029-06-09,16.345000000000002
2352,2029-06-10,13.974999999999998
2353,2029-06-11,16.439999999999998
2354,2029-06-12,14.258999999999997
2355,2029-06-13,16.715000000000003
2356,2029-06-14,16.533000000000012
2357,2029-06-15,17.55500000000001
2358,2029-06-16,16.664
2359,2029-06-17,14.130999999999993
2360,2029-06-18,16.548999999999992
2361,2029-06-19,14.465
2362,2029-06-20,17.288000000000007
2363,2029-06-21,16.645999999999997
2364,2029-06-22,17.865000000000006
2365,2029-06-23,15.553000000000004
2366,2029-06-24,13.956
2367,2029-06-25,16.262999999999995
2368,2029-06-26,13.961999999999998
2369,2029-06-27,16.821
2370,2029-06-28,16.30400000000001
2371,2029-06-29,17.705000000000005
2372,2029-06-30,16.169000000000004
2373,2029-07-01,14.116999999999996
2374,2029-07-02,16.689999999999994
2375,2029-07-03,14.180999999999997
2376,2029-07-04,16.763000000000012
2377,2029-07-05,16.650000000000006
2378,2029-07-06,17.792000000000005
2379,2029-07-07,16.424999999999994
2380,2029-07-08,14.002999999999993
2381,2029-07-09,15.904999999999998
2382,2029-07-10,14.174000000000001
2383,2029-07-11,16.594000000000012
2384,2029-07-12,16.73600000000001
2385,2029-07-13,17.347000000000012
2386,2029-07-14,16.551999999999992
2387,2029-07-15,14.091999999999995
2388,2029-07-16,16.792999999999992
2389,2029-07-17,14.468
2390,2029-07-18,17.695000000000007
2391,2029-07-19,16.607999999999997
2392,2029-07-20,17.574000000000012
2393,2029-07-21,15.343999999999996
2394,2029-07-22,14.207
2395,2029-07-23,16.722
2396,2029-07-24,14.147999999999998
2397,2029-07-25,17.674000000000003
2398,2029-07-26,16.698000000000008
2399,2029-07-27,17.742000000000008
2400,2029-07-28,15.629000000000005
2401,2029-07-29,14.198999999999996
2402,2029-07-30,16.522000000000002
2403,2029-07-31,14.328999999999992
2404,2029-08-01,17.475
2405,2029-08-02,16.53600000000001
2406,2029-08-03,17.665000000000006
2407,2029-08-04,16.314
2408,2029-08-05,14.309999999999995
2409,2029-08-06,16.424999999999997
2410,2029-08-07,14.264999999999995
2411,2029-08-08,17.447
2412,2029-08-09,16.663
2413,2029-08-10,17.723000000000003
2414,2029-08-11,16.453
2415,2029-08-12,14.241999999999997
2416,2029-08-13,16.733999999999998
2417,2029-08-14,14.332999999999997
2418,2029-08-15,17.636999999999997
2419,2029-08-16,16.588
2420,2029-08-17,17.910000000000004
2421,2029-08-18,16.105999999999998
2422,2029-08-19,14.297999999999995
2423,2029-08-20,16.211000000000002
2424,2029-08-21,14.341999999999995
2425,2029-08-22,17.099
2426,2029-08-23,16.647000000000006
2427,2029-08-24,18.17200000000001
2428,2029-08-25,16.538
2429,2029-08-26,14.024000000000003
2430,2029-08-27,16.635999999999996
2431,2029-08-28,14.387999999999998
2432,2029-08-29,17.325000000000003
2433,2029-08-30,16.227000000000004
2434,2029-08-31,17.521000000000004
2435,2029-09-01,16.109999999999996
2436,2029-09-02,14.280999999999995
2437,2029-09-03,16.073
2438,2029-09-04,14.174999999999995
2439,2029-09-05,17.10000000000001
2440,2029-09-06,16.621
2441,2029-09-07,18.029000000000007
2442,2029-09-08,16.58199999999999
2443,2029-09-09,13.975000000000001
2444,2029-09-10,16.67899999999999
2445,2029-09-11,14.344999999999995
2446,2029-09-12,16.994000000000003
2447,2029-09-13,16.374000000000006
2448,2029-09-14,17.62600000000001
2449,2029-09-15,15.507999999999997
2450,2029-09-16,13.980999999999996
2451,2029-09-17,16.3
2452,2029-09-18,14.061999999999998
2453,2029-09-19,16.674000000000007
2454,2029-09-20,16.604
2455,2029-09-21,17.823000000000008
2456,2029-09-22,16.183000000000003
2457,2029-09-23,13.939999999999992
2458,2029-09-24,16.600999999999996
2459,2029-09-25,14.161999999999994
2460,2029-09-26,16.56800000000001
2461,2029-09-27,16.65600000000001
2462,2029-09-28,17.17700000000001
2463,2029-09-29,16.317999999999994
2464,2029-09-30,14.081000000000008
2465,2029-10-01,16.079999999999995
2466,2029-10-02,14.425999999999998
2467,2029-10-03,17.321000000000012
2468,2029-10-04,16.712000000000003
2469,2029-10-05,17.329
2470,2029-10-06,16.372999999999998
2471,2029-10-07,14.152999999999995
2472,2029-10-08,16.629999999999992
2473,2029-10-09,14.119999999999997
2474,2029-10-10,17.278000000000006
2475,2029-10-11,16.619
2476,2029-10-12,17.71600000000001
2477,2029-10-13,16.436999999999994
2478,2029-10-14,14.330999999999996
2479,2029-10-15,16.057
2480,2029-10-16,14.319999999999995
2481,2029-10-17,17.243
2482,2029-10-18,16.661000000000005
2483,2029-10-19,17.839000000000006
2484,2029-10-20,16.290999999999993
2485,2029-10-21,14.172000000000002
2486,2029-10-22,16.68199999999999
2487,2029-10-23,14.339999999999996
2488,2029-10-24,17.346
2489,2029-10-25,16.523000000000003
2490,2029-10-26,17.443000000000005
2491,2029-10-27,16.576999999999998
2492,2029-10-28,14.213999999999997
2493,2029-10-29,16.247
2494,2029-10-30,14.288999999999996
2495,2029-10-31,17.455000000000005
2496,2029-11-01,16.690999999999995
2497,2029-11-02,18.041000000000007
2498,2029-11-03,15.648
2499,2029-11-04,14.2
2500,2029-11-05,16.161999999999995
2501,2029-11-06,14.140999999999996
2502,2029-11-07,16.848000000000003
2503,2029-11-08,16.48100000000001
2504,2029-11-09,17.75700000000001
2505,2029-11-10,16.424
2506,2029-11-11,14.381999999999996
2507,2029-11-12,16.90199999999999
2508,2029-11-13,14.274
2509,2029-11-14,16.847
2510,2029-11-15,16.448999999999995
2511,2029-11-16,17.574000000000005
2512,2029-11-17,16.345000000000002
2513,2029-11-18,14.259999999999998
2514,2029-11-19,16.240000000000002
2515,2029-11-20,14.252
2516,2029-11-21,16.873000000000005
2517,2029-11-22,16.724
2518,2029-11-23,17.93700000000001
2519,2029-11-24,16.531000000000006
2520,2029-11-25,13.959999999999997
2521,2029-11-26,16.600999999999996
2522,2029-11-27,14.400999999999996
2523,2029-11-28,17.381000000000014
2524,2029-11-29,16.424
2525,2029-11-30,17.659000000000006
2526,2029-12-01,16.090999999999998
2527,2029-12-02,14.180999999999994
2528,2029-12-03,16.048000000000002
2529,2029-12-04,13.995999999999997
2530,2029-12-05,17.152000000000005
2531,2029-12-06,16.603
2532,2029-12-07,18.072000000000006
2533,2029-12-08,16.650999999999996
2534,2029-12-09,14.070000000000002
2535,2029-12-10,16.624999999999993
2536,2029-12-11,14.366999999999996
2537,2029-12-12,17.509
2538,2029-12-13,16.375000000000004
2539,2029-12-14,17.557000000000002
2540,2029-12-15,15.381000000000006
2541,2029-12-16,14.172999999999995
2542,2029-12-17,16.207
2543,2029-12-18,13.995999999999997
2544,2029-12-19,17.016
2545,2029-12-20,16.833000000000002
2546,2029-12-21,17.876000000000005
2547,2029-12-22,16.529000000000003
2548,2029-12-23,14.170999999999998
2549,2029-12-24,16.640999999999995
2550,2029-12-25,14.370999999999995
2551,2029-12-26,17.247000000000003
2552,2029-12-27,16.437
2553,2029-12-28,17.905000000000005
2554,2029-12-29,16.105999999999998
2555,2029-12-30,14.233999999999996
2556,2029-12-31,16.005
2557,2030-01-01,14.081999999999995
2558,2030-01-02,16.888000000000005
2559,2030-01-03,16.659000000000002
2560,2030-01-04,18.094000000000015
2561,2030-01-05,16.774999999999995
2562,2030-01-06,14.088999999999999
2563,2030-01-07,16.65999999999999
2564,2030-01-08,14.344999999999997
2565,2030-01-09,17.104000000000006
2566,2030-01-10,16.441999999999997
2567,2030-01-11,17.549000000000003
2568,2030-01-12,15.520000000000003
2569,2030-01-13,14.188999999999995
2570,2030-01-14,16.302000000000003
2571,2030-01-15,14.021999999999997
2572,2030-01-16,16.779000000000003
2573,2030-01-17,16.595
2574,2030-01-18,18.150000000000006
2575,2030-01-19,16.307000000000006
2576,2030-01-20,13.938999999999991
2577,2030-01-21,16.288999999999998
2578,2030-01-22,14.335999999999999
2579,2030-01-23,17.00700000000001
2580,2030-01-24,16.363000000000007
2581,2030-01-25,17.95900000000001
2582,2030-01-26,16.589000000000002
2583,2030-01-27,14.075000000000005
2584,2030-01-28,16.452999999999996
2585,2030-01-29,14.308999999999996
2586,2030-01-30,16.732
2587,2030-01-31,16.524000000000004
2588,2030-02-01,17.548000000000005
2589,2030-02-02,15.527999999999999
2590,2030-02-03,14.243999999999994
2591,2030-02-04,16.374999999999993
2592,2030-02-05,14.118000000000002
2593,2030-02-06,16.897000000000013
2594,2030-02-07,16.839000000000002
2595,2030-02-08,17.990000000000006
2596,2030-02-09,16.585
2597,2030-02-10,13.996999999999991
2598,2030-02-11,16.423999999999996
2599,2030-02-12,14.408999999999992
2600,2030-02-13,17.190000000000012
2601,2030-02-14,16.362000000000002
2602,2030-02-15,17.65600000000001
2603,2030-02-16,15.54
2604,2030-02-17,14.068999999999996
2605,2030-02-18,16.349999999999998
2606,2030-02-19,13.859999999999998
2607,2030-02-20,16.861
2608,2030-02-21,16.649000000000004
2609,2030-02-22,17.83900000000001
2610,2030-02-23,15.976000000000006
2611,2030-02-24,13.943999999999994
2612,2030-02-25,16.228999999999996
2613,2030-02-26,13.999000000000002
2614,2030-02-27,16.597000000000005
2615,2030-02-28,16.308000000000007
2616,2030-03-01,17.22500000000001
2617,2030-03-02,16.735999999999994
2618,2030-03-03,14.05700000000001
2619,2030-03-04,16.44599999999999
2620,2030-03-05,14.224999999999996
2621,2030-03-06,16.731000000000005
2622,2030-03-07,16.61200000000001
2623,2030-03-08,17.455000000000005
2624,2030-03-09,15.572000000000005
2625,2030-03-10,13.982999999999993
2626,2030-03-11,16.122999999999994
2627,2030-03-12,14.294
2628,2030-03-13,17.242000000000004
2629,2030-03-14,16.490000000000006
2630,2030-03-15,17.85100000000001
2631,2030-03-16,16.008000000000003
2632,2030-03-17,14.174000000000001
2633,2030-03-18,16.426999999999996
2634,2030-03-19,14.173999999999996
2635,2030-03-20,16.904
2636,2030-03-21,16.797000000000004
2637,2030-03-22,17.995000000000015
2638,2030-03-23,16.653
2639,2030-03-24,14.020999999999992
2640,2030-03-25,16.359999999999996
2641,2030-03-26,14.537999999999995
2642,2030-03-27,17.254000000000016
2643,2030-03-28,16.425
2644,2030-03-29,17.614000000000008
2645,2030-03-30,15.455000000000002
2646,2030-03-31,14.057999999999998
2647,2030-04-01,16.115
2648,2030-04-02,14.050999999999998
2649,2030-04-03,17.027000000000008
2650,2030-04-04,16.633000000000003
2651,2030-04-05,17.781000000000006
2652,2030-04-06,16.254000000000005
2653,2030-04-07,14.027999999999997
2654,2030-04-08,16.654999999999994
2655,2030-04-09,14.182999999999993
2656,2030-04-10,16.487000000000005
2657,2030-04-11,16.68500000000001
2658,2030-04-12,17.15700000000001
2659,2030-04-13,16.616
2660,2030-04-14,14.14599999999999
2661,2030-04-15,16.241999999999994
2662,2030-04-16,14.35
2663,2030-04-17,17.347
2664,2030-04-18,16.67
2665,2030-04-19,17.355999999999998
2666,2030-04-20,15.564999999999998
2667,2030-04-21,14.108999999999996
2668,2030-04-22,16.252999999999997
2669,2030-04-23,13.834999999999997
2670,2030-04-24,17.252999999999997
2671,2030-04-25,16.391000000000005
2672,2030-04-26,17.955000000000013
2673,2030-04-27,15.823999999999996
2674,2030-04-28,14.118999999999998
2675,2030-04-29,16.354
2676,2030-04-30,14.137000000000002
2677,2030-05-01,16.793000000000003
2678,2030-05-02,16.748
2679,2030-05-03,17.708000000000013
2680,2030-05-04,16.683999999999994
2681,2030-05-05,14.127999999999991
2682,2030-05-06,16.656999999999996
2683,2030-05-07,14.322999999999995
2684,2030-05-08,17.151000000000007
2685,2030-05-09,16.636999999999997
2686,2030-05-10,17.845000000000002
2687,2030-05-11,15.669000000000006
2688,2030-05-12,13.866
2689,2030-05-13,16.169
2690,2030-05-14,14.051999999999996
2691,2030-05-15,16.671000000000003
2692,2030-05-16,16.284000000000006
2693,2030-05-17,17.301000000000005
2694,2030-05-18,16.634
2695,2030-05-19,14.012000000000008
2696,2030-05-20,16.482999999999993
2697,2030-05-21,14.235999999999997
2698,2030-05-22,16.818000000000005
2699,2030-05-23,16.78900000000001
2700,2030-05-24,17.698000000000008
2701,2030-05-25,15.595999999999998
2702,2030-05-26,13.681999999999993
2703,2030-05-27,16.55999999999999
2704,2030-05-28,14.259999999999998
2705,2030-05-29,16.954000000000004
2706,2030-05-30,16.656000000000006
2707,2030-05-31,17.419000000000004
2708,2030-06-01,16.404000000000007
2709,2030-06-02,14.340000000000005
2710,2030-06-03,16.267999999999997
2711,2030-06-04,14.276
2712,2030-06-05,16.871000000000002
2713,2030-06-06,16.733000000000008
2714,2030-06-07,17.767000000000007
2715,2030-06-08,16.434
2716,2030-06-09,14.102999999999994
2717,2030-06-10,16.521999999999995
2718,2030-06-11,14.325999999999997
2719,2030-06-12,16.706000000000007
2720,2030-06-13,16.667
2721,2030-06-14,17.47900000000001
2722,2030-06-15,16.453
2723,2030-06-16,14.10299999999999
2724,2030-06-17,16.466999999999988
2725,2030-06-18,14.378
2726,2030-06-19,17.122000000000007
2727,2030-06-20,16.627
2728,2030-06-21,18.05200000000001
2729,2030-06-22,16.256999999999998
2730,2030-06-23,13.881999999999998
2731,2030-06-24,16.351999999999993
2732,2030-06-25,14.296999999999995
2733,2030-06-26,16.884
2734,2030-06-27,16.40900000000001
2735,2030-06-28,17.78000000000001
2736,2030-06-29,16.679000000000002
2737,2030-06-30,13.990000000000002
2738,2030-07-01,16.305999999999994
2739,2030-07-02,14.395999999999997
2740,2030-07-03,17.30100000000001
2741,2030-07-04,16.647999999999996
2742,2030-07-05,17.681
2743,2030-07-06,15.497000000000005
2744,2030-07-07,14.097999999999997
2745,2030-07-08,16.407999999999994
2746,2030-07-09,13.909999999999998
2747,2030-07-10,16.933999999999997
2748,2030-07-11,16.41800000000001
2749,2030-07-12,17.788000000000007
2750,2030-07-13,15.897000000000007
2751,2030-07-14,13.951999999999996
2752,2030-07-15,16.291999999999994
2753,2030-07-16,14.002000000000004
2754,2030-07-17,16.38200000000001
2755,2030-07-18,16.320000000000004
2756,2030-07-19,17.224000000000004
2757,2030-07-20,16.660999999999994
2758,2030-07-21,14.135999999999992
2759,2030-07-22,16.269999999999996
2760,2030-07-23,14.274999999999999
2761,2030-07-24,16.306999999999995
2762,2030-07-25,16.532000000000004
2763,2030-07-26,16.945000000000004
2764,2030-07-27,15.818000000000005
2765,2030-07-28,14.434999999999993
2766,2030-07-29,16.912999999999997
2767,2030-07-30,14.460000000000003
2768,2030-07-31,16.441000000000003
2769,2030-08-01,16.381999999999998
2770,2030-08-02,16.556000000000008
2771,2030-08-03,16.237999999999996
2772,2030-08-04,14.620999999999999
2773,2030-08-05,16.923
2774,2030-08-06,14.607000000000003
2775,2030-08-07,16.660000000000004
2776,2030-08-08,16.427999999999997
2777,2030-08-09,17.060000000000006
2778,2030-08-10,16.051999999999992
2779,2030-08-11,14.673999999999994
2780,2030-08-12,16.751999999999995
2781,2030-08-13,14.510000000000002
2782,2030-08-14,17.217000000000006
2783,2030-08-15,16.332000000000004
2784,2030-08-16,17.326999999999998
2785,2030-08-17,16.080999999999992
2786,2030-08-18,14.657999999999998
2787,2030-08-19,16.568999999999996
2788,2030-08-20,14.266999999999996
2789,2030-08-21,16.951
2790,2030-08-22,16.675000000000008
2791,2030-08-23,17.773000000000007
2792,2030-08-24,16.490000000000002
2793,2030-08-25,14.149
2794,2030-08-26,16.203999999999997
2795,2030-08-27,14.311
2796,2030-08-28,16.538000000000004
2797,2030-08-29,16.739000000000004
2798,2030-08-30,17.416000000000007
2799,2030-08-31,16.205999999999996
2800,2030-09-01,14.30299999999999
2801,2030-09-02,17.098999999999993
2802,2030-09-03,14.607000000000001
2803,2030-09-04,17.237000000000002
2804,2030-09-05,16.667
2805,2030-09-06,17.38600000000001
2806,2030-09-07,16.147
2807,2030-09-08,14.391000000000002
2808,2030-09-09,16.895
2809,2030-09-10,14.32
2810,2030-09-11,17.372999999999998
2811,2030-09-12,16.612000000000002
2812,2030-09-13,17.800000000000008
2813,2030-09-14,16.117
2814,2030-09-15,14.382999999999997
2815,2030-09-16,16.658
2816,2030-09-17,14.340999999999998
2817,2030-09-18,17.433999999999994
2818,2030-09-19,16.500000000000004
2819,2030-09-20,17.639000000000006
2820,2030-09-21,16.147
2821,2030-09-22,14.376999999999999
2822,2030-09-23,16.42
2823,2030-09-24,14.260999999999997
2824,2030-09-25,17.327999999999996
2825,2030-09-26,16.628
2826,2030-09-27,17.8
2827,2030-09-28,16.156000000000002
2828,2030-09-29,14.234000000000002
2829,2030-09-30,16.775999999999996
2830,2030-10-01,14.433999999999996
2831,2030-10-02,17.94
2832,2030-10-03,16.601000000000006
2833,2030-10-04,17.63
2834,2030-10-05,16.082999999999995
2835,2030-10-06,14.604999999999992
2836,2030-10-07,16.631
2837,2030-10-08,14.455999999999992
2838,2030-10-09,18.51600000000001
2839,2030-10-10,16.567000000000007
2840,2030-10-11,17.873000000000005
2841,2030-10-12,16.224
2842,2030-10-13,14.339
2843,2030-10-14,16.155
2844,2030-10-15,14.201999999999998
2845,2030-10-16,17.935999999999996
2846,2030-10-17,16.65200000000001
2847,2030-10-18,18.099
2848,2030-10-19,16.108999999999995
2849,2030-10-20,14.136999999999999
2850,2030-10-21,16.616
2851,2030-10-22,14.501999999999994
2852,2030-10-23,18.43700000000001
2853,2030-10-24,16.583000000000006
2854,2030-10-25,17.628
2855,2030-10-26,16.279999999999994
2856,2030-10-27,14.168999999999999
2857,2030-10-28,16.073999999999998
2858,2030-10-29,14.342999999999995
2859,2030-10-30,18.065
2860,2030-10-31,16.61200000000001
2861,2030-11-01,17.938000000000002
2862,2030-11-02,16.505
2863,2030-11-03,14.114
2864,2030-11-04,16.805999999999994
2865,2030-11-05,14.612999999999998
2866,2030-11-06,18.276000000000003
2867,2030-11-07,16.453000000000003
2868,2030-11-08,17.273
2869,2030-11-09,16.121999999999993
2870,2030-11-10,14.466999999999999
2871,2030-11-11,16.950999999999997
2872,2030-11-12,14.503999999999994
2873,2030-11-13,18.431000000000004
2874,2030-11-14,16.735999999999997
2875,2030-11-15,17.662000000000013
2876,2030-11-16,16.063999999999993
2877,2030-11-17,14.269
2878,2030-11-18,16.442000000000004
2879,2030-11-19,14.158999999999997
2880,2030-11-20,18.019000000000002
2881,2030-11-21,16.65200000000001
2882,2030-11-22,17.868000000000006
2883,2030-11-23,16.444999999999997
2884,2030-11-24,14.267000000000001
2885,2030-11-25,16.773999999999994
2886,2030-11-26,14.549999999999994
2887,2030-11-27,18.320000000000004
2888,2030-11-28,16.513000000000005
2889,2030-11-29,17.628999999999998
2890,2030-11-30,16.204999999999995
2891,2030-12-01,14.386
2892,2030-12-02,16.760999999999996
2893,2030-12-03,14.508999999999997
2894,2030-12-04,18.404000000000007
2895,2030-12-05,16.775000000000006
2896,2030-12-06,17.720000000000006
2897,2030-12-07,16.041999999999994
2898,2030-12-08,14.321
2899,2030-12-09,16.393
2900,2030-12-10,14.236999999999993
2901,2030-12-11,17.982
2902,2030-12-12,16.41200000000001
2903,2030-12-13,17.676
2904,2030-12-14,16.55099999999999
2905,2030-12-15,14.238999999999999
2906,2030-12-16,16.674
2907,2030-12-17,14.312999999999995
2908,2030-12-18,17.82600000000001
2909,2030-12-19,16.655999999999995
2910,2030-12-20,17.902000000000008
2911,2030-12-21,15.373000000000001
2912,2030-12-22,14.297999999999996
2913,2030-12-23,16.558999999999997
2914,2030-12-24,14.140999999999995
2915,2030-12-25,17.534000000000002
2916,2030-12-26,16.59400000000001
2917,2030-12-27,17.809000000000008
2918,2030-12-28,16.323000000000004
2919,2030-12-29,14.345999999999997
