,Date,Forecasted_MaxTemp
0,2023-01-01,23.922000000000008
1,2023-01-02,26.787000000000006
2,2023-01-03,24.931000000000004
3,2023-01-04,24.364999999999988
4,2023-01-05,24.305999999999994
5,2023-01-06,22.397999999999993
6,2023-01-07,22.34700000000001
7,2023-01-08,24.574
8,2023-01-09,26.70599999999999
9,2023-01-10,24.939000000000014
10,2023-01-11,24.688999999999993
11,2023-01-12,24.25
12,2023-01-13,22.60699999999999
13,2023-01-14,22.848000000000006
14,2023-01-15,25.432000000000006
15,2023-01-16,26.395000000000003
16,2023-01-17,25.250000000000004
17,2023-01-18,24.84099999999999
18,2023-01-19,24.429999999999996
19,2023-01-20,22.89899999999999
20,2023-01-21,22.962000000000003
21,2023-01-22,25.418999999999993
22,2023-01-23,26.454999999999995
23,2023-01-24,25.698999999999998
24,2023-01-25,24.810999999999993
25,2023-01-26,24.559000000000005
26,2023-01-27,22.967999999999996
27,2023-01-28,23.086
28,2023-01-29,25.480999999999995
29,2023-01-30,26.206
30,2023-01-31,25.872999999999998
31,2023-02-01,25.009999999999994
32,2023-02-02,24.897
33,2023-02-03,22.642999999999997
34,2023-02-04,23.522000000000016
35,2023-02-05,25.136999999999993
36,2023-02-06,25.91899999999998
37,2023-02-07,26.336
38,2023-02-08,25.01600000000001
39,2023-02-09,25.449
40,2023-02-10,22.153000000000006
41,2023-02-11,23.245000000000015
42,2023-02-12,24.716000000000005
43,2023-02-13,25.814
44,2023-02-14,26.247999999999994
45,2023-02-15,24.331000000000003
46,2023-02-16,25.007999999999996
47,2023-02-17,23.139999999999997
48,2023-02-18,22.692000000000007
49,2023-02-19,25.145000000000003
50,2023-02-20,25.671
51,2023-02-21,26.123000000000015
52,2023-02-22,24.749000000000002
53,2023-02-23,25.087999999999997
54,2023-02-24,23.023999999999997
55,2023-02-25,22.67900000000001
56,2023-02-26,24.662999999999997
57,2023-02-27,25.28099999999999
58,2023-02-28,26.435
59,2023-03-01,24.809
60,2023-03-02,25.008999999999993
61,2023-03-03,22.459999999999994
62,2023-03-04,23.555000000000003
63,2023-03-05,24.653000000000006
64,2023-03-06,25.797999999999988
65,2023-03-07,26.061
66,2023-03-08,24.862
67,2023-03-09,25.291000000000004
68,2023-03-10,23.276
69,2023-03-11,23.427000000000017
70,2023-03-12,25.386999999999993
71,2023-03-13,26.144000000000002
72,2023-03-14,25.875000000000004
73,2023-03-15,24.694000000000003
74,2023-03-16,24.678999999999988
75,2023-03-17,22.757999999999996
76,2023-03-18,23.458000000000013
77,2023-03-19,25.164999999999992
78,2023-03-20,25.855999999999977
79,2023-03-21,26.18400000000001
80,2023-03-22,24.723999999999997
81,2023-03-23,25.035999999999998
82,2023-03-24,22.732000000000003
83,2023-03-25,22.75700000000001
84,2023-03-26,25.008000000000003
85,2023-03-27,25.58
86,2023-03-28,26.323000000000025
87,2023-03-29,24.774
88,2023-03-30,25.343999999999998
89,2023-03-31,21.416000000000007
90,2023-04-01,23.316000000000003
91,2023-04-02,24.178999999999995
92,2023-04-03,25.171999999999997
93,2023-04-04,26.308999999999997
94,2023-04-05,24.328999999999997
95,2023-04-06,25.322999999999997
96,2023-04-07,21.98999999999999
97,2023-04-08,23.144999999999996
98,2023-04-09,24.190000000000005
99,2023-04-10,25.000999999999998
100,2023-04-11,26.39899999999999
101,2023-04-12,24.32999999999999
102,2023-04-13,25.241
103,2023-04-14,22.335
104,2023-04-15,23.075000000000003
105,2023-04-16,23.993999999999996
106,2023-04-17,24.578999999999994
107,2023-04-18,26.473999999999986
108,2023-04-19,24.680999999999997
109,2023-04-20,25.306999999999995
110,2023-04-21,22.605999999999998
111,2023-04-22,23.23800000000001
112,2023-04-23,24.766
113,2023-04-24,25.431999999999995
114,2023-04-25,26.449
115,2023-04-26,24.628
116,2023-04-27,25.282999999999994
117,2023-04-28,21.892000000000003
118,2023-04-29,23.283000000000005
119,2023-04-30,24.375
120,2023-05-01,25.192999999999984
121,2023-05-02,26.309999999999995
122,2023-05-03,24.366
123,2023-05-04,25.313999999999993
124,2023-05-05,22.20799999999999
125,2023-05-06,23.228
126,2023-05-07,24.479
127,2023-05-08,25.232
128,2023-05-09,26.377999999999993
129,2023-05-10,24.337999999999983
130,2023-05-11,25.250999999999994
131,2023-05-12,22.537
132,2023-05-13,23.269000000000002
133,2023-05-14,24.426000000000002
134,2023-05-15,25.272999999999996
135,2023-05-16,26.409999999999986
136,2023-05-17,24.751999999999995
137,2023-05-18,25.244999999999987
138,2023-05-19,22.268
139,2023-05-20,23.459000000000007
140,2023-05-21,24.709000000000014
141,2023-05-22,25.798999999999992
142,2023-05-23,26.230999999999995
143,2023-05-24,24.41099999999999
144,2023-05-25,25.145999999999994
145,2023-05-26,23.185
146,2023-05-27,22.537000000000006
147,2023-05-28,25.064
148,2023-05-29,25.871
149,2023-05-30,26.139
150,2023-05-31,24.806000000000004
151,2023-06-01,24.474
152,2023-06-02,23.133000000000006
153,2023-06-03,22.675000000000015
154,2023-06-04,24.583
155,2023-06-05,25.334999999999994
156,2023-06-06,26.484999999999996
157,2023-06-07,25.048
158,2023-06-08,24.978
159,2023-06-09,22.265999999999995
160,2023-06-10,23.415000000000006
161,2023-06-11,24.927000000000003
162,2023-06-12,25.685999999999993
163,2023-06-13,26.204
164,2023-06-14,24.883000000000006
165,2023-06-15,25.308999999999997
166,2023-06-16,22.558000000000007
167,2023-06-17,23.06700000000001
168,2023-06-18,24.393000000000008
169,2023-06-19,24.967000000000006
170,2023-06-20,26.35499999999999
171,2023-06-21,24.928
172,2023-06-22,25.40999999999999
173,2023-06-23,22.710000000000004
174,2023-06-24,23.470000000000006
175,2023-06-25,24.449999999999996
176,2023-06-26,25.109999999999996
177,2023-06-27,26.239999999999995
178,2023-06-28,24.767
179,2023-06-29,25.377999999999993
180,2023-06-30,22.62800000000001
181,2023-07-01,22.794000000000004
182,2023-07-02,24.680999999999997
183,2023-07-03,24.962999999999997
184,2023-07-04,26.374999999999996
185,2023-07-05,24.97200000000001
186,2023-07-06,25.419
187,2023-07-07,22.29499999999999
188,2023-07-08,23.613000000000007
189,2023-07-09,24.465
190,2023-07-10,24.701000000000004
191,2023-07-11,26.230999999999984
192,2023-07-12,24.43700000000001
193,2023-07-13,25.436999999999998
194,2023-07-14,23.1
195,2023-07-15,23.289000000000005
196,2023-07-16,24.644999999999992
197,2023-07-17,25.23700000000001
198,2023-07-18,26.226000000000003
199,2023-07-19,24.888
200,2023-07-20,25.33399999999999
201,2023-07-21,22.55400000000001
202,2023-07-22,23.081000000000003
203,2023-07-23,24.637000000000004
204,2023-07-24,25.119000000000007
205,2023-07-25,26.323999999999998
206,2023-07-26,24.845
207,2023-07-27,25.361999999999984
208,2023-07-28,22.582000000000004
209,2023-07-29,23.503
210,2023-07-30,24.595000000000006
211,2023-07-31,25.147000000000002
212,2023-08-01,26.226999999999993
213,2023-08-02,24.721
214,2023-08-03,25.417999999999992
215,2023-08-04,22.84700000000001
216,2023-08-05,22.693
217,2023-08-06,24.68399999999999
218,2023-08-07,25.199
219,2023-08-08,26.346999999999994
220,2023-08-09,24.677
221,2023-08-10,25.44
222,2023-08-11,21.868000000000002
223,2023-08-12,23.532000000000007
224,2023-08-13,24.62
225,2023-08-14,25.566
226,2023-08-15,26.274999999999995
227,2023-08-16,24.305999999999994
228,2023-08-17,24.894000000000002
229,2023-08-18,22.45499999999999
230,2023-08-19,23.162
231,2023-08-20,24.706
232,2023-08-21,25.29799999999999
233,2023-08-22,26.494000000000007
234,2023-08-23,24.607
235,2023-08-24,25.522000000000006
236,2023-08-25,21.857000000000003
237,2023-08-26,23.45500000000001
238,2023-08-27,24.589000000000002
239,2023-08-28,25.452999999999996
240,2023-08-29,26.267999999999997
241,2023-08-30,24.358999999999995
242,2023-08-31,24.851999999999993
243,2023-09-01,22.45699999999999
244,2023-09-02,23.176000000000002
245,2023-09-03,24.717
246,2023-09-04,25.320999999999994
247,2023-09-05,26.482000000000006
248,2023-09-06,24.62399999999999
249,2023-09-07,25.522000000000006
250,2023-09-08,21.857000000000003
251,2023-09-09,23.439000000000007
252,2023-09-10,24.581999999999997
253,2023-09-11,25.461
254,2023-09-12,26.278
255,2023-09-13,24.388999999999996
256,2023-09-14,24.826
257,2023-09-15,22.41599999999999
258,2023-09-16,23.051000000000002
259,2023-09-17,24.538
260,2023-09-18,25.296999999999993
261,2023-09-19,26.456999999999997
262,2023-09-20,24.70999999999999
263,2023-09-21,25.428000000000008
264,2023-09-22,22.324
265,2023-09-23,23.477000000000004
266,2023-09-24,24.949000000000005
267,2023-09-25,25.642000000000003
268,2023-09-26,26.39
269,2023-09-27,24.732999999999997
270,2023-09-28,24.822999999999993
271,2023-09-29,22.523999999999997
272,2023-09-30,23.10600000000001
273,2023-10-01,24.163
274,2023-10-02,25.45499999999999
275,2023-10-03,26.510000000000005
276,2023-10-04,24.711999999999993
277,2023-10-05,25.373000000000005
278,2023-10-06,22.28800000000001
279,2023-10-07,23.203000000000007
280,2023-10-08,24.95400000000001
281,2023-10-09,25.584999999999994
282,2023-10-10,26.386999999999997
283,2023-10-11,24.363000000000003
284,2023-10-12,24.862
285,2023-10-13,22.405999999999995
286,2023-10-14,22.977000000000004
287,2023-10-15,24.04799999999999
288,2023-10-16,25.25799999999999
289,2023-10-17,26.525999999999996
290,2023-10-18,24.772999999999996
291,2023-10-19,25.482000000000003
292,2023-10-20,22.236
293,2023-10-21,23.245000000000005
294,2023-10-22,24.734999999999996
295,2023-10-23,25.619
296,2023-10-24,26.454
297,2023-10-25,24.509
298,2023-10-26,24.596999999999998
299,2023-10-27,22.60799999999999
300,2023-10-28,23.195000000000004
301,2023-10-29,24.763000000000005
302,2023-10-30,25.522999999999996
303,2023-10-31,26.12900000000001
304,2023-11-01,24.807999999999996
305,2023-11-02,24.917
306,2023-11-03,23.322
307,2023-11-04,22.958000000000006
308,2023-11-05,24.803
309,2023-11-06,25.598999999999993
310,2023-11-07,26.301000000000013
311,2023-11-08,24.905000000000005
312,2023-11-09,25.371000000000002
313,2023-11-10,21.890000000000004
314,2023-11-11,23.252000000000013
315,2023-11-12,24.316
316,2023-11-13,25.130999999999993
317,2023-11-14,26.258999999999993
318,2023-11-15,24.402
319,2023-11-16,25.325999999999993
320,2023-11-17,22.258999999999997
321,2023-11-18,23.141000000000005
322,2023-11-19,24.288
323,2023-11-20,24.525999999999996
324,2023-11-21,26.396999999999988
325,2023-11-22,24.53199999999999
326,2023-11-23,25.357999999999997
327,2023-11-24,22.78
328,2023-11-25,23.231000000000012
329,2023-11-26,24.490999999999996
330,2023-11-27,25.428
331,2023-11-28,26.365999999999985
332,2023-11-29,24.612
333,2023-11-30,25.194999999999997
334,2023-12-01,21.921000000000003
335,2023-12-02,23.182000000000002
336,2023-12-03,24.475000000000005
337,2023-12-04,25.379999999999985
338,2023-12-05,26.430999999999987
339,2023-12-06,24.353999999999996
340,2023-12-07,25.316999999999993
341,2023-12-08,22.254999999999995
342,2023-12-09,23.315
343,2023-12-10,24.553
344,2023-12-11,25.234999999999996
345,2023-12-12,26.383999999999997
346,2023-12-13,24.430999999999987
347,2023-12-14,25.29799999999999
348,2023-12-15,22.476
349,2023-12-16,23.418000000000006
350,2023-12-17,24.526
351,2023-12-18,25.407999999999998
352,2023-12-19,26.42299999999999
353,2023-12-20,24.749999999999996
354,2023-12-21,25.090999999999987
355,2023-12-22,22.497999999999998
356,2023-12-23,23.282000000000007
357,2023-12-24,24.65400000000001
358,2023-12-25,25.69399999999999
359,2023-12-26,26.118000000000002
360,2023-12-27,24.622999999999998
361,2023-12-28,24.272
362,2023-12-29,23.077
363,2023-12-30,22.704000000000004
364,2023-12-31,24.778000000000002
365,2024-01-01,25.384999999999994
366,2024-01-02,26.576
367,2024-01-03,24.613999999999997
368,2024-01-04,24.832000000000004
369,2024-01-05,21.816999999999997
370,2024-01-06,23.32100000000001
371,2024-01-07,24.58
372,2024-01-08,25.633999999999993
373,2024-01-09,26.278
374,2024-01-10,24.25099999999999
375,2024-01-11,25.13200000000001
376,2024-01-12,22.300999999999995
377,2024-01-13,23.041
378,2024-01-14,24.676000000000002
379,2024-01-15,25.235999999999994
380,2024-01-16,26.54599999999999
381,2024-01-17,24.648999999999997
382,2024-01-18,24.978999999999996
383,2024-01-19,22.176
384,2024-01-20,23.39
385,2024-01-21,24.822
386,2024-01-22,25.838999999999995
387,2024-01-23,26.094000000000005
388,2024-01-24,24.398999999999997
389,2024-01-25,25.039000000000005
390,2024-01-26,23.497
391,2024-01-27,23.10800000000001
392,2024-01-28,24.995
393,2024-01-29,25.787999999999997
394,2024-01-30,25.972000000000023
395,2024-01-31,24.881000000000004
396,2024-02-01,25.379999999999995
397,2024-02-02,22.154000000000007
398,2024-02-03,23.50100000000002
399,2024-02-04,24.580999999999996
400,2024-02-05,25.941
401,2024-02-06,26.226
402,2024-02-07,24.348000000000003
403,2024-02-08,25.157999999999998
404,2024-02-09,23.160999999999994
405,2024-02-10,22.546000000000003
406,2024-02-11,25.101
407,2024-02-12,25.435999999999993
408,2024-02-13,26.28
409,2024-02-14,24.720000000000006
410,2024-02-15,25.533999999999992
411,2024-02-16,21.818000000000005
412,2024-02-17,23.141000000000005
413,2024-02-18,24.39100000000001
414,2024-02-19,25.02599999999999
415,2024-02-20,26.208999999999993
416,2024-02-21,24.327
417,2024-02-22,25.290999999999993
418,2024-02-23,22.486000000000004
419,2024-02-24,22.894000000000005
420,2024-02-25,24.410999999999994
421,2024-02-26,24.753999999999998
422,2024-02-27,26.432999999999993
423,2024-02-28,24.811999999999994
424,2024-02-29,25.31099999999999
425,2024-03-01,22.569000000000003
426,2024-03-02,23.741999999999997
427,2024-03-03,24.578999999999997
428,2024-03-04,25.336000000000002
429,2024-03-05,26.438999999999993
430,2024-03-06,24.793000000000006
431,2024-03-07,25.363999999999987
432,2024-03-08,22.396000000000004
433,2024-03-09,24.296999999999997
434,2024-03-10,24.795
435,2024-03-11,25.665999999999993
436,2024-03-12,26.161000000000005
437,2024-03-13,24.801999999999992
438,2024-03-14,24.942999999999987
439,2024-03-15,23.241999999999994
440,2024-03-16,24.43599999999999
441,2024-03-17,24.758999999999997
442,2024-03-18,25.76699999999999
443,2024-03-19,25.845000000000017
444,2024-03-20,25.11999999999999
445,2024-03-21,25.345
446,2024-03-22,23.352000000000007
447,2024-03-23,24.61599999999999
448,2024-03-24,25.213999999999995
449,2024-03-25,25.823
450,2024-03-26,25.841000000000005
451,2024-03-27,25.101
452,2024-03-28,25.328999999999983
453,2024-03-29,23.098000000000006
454,2024-03-30,24.627999999999997
455,2024-03-31,24.92200000000001
456,2024-04-01,25.837999999999997
457,2024-04-02,25.768000000000008
458,2024-04-03,25.128999999999998
459,2024-04-04,25.458999999999993
460,2024-04-05,23.131
461,2024-04-06,24.22499999999999
462,2024-04-07,24.96999999999999
463,2024-04-08,26.041
464,2024-04-09,25.74400000000001
465,2024-04-10,24.772999999999993
466,2024-04-11,24.81699999999999
467,2024-04-12,23.065
468,2024-04-13,24.116000000000003
469,2024-04-14,24.964999999999996
470,2024-04-15,25.701999999999984
471,2024-04-16,25.588999999999988
472,2024-04-17,25.198
473,2024-04-18,25.337000000000007
474,2024-04-19,22.729000000000006
475,2024-04-20,24.464999999999986
476,2024-04-21,24.549999999999997
477,2024-04-22,25.081999999999997
478,2024-04-23,25.884999999999987
479,2024-04-24,25.328000000000007
480,2024-04-25,25.70899999999999
481,2024-04-26,22.939
482,2024-04-27,24.58
483,2024-04-28,24.794
484,2024-04-29,25.192999999999998
485,2024-04-30,25.724
486,2024-05-01,25.256000000000004
487,2024-05-02,25.602999999999998
488,2024-05-03,22.791
489,2024-05-04,24.71199999999999
490,2024-05-05,24.707000000000004
491,2024-05-06,25.290000000000017
492,2024-05-07,25.75699999999999
493,2024-05-08,25.225000000000005
494,2024-05-09,25.731999999999985
495,2024-05-10,22.45400000000001
496,2024-05-11,24.63499999999999
497,2024-05-12,24.877999999999997
498,2024-05-13,25.23900000000001
499,2024-05-14,26.010999999999996
500,2024-05-15,25.26000000000001
501,2024-05-16,25.774999999999995
502,2024-05-17,23.48100000000001
503,2024-05-18,24.705999999999996
504,2024-05-19,24.79499999999999
505,2024-05-20,25.453000000000007
506,2024-05-21,25.646000000000022
507,2024-05-22,25.36
508,2024-05-23,25.771999999999988
509,2024-05-24,22.605000000000004
510,2024-05-25,24.53599999999999
511,2024-05-26,24.488999999999997
512,2024-05-27,25.447000000000013
513,2024-05-28,25.997999999999994
514,2024-05-29,25.170999999999996
515,2024-05-30,25.877999999999982
516,2024-05-31,23.37500000000001
517,2024-06-01,24.548999999999992
518,2024-06-02,24.882
519,2024-06-03,25.366999999999997
520,2024-06-04,25.726000000000013
521,2024-06-05,25.408999999999995
522,2024-06-06,26.087
523,2024-06-07,23.436000000000007
524,2024-06-08,24.61499999999999
525,2024-06-09,24.704999999999995
526,2024-06-10,25.033999999999992
527,2024-06-11,25.755999999999986
528,2024-06-12,25.697
529,2024-06-13,26.063
530,2024-06-14,23.578000000000007
531,2024-06-15,24.478999999999996
532,2024-06-16,24.64099999999999
533,2024-06-17,25.088999999999995
534,2024-06-18,25.849000000000004
535,2024-06-19,25.803999999999988
536,2024-06-20,26.172000000000004
537,2024-06-21,23.410999999999994
538,2024-06-22,24.449
539,2024-06-23,24.782999999999987
540,2024-06-24,25.329
541,2024-06-25,25.783
542,2024-06-26,25.86099999999999
543,2024-06-27,26.083999999999996
544,2024-06-28,23.430000000000003
545,2024-06-29,24.456999999999983
546,2024-06-30,24.597999999999992
547,2024-07-01,25.172000000000004
548,2024-07-02,26.012000000000004
549,2024-07-03,25.547000000000004
550,2024-07-04,26.211000000000002
551,2024-07-05,23.192000000000004
552,2024-07-06,24.469
553,2024-07-07,24.791999999999994
554,2024-07-08,25.064999999999994
555,2024-07-09,25.381000000000004
556,2024-07-10,25.62199999999999
557,2024-07-11,25.864999999999995
558,2024-07-12,23.357
559,2024-07-13,24.586
560,2024-07-14,24.592999999999993
561,2024-07-15,25.217999999999996
562,2024-07-16,25.872999999999987
563,2024-07-17,25.642999999999994
564,2024-07-18,26.201999999999995
565,2024-07-19,23.254000000000005
566,2024-07-20,24.733999999999995
567,2024-07-21,24.86399999999999
568,2024-07-22,25.044
569,2024-07-23,25.386
570,2024-07-24,25.668999999999986
571,2024-07-25,25.973999999999993
572,2024-07-26,23.613000000000007
573,2024-07-27,24.44899999999999
574,2024-07-28,24.54799999999999
575,2024-07-29,24.77999999999999
576,2024-07-30,25.587000000000003
577,2024-07-31,25.754999999999992
578,2024-08-01,25.716000000000005
579,2024-08-02,23.221
580,2024-08-03,24.650000000000006
581,2024-08-04,24.918999999999993
582,2024-08-05,24.44599999999999
583,2024-08-06,25.509999999999994
584,2024-08-07,26.133999999999993
585,2024-08-08,25.48499999999998
586,2024-08-09,23.057999999999996
587,2024-08-10,23.943999999999996
588,2024-08-11,24.383000000000003
589,2024-08-12,24.68700000000001
590,2024-08-13,25.90599999999998
591,2024-08-14,25.868
592,2024-08-15,25.520999999999994
593,2024-08-16,23.163
594,2024-08-17,24.232999999999993
595,2024-08-18,24.785999999999987
596,2024-08-19,25.334999999999994
597,2024-08-20,25.529
598,2024-08-21,26.077999999999985
599,2024-08-22,25.41599999999999
600,2024-08-23,22.921000000000003
601,2024-08-24,24.062999999999985
602,2024-08-25,24.369
603,2024-08-26,25.548000000000005
604,2024-08-27,25.919
605,2024-08-28,25.895999999999994
606,2024-08-29,24.836
607,2024-08-30,23.191999999999997
608,2024-08-31,24.478999999999996
609,2024-09-01,25.091999999999995
610,2024-09-02,25.798999999999992
611,2024-09-03,25.970000000000017
612,2024-09-04,26.13299999999999
613,2024-09-05,25.309000000000005
614,2024-09-06,22.88000000000001
615,2024-09-07,24.224999999999987
616,2024-09-08,24.246000000000002
617,2024-09-09,25.916999999999994
618,2024-09-10,25.742000000000008
619,2024-09-11,26.383999999999993
620,2024-09-12,25.29499999999999
621,2024-09-13,23.186
622,2024-09-14,23.987
623,2024-09-15,25.467
624,2024-09-16,25.644000000000002
625,2024-09-17,25.918999999999997
626,2024-09-18,25.971999999999994
627,2024-09-19,24.757999999999996
628,2024-09-20,23.266
629,2024-09-21,24.720999999999993
630,2024-09-22,24.836999999999993
631,2024-09-23,25.71
632,2024-09-24,25.565000000000012
633,2024-09-25,26.125999999999994
634,2024-09-26,25.15
635,2024-09-27,22.60800000000001
636,2024-09-28,24.36199999999998
637,2024-09-29,24.566
638,2024-09-30,25.426000000000002
639,2024-10-01,25.937
640,2024-10-02,25.844999999999995
641,2024-10-03,24.18499999999998
642,2024-10-04,23.154
643,2024-10-05,24.566999999999993
644,2024-10-06,24.868
645,2024-10-07,25.644999999999996
646,2024-10-08,25.773999999999997
647,2024-10-09,25.537999999999993
648,2024-10-10,24.460999999999995
649,2024-10-11,23.603000000000005
650,2024-10-12,24.753999999999987
651,2024-10-13,25.108999999999984
652,2024-10-14,25.7
653,2024-10-15,25.805999999999994
654,2024-10-16,25.617999999999988
655,2024-10-17,24.684000000000005
656,2024-10-18,23.60099999999999
657,2024-10-19,24.939999999999987
658,2024-10-20,24.715
659,2024-10-21,25.568999999999996
660,2024-10-22,26.158000000000012
661,2024-10-23,25.666999999999994
662,2024-10-24,24.460999999999995
663,2024-10-25,23.08599999999999
664,2024-10-26,24.432999999999993
665,2024-10-27,24.9
666,2024-10-28,25.879
667,2024-10-29,25.573000000000008
668,2024-10-30,25.431999999999984
669,2024-10-31,25.02099999999999
670,2024-11-01,23.482000000000003
671,2024-11-02,24.651
672,2024-11-03,25.493999999999993
673,2024-11-04,25.337
674,2024-11-05,25.744999999999994
675,2024-11-06,24.84999999999999
676,2024-11-07,25.521
677,2024-11-08,22.373
678,2024-11-09,24.813
679,2024-11-10,24.806000000000004
680,2024-11-11,25.393
681,2024-11-12,25.67399999999998
682,2024-11-13,24.93799999999999
683,2024-11-14,25.633999999999993
684,2024-11-15,23.154000000000007
685,2024-11-16,25.047999999999984
686,2024-11-17,24.753999999999998
687,2024-11-18,25.343999999999998
688,2024-11-19,25.585999999999984
689,2024-11-20,25.304000000000002
690,2024-11-21,25.69599999999999
691,2024-11-22,22.838000000000008
692,2024-11-23,25.044999999999995
693,2024-11-24,24.608000000000008
694,2024-11-25,25.28600000000001
695,2024-11-26,25.81599999999999
696,2024-11-27,25.13900000000001
697,2024-11-28,25.693999999999992
698,2024-11-29,22.60600000000001
699,2024-11-30,25.177999999999994
700,2024-12-01,24.917999999999996
701,2024-12-02,25.144000000000005
702,2024-12-03,26.146999999999995
703,2024-12-04,24.631999999999994
704,2024-12-05,25.58199999999999
705,2024-12-06,23.163
706,2024-12-07,25.12899999999999
707,2024-12-08,24.531
708,2024-12-09,25.286999999999992
709,2024-12-10,26.328999999999986
710,2024-12-11,25.001000000000005
711,2024-12-12,25.831999999999983
712,2024-12-13,22.994999999999994
713,2024-12-14,24.839999999999996
714,2024-12-15,24.925000000000004
715,2024-12-16,25.296
716,2024-12-17,25.87899999999999
717,2024-12-18,25.32800000000001
718,2024-12-19,26.09099999999999
719,2024-12-20,23.446000000000016
720,2024-12-21,24.823999999999987
721,2024-12-22,24.922000000000004
722,2024-12-23,24.992000000000004
723,2024-12-24,25.679999999999996
724,2024-12-25,25.528000000000002
725,2024-12-26,26.33999999999999
726,2024-12-27,23.871000000000002
727,2024-12-28,24.729999999999997
728,2024-12-29,25.049999999999997
729,2024-12-30,24.704999999999995
730,2024-12-31,25.60799999999999
731,2025-01-01,25.609999999999985
732,2025-01-02,25.462
733,2025-01-03,24.723999999999993
734,2025-01-04,24.288
735,2025-01-05,24.997999999999983
736,2025-01-06,24.90699999999999
737,2025-01-07,25.705999999999996
738,2025-01-08,25.807999999999993
739,2025-01-09,25.652
740,2025-01-10,24.507999999999996
741,2025-01-11,24.670999999999996
742,2025-01-12,25.296999999999983
743,2025-01-13,25.09099999999999
744,2025-01-14,25.67299999999999
745,2025-01-15,25.923
746,2025-01-16,25.511999999999993
747,2025-01-17,24.85499999999999
748,2025-01-18,24.342999999999982
749,2025-01-19,25.287000000000013
750,2025-01-20,25.171
751,2025-01-21,25.713999999999988
752,2025-01-22,25.913
753,2025-01-23,25.394999999999985
754,2025-01-24,25.052
755,2025-01-25,24.746999999999986
756,2025-01-26,25.514000000000014
757,2025-01-27,25.25399999999999
758,2025-01-28,25.697999999999993
759,2025-01-29,25.947999999999993
760,2025-01-30,25.730999999999995
761,2025-01-31,24.639999999999997
762,2025-02-01,24.66799999999999
763,2025-02-02,25.133000000000006
764,2025-02-03,25.343000000000007
765,2025-02-04,25.639999999999997
766,2025-02-05,25.896
767,2025-02-06,25.761000000000003
768,2025-02-07,24.736
769,2025-02-08,24.722999999999985
770,2025-02-09,25.06599999999999
771,2025-02-10,25.598000000000003
772,2025-02-11,25.631999999999998
773,2025-02-12,26.043000000000006
774,2025-02-13,25.832000000000004
775,2025-02-14,24.34499999999999
776,2025-02-15,24.65799999999998
777,2025-02-16,24.914999999999992
778,2025-02-17,25.508999999999997
779,2025-02-18,25.692000000000004
780,2025-02-19,25.931000000000004
781,2025-02-20,25.685999999999986
782,2025-02-21,24.526000000000003
783,2025-02-22,24.576999999999988
784,2025-02-23,25.002999999999982
785,2025-02-24,25.45799999999999
786,2025-02-25,25.637000000000004
787,2025-02-26,25.933000000000007
788,2025-02-27,25.118000000000002
789,2025-02-28,24.627000000000002
790,2025-03-01,24.733999999999977
791,2025-03-02,25.266999999999985
792,2025-03-03,25.576999999999998
793,2025-03-04,25.622999999999994
794,2025-03-05,25.962000000000007
795,2025-03-06,25.139
796,2025-03-07,24.63999999999999
797,2025-03-08,24.888999999999974
798,2025-03-09,25.130999999999993
799,2025-03-10,25.743
800,2025-03-11,25.618999999999993
801,2025-03-12,26.04700000000001
802,2025-03-13,25.00999999999999
803,2025-03-14,24.519999999999992
804,2025-03-15,25.084999999999983
805,2025-03-16,24.902999999999988
806,2025-03-17,25.55099999999999
807,2025-03-18,25.649999999999995
808,2025-03-19,26.03900000000002
809,2025-03-20,24.833999999999982
810,2025-03-21,24.718000000000004
811,2025-03-22,25.042999999999985
812,2025-03-23,25.216999999999985
813,2025-03-24,25.854999999999997
814,2025-03-25,25.680999999999994
815,2025-03-26,26.203999999999997
816,2025-03-27,24.886999999999997
817,2025-03-28,24.806999999999988
818,2025-03-29,25.26499999999999
819,2025-03-30,24.98399999999999
820,2025-03-31,25.367999999999988
821,2025-04-01,25.792
822,2025-04-02,26.085
823,2025-04-03,25.054999999999996
824,2025-04-04,24.721999999999994
825,2025-04-05,25.189999999999994
826,2025-04-06,25.40699999999999
827,2025-04-07,25.438999999999997
828,2025-04-08,26.02
829,2025-04-09,26.263999999999992
830,2025-04-10,24.692999999999998
831,2025-04-11,24.75299999999999
832,2025-04-12,25.13799999999999
833,2025-04-13,25.348999999999982
834,2025-04-14,25.563999999999993
835,2025-04-15,26.096
836,2025-04-16,26.022
837,2025-04-17,24.781
838,2025-04-18,24.89599999999998
839,2025-04-19,24.93699999999999
840,2025-04-20,25.231999999999992
841,2025-04-21,25.83399999999999
842,2025-04-22,25.700999999999993
843,2025-04-23,26.116
844,2025-04-24,25.101999999999997
845,2025-04-25,24.798999999999992
846,2025-04-26,25.28599999999999
847,2025-04-27,25.049999999999997
848,2025-04-28,25.861999999999988
849,2025-04-29,25.855999999999995
850,2025-04-30,26.632999999999996
851,2025-05-01,25.08299999999999
852,2025-05-02,24.73199999999999
853,2025-05-03,25.18300000000001
854,2025-05-04,25.515999999999995
855,2025-05-05,25.346999999999998
856,2025-05-06,25.970000000000006
857,2025-05-07,26.356999999999992
858,2025-05-08,24.785999999999994
859,2025-05-09,24.956999999999997
860,2025-05-10,25.081999999999997
861,2025-05-11,25.311999999999983
862,2025-05-12,25.50599999999999
863,2025-05-13,26.069999999999997
864,2025-05-14,26.152
865,2025-05-15,24.662999999999993
866,2025-05-16,25.287999999999982
867,2025-05-17,24.873999999999988
868,2025-05-18,25.053999999999988
869,2025-05-19,25.751999999999985
870,2025-05-20,25.89399999999999
871,2025-05-21,26.326999999999988
872,2025-05-22,24.731999999999992
873,2025-05-23,25.379999999999995
874,2025-05-24,25.433999999999983
875,2025-05-25,24.52499999999998
876,2025-05-26,25.959999999999987
877,2025-05-27,25.862999999999996
878,2025-05-28,26.212
879,2025-05-29,24.644000000000002
880,2025-05-30,25.116999999999994
881,2025-05-31,25.293000000000003
882,2025-06-01,25.372999999999994
883,2025-06-02,25.728999999999992
884,2025-06-03,25.955000000000005
885,2025-06-04,26.385
886,2025-06-05,24.805999999999994
887,2025-06-06,24.816999999999997
888,2025-06-07,25.12
889,2025-06-08,25.08199999999999
890,2025-06-09,25.69199999999999
891,2025-06-10,26.192999999999994
892,2025-06-11,26.410000000000004
893,2025-06-12,24.885
894,2025-06-13,24.543999999999986
895,2025-06-14,24.852999999999998
896,2025-06-15,25.205999999999996
897,2025-06-16,25.776999999999994
898,2025-06-17,25.592
899,2025-06-18,26.412000000000003
900,2025-06-19,25.03699999999998
901,2025-06-20,24.86699999999999
902,2025-06-21,25.128999999999998
903,2025-06-22,24.927999999999987
904,2025-06-23,25.531999999999986
905,2025-06-24,25.632999999999996
906,2025-06-25,26.281
907,2025-06-26,24.968999999999983
908,2025-06-27,25.124999999999986
909,2025-06-28,24.970999999999986
910,2025-06-29,24.892999999999983
911,2025-06-30,25.46099999999999
912,2025-07-01,25.511999999999997
913,2025-07-02,25.829999999999988
914,2025-07-03,24.757999999999992
915,2025-07-04,24.824000000000005
916,2025-07-05,25.118999999999986
917,2025-07-06,24.802999999999997
918,2025-07-07,25.548
919,2025-07-08,25.673999999999996
920,2025-07-09,25.845999999999993
921,2025-07-10,24.800999999999995
922,2025-07-11,24.96599999999999
923,2025-07-12,24.78499999999999
924,2025-07-13,25.073999999999998
925,2025-07-14,25.57199999999999
926,2025-07-15,25.662
927,2025-07-16,25.736000000000004
928,2025-07-17,24.89399999999999
929,2025-07-18,24.767999999999983
930,2025-07-19,24.88699999999998
931,2025-07-20,24.90499999999999
932,2025-07-21,25.639999999999997
933,2025-07-22,25.745
934,2025-07-23,25.612999999999996
935,2025-07-24,25.118999999999986
936,2025-07-25,24.793999999999986
937,2025-07-26,25.354999999999983
938,2025-07-27,25.317999999999994
939,2025-07-28,25.641999999999992
940,2025-07-29,25.695999999999998
941,2025-07-30,25.484999999999985
942,2025-07-31,25.060999999999993
943,2025-08-01,24.599999999999977
944,2025-08-02,25.263
945,2025-08-03,25.560999999999986
946,2025-08-04,25.525999999999996
947,2025-08-05,25.58299999999999
948,2025-08-06,25.121999999999993
949,2025-08-07,24.430999999999987
950,2025-08-08,24.94599999999999
951,2025-08-09,25.68699999999999
952,2025-08-10,25.780999999999995
953,2025-08-11,25.688999999999986
954,2025-08-12,25.05599999999999
955,2025-08-13,24.510999999999996
956,2025-08-14,24.784999999999982
957,2025-08-15,25.579999999999988
958,2025-08-16,25.56200000000001
959,2025-08-17,25.837
960,2025-08-18,25.468000000000004
961,2025-08-19,24.544999999999987
962,2025-08-20,24.77299999999999
963,2025-08-21,24.71099999999999
964,2025-08-22,25.625
965,2025-08-23,25.638999999999992
966,2025-08-24,25.658
967,2025-08-25,25.333999999999993
968,2025-08-26,24.693999999999996
969,2025-08-27,24.85999999999998
970,2025-08-28,24.978999999999996
971,2025-08-29,25.733
972,2025-08-30,25.728999999999992
973,2025-08-31,25.683999999999997
974,2025-09-01,25.380999999999993
975,2025-09-02,24.563999999999986
976,2025-09-03,24.97699999999998
977,2025-09-04,25.431999999999984
978,2025-09-05,25.491
979,2025-09-06,25.626999999999995
980,2025-09-07,25.462000000000003
981,2025-09-08,25.06699999999999
982,2025-09-09,24.71999999999999
983,2025-09-10,24.88799999999998
984,2025-09-11,25.577999999999985
985,2025-09-12,25.630999999999993
986,2025-09-13,25.70899999999999
987,2025-09-14,25.43699999999999
988,2025-09-15,24.616999999999983
989,2025-09-16,24.673999999999978
990,2025-09-17,25.00699999999999
991,2025-09-18,25.602999999999998
992,2025-09-19,25.685999999999993
993,2025-09-20,25.607
994,2025-09-21,25.386999999999997
995,2025-09-22,24.771999999999988
996,2025-09-23,24.80799999999999
997,2025-09-24,25.30399999999999
998,2025-09-25,25.555
999,2025-09-26,25.654999999999994
1000,2025-09-27,25.805999999999994
1001,2025-09-28,25.197
1002,2025-09-29,24.78099999999998
1003,2025-09-30,24.868999999999975
1004,2025-10-01,25.537999999999997
1005,2025-10-02,25.526000000000003
1006,2025-10-03,25.638999999999996
1007,2025-10-04,25.765000000000004
1008,2025-10-05,25.33
1009,2025-10-06,24.70699999999998
1010,2025-10-07,24.78499999999998
1011,2025-10-08,25.47299999999999
1012,2025-10-09,25.451
1013,2025-10-10,25.699999999999992
1014,2025-10-11,25.781999999999996
1015,2025-10-12,25.175
1016,2025-10-13,24.58599999999999
1017,2025-10-14,24.616999999999976
1018,2025-10-15,25.438
1019,2025-10-16,25.337000000000003
1020,2025-10-17,25.607
1021,2025-10-18,25.807
1022,2025-10-19,25.455999999999996
1023,2025-10-20,24.851999999999993
1024,2025-10-21,24.760999999999978
1025,2025-10-22,25.236000000000008
1026,2025-10-23,25.50699999999999
1027,2025-10-24,25.540999999999993
1028,2025-10-25,25.78
1029,2025-10-26,25.314
1030,2025-10-27,24.981999999999985
1031,2025-10-28,24.64799999999999
1032,2025-10-29,25.533000000000012
1033,2025-10-30,25.255999999999986
1034,2025-10-31,25.68799999999999
1035,2025-11-01,25.737
1036,2025-11-02,25.416
1037,2025-11-03,25.01299999999998
1038,2025-11-04,24.527999999999984
1039,2025-11-05,25.20799999999999
1040,2025-11-06,25.46799999999999
1041,2025-11-07,25.579
1042,2025-11-08,25.648999999999997
1043,2025-11-09,25.17199999999999
1044,2025-11-10,24.931999999999984
1045,2025-11-11,24.77999999999999
1046,2025-11-12,25.671999999999993
1047,2025-11-13,25.614999999999988
1048,2025-11-14,25.636999999999993
1049,2025-11-15,25.601999999999993
1050,2025-11-16,25.361
1051,2025-11-17,25.227999999999984
1052,2025-11-18,24.643999999999988
1053,2025-11-19,25.534000000000002
1054,2025-11-20,25.522999999999993
1055,2025-11-21,25.647999999999993
1056,2025-11-22,25.42299999999999
1057,2025-11-23,25.070999999999998
1058,2025-11-24,25.482
1059,2025-11-25,24.852999999999994
1060,2025-11-26,25.40099999999999
1061,2025-11-27,25.324999999999992
1062,2025-11-28,25.676999999999992
1063,2025-11-29,25.43299999999999
1064,2025-11-30,25.184999999999995
1065,2025-12-01,25.046999999999997
1066,2025-12-02,24.979999999999986
1067,2025-12-03,25.637999999999987
1068,2025-12-04,25.38199999999998
1069,2025-12-05,25.631
1070,2025-12-06,25.300999999999995
1071,2025-12-07,25.591999999999995
1072,2025-12-08,25.301999999999985
1073,2025-12-09,25.03999999999998
1074,2025-12-10,25.223000000000003
1075,2025-12-11,25.739999999999995
1076,2025-12-12,25.479999999999986
1077,2025-12-13,25.68099999999999
1078,2025-12-14,25.55899999999999
1079,2025-12-15,25.193999999999992
1080,2025-12-16,25.195999999999984
1081,2025-12-17,24.99500000000002
1082,2025-12-18,25.645999999999994
1083,2025-12-19,25.530999999999985
1084,2025-12-20,25.579
1085,2025-12-21,25.578000000000007
1086,2025-12-22,25.320999999999994
1087,2025-12-23,25.419000000000004
1088,2025-12-24,24.90899999999998
1089,2025-12-25,25.612999999999992
1090,2025-12-26,25.258999999999993
1091,2025-12-27,25.458999999999996
1092,2025-12-28,25.381
1093,2025-12-29,25.625999999999994
1094,2025-12-30,25.143999999999988
1095,2025-12-31,25.156999999999986
1096,2026-01-01,25.212000000000007
1097,2026-01-02,25.666999999999987
1098,2026-01-03,25.685999999999986
1099,2026-01-04,25.652999999999988
1100,2026-01-05,25.563
1101,2026-01-06,24.745999999999995
1102,2026-01-07,25.459000000000007
1103,2026-01-08,24.95400000000001
1104,2026-01-09,25.733999999999988
1105,2026-01-10,25.543999999999993
1106,2026-01-11,25.650000000000006
1107,2026-01-12,25.638999999999996
1108,2026-01-13,24.38999999999999
1109,2026-01-14,25.30899999999999
1110,2026-01-15,25.049999999999986
1111,2026-01-16,25.67199999999999
1112,2026-01-17,25.703999999999994
1113,2026-01-18,25.291999999999987
1114,2026-01-19,25.053999999999988
1115,2026-01-20,24.67499999999999
1116,2026-01-21,25.563999999999997
1117,2026-01-22,25.897999999999982
1118,2026-01-23,25.62599999999999
1119,2026-01-24,25.574
1120,2026-01-25,25.347
1121,2026-01-26,24.84099999999998
1122,2026-01-27,24.901999999999997
1123,2026-01-28,25.47099999999999
1124,2026-01-29,25.891999999999992
1125,2026-01-30,25.780000000000005
1126,2026-01-31,25.445999999999998
1127,2026-02-01,25.257
1128,2026-02-02,24.573999999999977
1129,2026-02-03,24.999999999999982
1130,2026-02-04,25.237999999999985
1131,2026-02-05,25.99000000000001
1132,2026-02-06,25.887999999999998
1133,2026-02-07,25.78199999999999
1134,2026-02-08,25.458000000000002
1135,2026-02-09,24.938999999999986
1136,2026-02-10,25.01099999999998
1137,2026-02-11,24.988000000000007
1138,2026-02-12,26.05
1139,2026-02-13,25.98199999999999
1140,2026-02-14,25.658000000000005
1141,2026-02-15,25.530999999999995
1142,2026-02-16,24.937999999999988
1143,2026-02-17,24.80199999999999
1144,2026-02-18,25.464999999999982
1145,2026-02-19,25.947999999999993
1146,2026-02-20,25.493999999999986
1147,2026-02-21,25.451
1148,2026-02-22,25.237000000000002
1149,2026-02-23,24.854999999999986
1150,2026-02-24,24.960999999999984
1151,2026-02-25,25.58099999999999
1152,2026-02-26,26.021000000000004
1153,2026-02-27,25.757999999999992
1154,2026-02-28,25.572000000000003
1155,2026-03-01,25.415999999999993
1156,2026-03-02,25.009999999999977
1157,2026-03-03,25.03999999999998
1158,2026-03-04,25.364999999999995
1159,2026-03-05,26.285999999999987
1160,2026-03-06,25.91099999999999
1161,2026-03-07,25.839999999999996
1162,2026-03-08,25.497
1163,2026-03-09,25.020999999999987
1164,2026-03-10,24.712999999999987
1165,2026-03-11,25.06499999999999
1166,2026-03-12,26.479999999999997
1167,2026-03-13,25.5
1168,2026-03-14,25.923000000000005
1169,2026-03-15,25.587999999999997
1170,2026-03-16,24.55099999999998
1171,2026-03-17,24.51499999999999
1172,2026-03-18,25.196000000000005
1173,2026-03-19,26.33499999999999
1174,2026-03-20,25.570999999999994
1175,2026-03-21,26.046000000000003
1176,2026-03-22,25.546
1177,2026-03-23,24.774999999999995
1178,2026-03-24,24.66999999999999
1179,2026-03-25,25.039
1180,2026-03-26,26.14
1181,2026-03-27,25.74299999999999
1182,2026-03-28,26.386000000000003
1183,2026-03-29,25.705000000000005
1184,2026-03-30,24.285999999999987
1185,2026-03-31,24.425999999999984
1186,2026-04-01,25.190999999999985
1187,2026-04-02,26.188000000000002
1188,2026-04-03,25.903999999999986
1189,2026-04-04,26.255999999999993
1190,2026-04-05,24.953999999999997
1191,2026-04-06,24.78099999999999
1192,2026-04-07,24.41399999999999
1193,2026-04-08,25.234999999999992
1194,2026-04-09,25.716999999999985
1195,2026-04-10,25.72400000000001
1196,2026-04-11,26.268
1197,2026-04-12,25.073999999999977
1198,2026-04-13,24.853999999999992
1199,2026-04-14,24.710999999999984
1200,2026-04-15,24.993999999999996
1201,2026-04-16,25.632999999999992
1202,2026-04-17,25.727999999999984
1203,2026-04-18,26.023000000000003
1204,2026-04-19,25.217000000000013
1205,2026-04-20,24.768999999999988
1206,2026-04-21,24.880999999999975
1207,2026-04-22,25.020999999999994
1208,2026-04-23,25.656000000000002
1209,2026-04-24,25.73599999999999
1210,2026-04-25,26.175000000000004
1211,2026-04-26,25.58
1212,2026-04-27,24.654999999999994
1213,2026-04-28,25.038999999999984
1214,2026-04-29,25.303999999999995
1215,2026-04-30,25.673999999999996
1216,2026-05-01,25.69199999999999
1217,2026-05-02,26.287
1218,2026-05-03,25.406999999999993
1219,2026-05-04,24.782999999999987
1220,2026-05-05,25.12699999999998
1221,2026-05-06,24.983999999999995
1222,2026-05-07,25.531999999999996
1223,2026-05-08,25.833999999999996
1224,2026-05-09,26.128
1225,2026-05-10,25.531000000000002
1226,2026-05-11,24.782999999999994
1227,2026-05-12,24.595999999999982
1228,2026-05-13,24.706999999999994
1229,2026-05-14,25.281999999999993
1230,2026-05-15,26.09299999999999
1231,2026-05-16,25.355000000000004
1232,2026-05-17,25.62699999999999
1233,2026-05-18,24.931000000000004
1234,2026-05-19,24.861999999999984
1235,2026-05-20,24.796999999999993
1236,2026-05-21,25.416999999999987
1237,2026-05-22,25.943999999999992
1238,2026-05-23,25.629
1239,2026-05-24,25.608999999999988
1240,2026-05-25,25.18399999999999
1241,2026-05-26,24.968999999999983
1242,2026-05-27,24.841999999999985
1243,2026-05-28,25.429999999999996
1244,2026-05-29,26.183000000000003
1245,2026-05-30,25.780000000000005
1246,2026-05-31,25.73399999999999
1247,2026-06-01,25.392
1248,2026-06-02,24.956999999999976
1249,2026-06-03,24.62799999999999
1250,2026-06-04,25.291999999999998
1251,2026-06-05,26.57299999999999
1252,2026-06-06,25.631999999999994
1253,2026-06-07,25.88899999999999
1254,2026-06-08,25.386999999999997
1255,2026-06-09,24.90599999999997
1256,2026-06-10,24.76399999999999
1257,2026-06-11,25.541000000000004
1258,2026-06-12,26.285999999999987
1259,2026-06-13,25.67299999999999
1260,2026-06-14,26.066999999999993
1261,2026-06-15,25.608000000000008
1262,2026-06-16,24.626999999999985
1263,2026-06-17,24.732999999999993
1264,2026-06-18,25.012999999999987
1265,2026-06-19,26.327
1266,2026-06-20,25.64099999999999
1267,2026-06-21,26.271
1268,2026-06-22,25.869
1269,2026-06-23,24.609999999999992
1270,2026-06-24,24.29999999999999
1271,2026-06-25,24.96099999999999
1272,2026-06-26,26.161000000000005
1273,2026-06-27,25.736999999999988
1274,2026-06-28,25.810999999999993
1275,2026-06-29,25.724999999999994
1276,2026-06-30,24.29299999999999
1277,2026-07-01,24.349999999999994
1278,2026-07-02,25.133999999999986
1279,2026-07-03,26.306000000000008
1280,2026-07-04,25.68599999999999
1281,2026-07-05,25.881
1282,2026-07-06,24.79799999999999
1283,2026-07-07,24.90599999999999
1284,2026-07-08,24.418000000000003
1285,2026-07-09,24.941
1286,2026-07-10,26.04799999999998
1287,2026-07-11,25.686000000000003
1288,2026-07-12,26.117000000000008
1289,2026-07-13,25.075999999999993
1290,2026-07-14,24.609999999999992
1291,2026-07-15,24.69299999999998
1292,2026-07-16,25.564
1293,2026-07-17,25.516000000000005
1294,2026-07-18,25.65899999999999
1295,2026-07-19,26.139
1296,2026-07-20,24.32999999999999
1297,2026-07-21,24.551999999999992
1298,2026-07-22,24.79699999999999
1299,2026-07-23,25.477999999999987
1300,2026-07-24,25.555999999999994
1301,2026-07-25,25.685999999999986
1302,2026-07-26,25.971999999999998
1303,2026-07-27,24.680000000000003
1304,2026-07-28,24.59299999999999
1305,2026-07-29,25.02499999999998
1306,2026-07-30,25.508999999999983
1307,2026-07-31,25.678999999999995
1308,2026-08-01,25.741
1309,2026-08-02,25.96199999999999
1310,2026-08-03,24.626999999999995
1311,2026-08-04,24.477999999999984
1312,2026-08-05,25.234999999999985
1313,2026-08-06,25.326999999999988
1314,2026-08-07,25.589000000000006
1315,2026-08-08,25.651999999999997
1316,2026-08-09,25.974000000000004
1317,2026-08-10,24.936000000000003
1318,2026-08-11,24.525
1319,2026-08-12,25.309
1320,2026-08-13,25.350999999999985
1321,2026-08-14,25.545
1322,2026-08-15,25.631999999999994
1323,2026-08-16,25.939000000000007
1324,2026-08-17,24.828999999999994
1325,2026-08-18,24.749000000000002
1326,2026-08-19,25.319999999999997
1327,2026-08-20,25.612
1328,2026-08-21,25.628999999999998
1329,2026-08-22,25.75699999999999
1330,2026-08-23,26.131999999999998
1331,2026-08-24,24.91899999999998
1332,2026-08-25,24.656999999999996
1333,2026-08-26,25.239
1334,2026-08-27,25.336999999999986
1335,2026-08-28,25.535
1336,2026-08-29,25.961
1337,2026-08-30,26.156999999999993
1338,2026-08-31,25.09799999999999
1339,2026-09-01,24.775000000000006
1340,2026-09-02,25.052999999999997
1341,2026-09-03,25.198999999999984
1342,2026-09-04,25.59699999999999
1343,2026-09-05,25.904999999999994
1344,2026-09-06,26.346000000000007
1345,2026-09-07,24.72999999999999
1346,2026-09-08,24.92399999999999
1347,2026-09-09,25.32199999999999
1348,2026-09-10,25.193999999999996
1349,2026-09-11,25.588999999999988
1350,2026-09-12,26.036999999999992
1351,2026-09-13,25.984
1352,2026-09-14,24.848999999999993
1353,2026-09-15,25.047999999999988
1354,2026-09-16,25.039999999999996
1355,2026-09-17,25.166999999999998
1356,2026-09-18,25.680999999999994
1357,2026-09-19,25.808999999999997
1358,2026-09-20,25.982000000000003
1359,2026-09-21,24.804999999999996
1360,2026-09-22,25.255999999999986
1361,2026-09-23,25.099999999999987
1362,2026-09-24,24.927999999999997
1363,2026-09-25,25.703999999999997
1364,2026-09-26,26.182999999999982
1365,2026-09-27,26.066000000000003
1366,2026-09-28,24.756999999999998
1367,2026-09-29,25.267999999999997
1368,2026-09-30,25.123999999999988
1369,2026-10-01,24.748999999999995
1370,2026-10-02,25.870999999999995
1371,2026-10-03,26.13299999999999
1372,2026-10-04,25.888999999999992
1373,2026-10-05,24.823999999999998
1374,2026-10-06,25.394000000000005
1375,2026-10-07,25.03099999999998
1376,2026-10-08,25.373999999999995
1377,2026-10-09,26.013999999999996
1378,2026-10-10,26.018
1379,2026-10-11,26.066999999999997
1380,2026-10-12,24.88599999999999
1381,2026-10-13,25.162999999999993
1382,2026-10-14,25.041
1383,2026-10-15,24.933999999999987
1384,2026-10-16,25.714999999999986
1385,2026-10-17,26.293999999999993
1386,2026-10-18,26.019999999999992
1387,2026-10-19,24.95499999999999
1388,2026-10-20,25.508999999999993
1389,2026-10-21,25.08799999999998
1390,2026-10-22,24.655
1391,2026-10-23,25.621999999999993
1392,2026-10-24,26.182000000000006
1393,2026-10-25,25.88900000000001
1394,2026-10-26,24.965999999999994
1395,2026-10-27,25.495
1396,2026-10-28,24.85199999999998
1397,2026-10-29,24.853
1398,2026-10-30,25.518
1399,2026-10-31,26.12300000000002
1400,2026-11-01,25.718999999999998
1401,2026-11-02,24.78599999999998
1402,2026-11-03,25.47299999999999
1403,2026-11-04,24.785999999999987
1404,2026-11-05,25.005
1405,2026-11-06,25.35699999999999
1406,2026-11-07,26.26800000000001
1407,2026-11-08,25.789999999999992
1408,2026-11-09,24.921000000000003
1409,2026-11-10,25.31599999999999
1410,2026-11-11,24.576999999999984
1411,2026-11-12,25.126999999999985
1412,2026-11-13,25.691999999999986
1413,2026-11-14,26.086000000000016
1414,2026-11-15,25.89
1415,2026-11-16,24.727999999999994
1416,2026-11-17,25.315999999999995
1417,2026-11-18,24.721999999999984
1418,2026-11-19,24.704000000000004
1419,2026-11-20,25.931999999999988
1420,2026-11-21,25.81700000000001
1421,2026-11-22,25.950000000000003
1422,2026-11-23,24.754000000000005
1423,2026-11-24,25.340999999999998
1424,2026-11-25,24.738999999999983
1425,2026-11-26,25.23199999999999
1426,2026-11-27,25.82299999999999
1427,2026-11-28,25.929000000000002
1428,2026-11-29,26.129
1429,2026-11-30,24.951
1430,2026-12-01,25.313999999999993
1431,2026-12-02,24.682999999999982
1432,2026-12-03,24.903
1433,2026-12-04,25.91699999999998
1434,2026-12-05,25.771000000000008
1435,2026-12-06,26.274999999999995
1436,2026-12-07,25.302999999999983
1437,2026-12-08,25.51099999999999
1438,2026-12-09,24.819999999999972
1439,2026-12-10,25.266999999999992
1440,2026-12-11,25.746000000000002
1441,2026-12-12,26.093999999999983
1442,2026-12-13,25.864999999999995
1443,2026-12-14,25.326999999999995
1444,2026-12-15,25.364999999999995
1445,2026-12-16,24.680999999999987
1446,2026-12-17,25.371000000000013
1447,2026-12-18,25.71399999999999
1448,2026-12-19,25.903000000000002
1449,2026-12-20,26.101999999999997
1450,2026-12-21,25.48199999999999
1451,2026-12-22,25.276999999999994
1452,2026-12-23,24.510999999999985
1453,2026-12-24,24.796999999999993
1454,2026-12-25,25.587999999999987
1455,2026-12-26,25.984
1456,2026-12-27,25.542
1457,2026-12-28,25.261
1458,2026-12-29,25.237999999999992
1459,2026-12-30,24.909999999999986
1460,2026-12-31,24.986999999999995
1461,2027-01-01,25.52399999999999
1462,2027-01-02,26.05400000000001
1463,2027-01-03,25.766
1464,2027-01-04,25.283
1465,2027-01-05,25.447999999999997
1466,2027-01-06,24.89999999999998
1467,2027-01-07,25.184999999999988
1468,2027-01-08,25.44799999999999
1469,2027-01-09,26.25
1470,2027-01-10,25.838
1471,2027-01-11,25.64599999999999
1472,2027-01-12,25.371999999999993
1473,2027-01-13,24.751999999999985
1474,2027-01-14,25.353000000000005
1475,2027-01-15,25.473999999999993
1476,2027-01-16,26.034000000000002
1477,2027-01-17,25.747999999999994
1478,2027-01-18,25.226000000000003
1479,2027-01-19,25.403000000000002
1480,2027-01-20,24.215999999999987
1481,2027-01-21,25.505
1482,2027-01-22,25.135999999999996
1483,2027-01-23,25.912000000000013
1484,2027-01-24,25.470999999999993
1485,2027-01-25,25.197999999999993
1486,2027-01-26,25.32099999999999
1487,2027-01-27,24.341999999999995
1488,2027-01-28,25.320999999999994
1489,2027-01-29,25.366
1490,2027-01-30,25.718000000000014
1491,2027-01-31,25.70599999999999
1492,2027-02-01,25.292999999999996
1493,2027-02-02,25.102999999999994
1494,2027-02-03,24.526999999999983
1495,2027-02-04,25.508000000000003
1496,2027-02-05,25.413999999999984
1497,2027-02-06,25.564999999999994
1498,2027-02-07,25.520999999999994
1499,2027-02-08,25.044999999999995
1500,2027-02-09,24.544999999999995
1501,2027-02-10,24.888999999999992
1502,2027-02-11,25.503999999999984
1503,2027-02-12,25.72499999999999
1504,2027-02-13,25.677999999999994
1505,2027-02-14,25.166999999999994
1506,2027-02-15,24.939999999999994
1507,2027-02-16,24.75399999999999
1508,2027-02-17,25.283999999999995
1509,2027-02-18,25.38299999999999
1510,2027-02-19,25.632
1511,2027-02-20,25.65299999999999
1512,2027-02-21,25.546999999999997
1513,2027-02-22,25.012999999999984
1514,2027-02-23,24.594999999999978
1515,2027-02-24,25.268000000000008
1516,2027-02-25,25.66399999999999
1517,2027-02-26,25.583999999999993
1518,2027-02-27,25.59099999999999
1519,2027-02-28,25.120999999999995
1520,2027-03-01,25.084999999999976
1521,2027-03-02,24.93699999999999
1522,2027-03-03,25.42599999999999
1523,2027-03-04,25.679000000000002
1524,2027-03-05,25.7
1525,2027-03-06,25.577999999999992
1526,2027-03-07,24.905
1527,2027-03-08,24.772
1528,2027-03-09,25.15899999999999
1529,2027-03-10,25.50199999999999
1530,2027-03-11,25.589999999999996
1531,2027-03-12,25.688000000000002
1532,2027-03-13,25.46
1533,2027-03-14,25.130999999999986
1534,2027-03-15,24.547999999999984
1535,2027-03-16,25.30400000000001
1536,2027-03-17,25.659999999999986
1537,2027-03-18,25.531999999999993
1538,2027-03-19,25.62699999999999
1539,2027-03-20,24.883999999999986
1540,2027-03-21,24.12599999999999
1541,2027-03-22,24.85
1542,2027-03-23,25.504999999999992
1543,2027-03-24,25.664
1544,2027-03-25,25.638999999999992
1545,2027-03-26,24.93699999999998
1546,2027-03-27,25.03
1547,2027-03-28,24.671999999999983
1548,2027-03-29,25.324999999999985
1549,2027-03-30,25.57799999999999
1550,2027-03-31,25.58199999999999
1551,2027-04-01,25.687999999999988
1552,2027-04-02,25.14599999999999
1553,2027-04-03,25.00299999999998
1554,2027-04-04,24.812999999999988
1555,2027-04-05,25.367999999999988
1556,2027-04-06,25.68799999999999
1557,2027-04-07,25.646
1558,2027-04-08,25.609999999999996
1559,2027-04-09,24.953999999999994
1560,2027-04-10,25.119999999999983
1561,2027-04-11,24.84699999999999
1562,2027-04-12,25.330999999999985
1563,2027-04-13,25.743000000000002
1564,2027-04-14,25.672999999999988
1565,2027-04-15,25.79799999999999
1566,2027-04-16,25.10999999999998
1567,2027-04-17,24.769999999999992
1568,2027-04-18,24.91699999999998
1569,2027-04-19,25.22999999999999
1570,2027-04-20,25.72000000000001
1571,2027-04-21,25.726999999999997
1572,2027-04-22,25.837000000000003
1573,2027-04-23,24.973999999999997
1574,2027-04-24,24.814999999999984
1575,2027-04-25,25.234999999999985
1576,2027-04-26,25.296999999999997
1577,2027-04-27,25.581000000000003
1578,2027-04-28,25.653
1579,2027-04-29,25.963000000000008
1580,2027-04-30,25.12799999999999
1581,2027-05-01,24.687999999999985
1582,2027-05-02,25.244000000000007
1583,2027-05-03,25.31099999999999
1584,2027-05-04,25.543000000000003
1585,2027-05-05,25.604
1586,2027-05-06,26.34700000000001
1587,2027-05-07,24.791999999999998
1588,2027-05-08,24.926999999999992
1589,2027-05-09,25.267999999999997
1590,2027-05-10,25.130999999999986
1591,2027-05-11,25.56999999999999
1592,2027-05-12,25.51299999999999
1593,2027-05-13,26.282000000000004
1594,2027-05-14,24.890999999999995
1595,2027-05-15,24.748999999999988
1596,2027-05-16,25.314000000000007
1597,2027-05-17,24.791999999999984
1598,2027-05-18,25.579999999999988
1599,2027-05-19,25.563999999999993
1600,2027-05-20,26.070000000000004
1601,2027-05-21,25.069999999999997
1602,2027-05-22,24.515
1603,2027-05-23,25.24499999999999
1604,2027-05-24,24.667999999999992
1605,2027-05-25,25.504999999999995
1606,2027-05-26,25.74299999999999
1607,2027-05-27,25.80200000000001
1608,2027-05-28,24.371
1609,2027-05-29,24.574000000000016
1610,2027-05-30,25.156999999999996
1611,2027-05-31,24.760999999999996
1612,2027-06-01,25.49599999999999
1613,2027-06-02,25.745999999999995
1614,2027-06-03,25.655999999999985
1615,2027-06-04,24.866000000000014
1616,2027-06-05,24.814999999999994
1617,2027-06-06,25.206000000000003
1618,2027-06-07,25.042999999999992
1619,2027-06-08,25.538999999999987
1620,2027-06-09,25.76100000000001
1621,2027-06-10,25.612
1622,2027-06-11,25.102999999999994
1623,2027-06-12,24.850999999999996
1624,2027-06-13,25.22200000000001
1625,2027-06-14,25.460999999999984
1626,2027-06-15,25.451999999999988
1627,2027-06-16,25.67
1628,2027-06-17,25.408999999999995
1629,2027-06-18,24.723999999999986
1630,2027-06-19,24.812999999999985
1631,2027-06-20,25.315000000000005
1632,2027-06-21,25.537999999999997
1633,2027-06-22,25.60399999999999
1634,2027-06-23,25.765
1635,2027-06-24,25.127999999999993
1636,2027-06-25,24.598999999999993
1637,2027-06-26,24.632999999999974
1638,2027-06-27,25.539999999999992
1639,2027-06-28,25.471
1640,2027-06-29,25.635000000000005
1641,2027-06-30,25.737000000000002
1642,2027-07-01,24.176999999999985
1643,2027-07-02,24.570999999999984
1644,2027-07-03,24.802999999999987
1645,2027-07-04,25.649
1646,2027-07-05,25.721999999999994
1647,2027-07-06,25.56599999999999
1648,2027-07-07,24.976999999999997
1649,2027-07-08,24.682999999999996
1650,2027-07-09,24.885999999999985
1651,2027-07-10,25.223999999999993
1652,2027-07-11,25.801999999999992
1653,2027-07-12,25.617000000000004
1654,2027-07-13,25.767999999999994
1655,2027-07-14,25.09999999999998
1656,2027-07-15,24.703999999999986
1657,2027-07-16,25.127999999999982
1658,2027-07-17,25.301999999999992
1659,2027-07-18,25.754000000000005
1660,2027-07-19,25.727999999999994
1661,2027-07-20,25.949
1662,2027-07-21,25.006999999999998
1663,2027-07-22,24.665999999999986
1664,2027-07-23,25.047999999999984
1665,2027-07-24,25.27999999999999
1666,2027-07-25,25.640000000000004
1667,2027-07-26,25.557
1668,2027-07-27,26.068000000000005
1669,2027-07-28,24.973999999999986
1670,2027-07-29,24.63699999999999
1671,2027-07-30,25.128999999999984
1672,2027-07-31,25.13699999999999
1673,2027-08-01,25.747
1674,2027-08-02,25.68599999999999
1675,2027-08-03,26.405000000000015
1676,2027-08-04,24.79399999999998
1677,2027-08-05,24.686999999999994
1678,2027-08-06,24.82599999999999
1679,2027-08-07,25.21199999999999
1680,2027-08-08,25.848999999999993
1681,2027-08-09,25.78899999999999
1682,2027-08-10,26.504
1683,2027-08-11,25.020999999999994
1684,2027-08-12,24.866999999999994
1685,2027-08-13,24.879999999999995
1686,2027-08-14,24.771999999999988
1687,2027-08-15,25.75599999999999
1688,2027-08-16,25.842000000000002
1689,2027-08-17,26.103
1690,2027-08-18,25.097999999999985
1691,2027-08-19,24.881999999999994
1692,2027-08-20,25.144999999999992
1693,2027-08-21,25.029
1694,2027-08-22,25.913999999999984
1695,2027-08-23,25.970999999999986
1696,2027-08-24,26.48
1697,2027-08-25,24.979999999999997
1698,2027-08-26,24.88199999999999
1699,2027-08-27,25.081
1700,2027-08-28,25.336999999999986
1701,2027-08-29,25.348999999999997
1702,2027-08-30,26.001999999999995
1703,2027-08-31,26.243
1704,2027-09-01,25.261999999999986
1705,2027-09-02,25.203999999999994
1706,2027-09-03,24.884999999999987
1707,2027-09-04,25.203999999999986
1708,2027-09-05,25.46599999999999
1709,2027-09-06,25.971999999999994
1710,2027-09-07,25.859
1711,2027-09-08,25.431999999999995
1712,2027-09-09,25.444000000000003
1713,2027-09-10,24.57199999999999
1714,2027-09-11,25.42200000000001
1715,2027-09-12,25.119999999999987
1716,2027-09-13,25.939000000000007
1717,2027-09-14,26.18499999999999
1718,2027-09-15,25.449999999999974
1719,2027-09-16,25.641999999999992
1720,2027-09-17,24.413999999999987
1721,2027-09-18,25.086999999999986
1722,2027-09-19,25.436999999999998
1723,2027-09-20,26.043999999999997
1724,2027-09-21,26.039999999999996
1725,2027-09-22,25.283999999999978
1726,2027-09-23,24.885999999999996
1727,2027-09-24,24.649999999999977
1728,2027-09-25,24.975
1729,2027-09-26,25.226999999999993
1730,2027-09-27,25.425999999999995
1731,2027-09-28,26.096
1732,2027-09-29,25.78
1733,2027-09-30,24.78899999999999
1734,2027-10-01,24.91299999999999
1735,2027-10-02,24.73899999999999
1736,2027-10-03,25.41800000000001
1737,2027-10-04,25.70699999999999
1738,2027-10-05,25.637000000000008
1739,2027-10-06,25.858
1740,2027-10-07,24.823
1741,2027-10-08,25.051999999999975
1742,2027-10-09,24.817999999999987
1743,2027-10-10,25.305
1744,2027-10-11,25.74
1745,2027-10-12,25.647999999999993
1746,2027-10-13,26.135000000000005
1747,2027-10-14,24.951999999999998
1748,2027-10-15,24.223
1749,2027-10-16,24.797999999999984
1750,2027-10-17,25.214999999999982
1751,2027-10-18,25.61799999999999
1752,2027-10-19,25.647999999999996
1753,2027-10-20,26.25700000000001
1754,2027-10-21,25.05599999999998
1755,2027-10-22,24.669
1756,2027-10-23,24.889999999999976
1757,2027-10-24,25.046999999999983
1758,2027-10-25,25.773999999999997
1759,2027-10-26,25.611999999999988
1760,2027-10-27,26.518999999999995
1761,2027-10-28,25.020999999999987
1762,2027-10-29,24.687999999999988
1763,2027-10-30,25.02399999999999
1764,2027-10-31,25.625999999999987
1765,2027-11-01,25.629
1766,2027-11-02,25.55999999999999
1767,2027-11-03,26.601999999999993
1768,2027-11-04,24.93299999999997
1769,2027-11-05,24.834999999999994
1770,2027-11-06,25.122999999999994
1771,2027-11-07,24.83399999999999
1772,2027-11-08,25.590999999999987
1773,2027-11-09,25.752
1774,2027-11-10,26.044
1775,2027-11-11,24.89999999999999
1776,2027-11-12,24.765999999999995
1777,2027-11-13,24.994999999999987
1778,2027-11-14,24.805999999999994
1779,2027-11-15,25.650999999999996
1780,2027-11-16,26.066999999999993
1781,2027-11-17,25.772000000000006
1782,2027-11-18,24.729999999999986
1783,2027-11-19,24.787
1784,2027-11-20,25.450999999999986
1785,2027-11-21,24.710999999999995
1786,2027-11-22,25.80099999999999
1787,2027-11-23,26.081999999999994
1788,2027-11-24,25.747999999999994
1789,2027-11-25,24.739999999999988
1790,2027-11-26,24.61799999999999
1791,2027-11-27,25.216999999999995
1792,2027-11-28,25.065999999999995
1793,2027-11-29,26.06499999999999
1794,2027-11-30,25.992000000000008
1795,2027-12-01,25.599999999999987
1796,2027-12-02,24.940999999999995
1797,2027-12-03,24.462999999999987
1798,2027-12-04,25.327
1799,2027-12-05,25.318
1800,2027-12-06,25.607999999999983
1801,2027-12-07,26.019000000000005
1802,2027-12-08,25.29899999999999
1803,2027-12-09,24.934999999999988
1804,2027-12-10,24.734999999999985
1805,2027-12-11,25.325999999999993
1806,2027-12-12,25.44499999999999
1807,2027-12-13,25.61499999999999
1808,2027-12-14,26.10000000000001
1809,2027-12-15,25.452999999999996
1810,2027-12-16,24.917999999999985
1811,2027-12-17,24.53599999999998
1812,2027-12-18,25.031
1813,2027-12-19,25.570999999999994
1814,2027-12-20,25.646999999999995
1815,2027-12-21,26.200000000000003
1816,2027-12-22,25.289999999999996
1817,2027-12-23,24.674999999999983
1818,2027-12-24,24.74699999999998
1819,2027-12-25,25.241999999999994
1820,2027-12-26,25.677999999999997
1821,2027-12-27,25.527999999999984
1822,2027-12-28,26.326000000000004
1823,2027-12-29,25.51199999999999
1824,2027-12-30,24.931999999999995
1825,2027-12-31,24.551999999999985
1826,2028-01-01,24.965000000000003
1827,2028-01-02,25.727999999999998
1828,2028-01-03,25.652999999999988
1829,2028-01-04,26.252999999999997
1830,2028-01-05,25.44199999999999
1831,2028-01-06,24.793999999999986
1832,2028-01-07,24.74899999999998
1833,2028-01-08,24.79599999999999
1834,2028-01-09,25.526999999999994
1835,2028-01-10,25.803999999999988
1836,2028-01-11,25.439
1837,2028-01-12,25.383000000000003
1838,2028-01-13,24.95099999999999
1839,2028-01-14,24.762999999999987
1840,2028-01-15,25.066999999999993
1841,2028-01-16,25.434999999999988
1842,2028-01-17,25.806999999999995
1843,2028-01-18,25.74499999999999
1844,2028-01-19,25.449999999999996
1845,2028-01-20,25.04799999999998
1846,2028-01-21,24.643999999999977
1847,2028-01-22,24.77799999999999
1848,2028-01-23,25.230999999999984
1849,2028-01-24,25.745999999999995
1850,2028-01-25,25.64099999999999
1851,2028-01-26,25.614999999999988
1852,2028-01-27,25.05099999999998
1853,2028-01-28,24.89599999999999
1854,2028-01-29,24.97499999999998
1855,2028-01-30,25.46399999999999
1856,2028-01-31,25.655
1857,2028-02-01,25.753
1858,2028-02-02,25.432999999999996
1859,2028-02-03,24.880999999999993
1860,2028-02-04,24.810999999999986
1861,2028-02-05,25.260999999999985
1862,2028-02-06,25.26599999999999
1863,2028-02-07,25.726999999999993
1864,2028-02-08,25.801999999999992
1865,2028-02-09,25.587999999999994
1866,2028-02-10,25.05599999999999
1867,2028-02-11,24.806999999999984
1868,2028-02-12,25.15700000000001
1869,2028-02-13,25.385999999999996
1870,2028-02-14,25.557
1871,2028-02-15,25.867000000000004
1872,2028-02-16,25.723999999999997
1873,2028-02-17,24.519000000000002
1874,2028-02-18,24.78499999999998
1875,2028-02-19,25.27500000000001
1876,2028-02-20,25.552
1877,2028-02-21,25.645999999999994
1878,2028-02-22,25.777000000000008
1879,2028-02-23,25.266000000000005
1880,2028-02-24,24.797999999999984
1881,2028-02-25,24.86499999999998
1882,2028-02-26,25.532999999999998
1883,2028-02-27,25.604
1884,2028-02-28,25.685999999999986
1885,2028-02-29,25.714000000000006
1886,2028-03-01,25.268999999999995
1887,2028-03-02,24.72199999999998
1888,2028-03-03,24.897999999999975
1889,2028-03-04,25.489999999999988
1890,2028-03-05,25.568
1891,2028-03-06,25.67199999999999
1892,2028-03-07,25.576000000000004
1893,2028-03-08,25.253999999999987
1894,2028-03-09,24.746999999999986
1895,2028-03-10,24.929999999999982
1896,2028-03-11,25.566999999999993
1897,2028-03-12,25.552
1898,2028-03-13,25.662999999999993
1899,2028-03-14,25.526000000000003
1900,2028-03-15,25.19599999999999
1901,2028-03-16,24.691999999999986
1902,2028-03-17,24.894999999999982
1903,2028-03-18,25.56199999999999
1904,2028-03-19,25.533
1905,2028-03-20,25.54999999999999
1906,2028-03-21,25.381
1907,2028-03-22,25.397
1908,2028-03-23,24.79999999999999
1909,2028-03-24,24.99099999999999
1910,2028-03-25,25.544
1911,2028-03-26,25.645
1912,2028-03-27,25.664999999999992
1913,2028-03-28,25.326
1914,2028-03-29,25.296999999999997
1915,2028-03-30,24.73599999999998
1916,2028-03-31,25.22899999999998
1917,2028-04-01,25.54699999999999
1918,2028-04-02,25.479999999999997
1919,2028-04-03,25.68999999999999
1920,2028-04-04,25.402999999999988
1921,2028-04-05,25.317999999999987
1922,2028-04-06,24.514999999999976
1923,2028-04-07,25.36500000000001
1924,2028-04-08,25.517999999999986
1925,2028-04-09,25.452999999999992
1926,2028-04-10,25.66
1927,2028-04-11,24.885999999999985
1928,2028-04-12,25.111999999999995
1929,2028-04-13,24.653999999999996
1930,2028-04-14,25.362
1931,2028-04-15,25.67699999999999
1932,2028-04-16,25.582999999999988
1933,2028-04-17,25.60499999999999
1934,2028-04-18,25.087999999999983
1935,2028-04-19,24.67299999999999
1936,2028-04-20,24.883999999999986
1937,2028-04-21,25.35799999999999
1938,2028-04-22,25.676000000000002
1939,2028-04-23,25.704999999999995
1940,2028-04-24,25.712999999999994
1941,2028-04-25,24.60099999999999
1942,2028-04-26,24.731999999999985
1943,2028-04-27,25.067999999999984
1944,2028-04-28,25.523999999999997
1945,2028-04-29,25.653
1946,2028-04-30,25.675999999999995
1947,2028-05-01,25.559
1948,2028-05-02,24.81099999999999
1949,2028-05-03,24.74599999999998
1950,2028-05-04,24.977999999999998
1951,2028-05-05,25.46599999999999
1952,2028-05-06,25.733999999999995
1953,2028-05-07,25.731000000000005
1954,2028-05-08,25.447000000000003
1955,2028-05-09,24.814999999999984
1956,2028-05-10,24.660999999999976
1957,2028-05-11,25.17399999999998
1958,2028-05-12,25.31999999999999
1959,2028-05-13,25.736999999999995
1960,2028-05-14,25.665
1961,2028-05-15,25.71399999999999
1962,2028-05-16,24.813999999999993
1963,2028-05-17,24.80999999999998
1964,2028-05-18,25.26400000000001
1965,2028-05-19,25.293999999999997
1966,2028-05-20,25.667999999999996
1967,2028-05-21,25.709
1968,2028-05-22,25.49299999999999
1969,2028-05-23,25.01299999999999
1970,2028-05-24,24.58999999999997
1971,2028-05-25,25.256000000000007
1972,2028-05-26,25.438999999999993
1973,2028-05-27,25.61
1974,2028-05-28,25.58299999999999
1975,2028-05-29,25.11599999999999
1976,2028-05-30,25.043999999999983
1977,2028-05-31,24.764999999999986
1978,2028-06-01,25.55799999999999
1979,2028-06-02,25.594999999999985
1980,2028-06-03,25.673999999999992
1981,2028-06-04,25.545999999999996
1982,2028-06-05,24.51899999999999
1983,2028-06-06,24.931999999999974
1984,2028-06-07,24.663999999999987
1985,2028-06-08,25.570999999999998
1986,2028-06-09,25.471999999999994
1987,2028-06-10,25.503999999999987
1988,2028-06-11,25.206999999999994
1989,2028-06-12,24.779
1990,2028-06-13,25.10699999999998
1991,2028-06-14,24.875999999999994
1992,2028-06-15,25.533999999999995
1993,2028-06-16,25.74299999999999
1994,2028-06-17,25.608999999999995
1995,2028-06-18,25.353999999999996
1996,2028-06-19,24.991999999999994
1997,2028-06-20,24.59699999999999
1998,2028-06-21,25.168999999999986
1999,2028-06-22,25.384999999999987
2000,2028-06-23,25.671
2001,2028-06-24,25.73199999999999
2002,2028-06-25,25.620999999999995
2003,2028-06-26,24.993999999999982
2004,2028-06-27,24.740999999999985
2005,2028-06-28,25.33600000000001
2006,2028-06-29,25.464999999999996
2007,2028-06-30,25.568999999999992
2008,2028-07-01,25.677
2009,2028-07-02,25.208
2010,2028-07-03,25.089999999999982
2011,2028-07-04,24.628999999999987
2012,2028-07-05,25.535999999999998
2013,2028-07-06,25.337999999999983
2014,2028-07-07,25.632
2015,2028-07-08,25.453999999999997
2016,2028-07-09,25.397999999999993
2017,2028-07-10,24.977999999999994
2018,2028-07-11,24.66099999999999
2019,2028-07-12,25.531999999999996
2020,2028-07-13,25.37099999999998
2021,2028-07-14,25.757999999999992
2022,2028-07-15,25.173999999999992
2023,2028-07-16,25.558000000000003
2024,2028-07-17,25.055999999999973
2025,2028-07-18,24.849999999999994
2026,2028-07-19,25.22
2027,2028-07-20,25.50699999999999
2028,2028-07-21,25.730000000000004
2029,2028-07-22,25.699999999999996
2030,2028-07-23,25.405999999999995
2031,2028-07-24,24.962999999999994
2032,2028-07-25,24.66499999999998
2033,2028-07-26,25.37400000000001
2034,2028-07-27,25.292999999999985
2035,2028-07-28,25.671999999999993
2036,2028-07-29,25.592999999999996
2037,2028-07-30,25.484999999999985
2038,2028-07-31,25.08699999999998
2039,2028-08-01,24.554999999999986
2040,2028-08-02,25.304000000000002
2041,2028-08-03,25.515999999999995
2042,2028-08-04,25.512999999999998
2043,2028-08-05,25.699999999999992
2044,2028-08-06,24.78099999999998
2045,2028-08-07,24.723999999999997
2046,2028-08-08,24.78799999999999
2047,2028-08-09,25.540999999999993
2048,2028-08-10,25.719999999999995
2049,2028-08-11,25.79599999999999
2050,2028-08-12,25.603
2051,2028-08-13,24.95899999999999
2052,2028-08-14,24.734999999999992
2053,2028-08-15,24.901999999999983
2054,2028-08-16,25.24599999999999
2055,2028-08-17,25.70999999999999
2056,2028-08-18,25.837000000000003
2057,2028-08-19,25.818
2058,2028-08-20,25.02299999999998
2059,2028-08-21,24.66199999999999
2060,2028-08-22,25.101999999999986
2061,2028-08-23,25.250000000000004
2062,2028-08-24,25.591999999999995
2063,2028-08-25,26.044999999999995
2064,2028-08-26,25.761999999999997
2065,2028-08-27,24.965999999999987
2066,2028-08-28,24.714999999999982
2067,2028-08-29,24.86299999999998
2068,2028-08-30,25.338
2069,2028-08-31,25.663999999999998
2070,2028-09-01,25.820000000000004
2071,2028-09-02,25.877
2072,2028-09-03,24.993999999999982
2073,2028-09-04,24.621999999999986
2074,2028-09-05,25.050999999999984
2075,2028-09-06,25.243999999999996
2076,2028-09-07,25.627
2077,2028-09-08,26.105999999999998
2078,2028-09-09,25.92800000000002
2079,2028-09-10,24.763999999999978
2080,2028-09-11,24.869999999999987
2081,2028-09-12,24.92899999999999
2082,2028-09-13,25.40300000000001
2083,2028-09-14,25.778999999999993
2084,2028-09-15,25.755
2085,2028-09-16,26.178999999999995
2086,2028-09-17,24.93499999999999
2087,2028-09-18,24.942999999999994
2088,2028-09-19,25.076999999999988
2089,2028-09-20,24.95899999999999
2090,2028-09-21,25.83399999999998
2091,2028-09-22,25.921999999999993
2092,2028-09-23,26.467000000000006
2093,2028-09-24,25.052999999999983
2094,2028-09-25,24.939999999999987
2095,2028-09-26,25.066000000000003
2096,2028-09-27,25.341999999999985
2097,2028-09-28,25.806999999999988
2098,2028-09-29,25.973999999999997
2099,2028-09-30,26.366000000000003
2100,2028-10-01,24.841999999999988
2101,2028-10-02,25.152999999999988
2102,2028-10-03,25.01099999999999
2103,2028-10-04,24.898999999999987
2104,2028-10-05,25.947999999999993
2105,2028-10-06,26.386999999999993
2106,2028-10-07,25.906000000000002
2107,2028-10-08,25.05999999999999
2108,2028-10-09,25.546999999999997
2109,2028-10-10,25.064999999999984
2110,2028-10-11,25.23999999999999
2111,2028-10-12,26.037
2112,2028-10-13,25.701000000000004
2113,2028-10-14,26.221000000000004
2114,2028-10-15,25.032000000000007
2115,2028-10-16,25.316999999999986
2116,2028-10-17,25.03199999999999
2117,2028-10-18,24.85399999999999
2118,2028-10-19,25.617999999999988
2119,2028-10-20,25.566
2120,2028-10-21,25.876999999999995
2121,2028-10-22,24.941999999999986
2122,2028-10-23,25.291999999999998
2123,2028-10-24,25.053999999999977
2124,2028-10-25,25.183999999999983
2125,2028-10-26,25.799
2126,2028-10-27,25.341999999999988
2127,2028-10-28,26.099000000000004
2128,2028-10-29,24.723000000000003
2129,2028-10-30,25.406999999999993
2130,2028-10-31,25.380999999999993
2131,2028-11-01,25.00999999999999
2132,2028-11-02,25.754999999999992
2133,2028-11-03,25.441
2134,2028-11-04,26.552999999999994
2135,2028-11-05,24.697999999999997
2136,2028-11-06,25.857999999999993
2137,2028-11-07,25.162999999999997
2138,2028-11-08,24.610999999999986
2139,2028-11-09,25.836999999999993
2140,2028-11-10,25.77599999999999
2141,2028-11-11,26.374999999999986
2142,2028-11-12,25.486999999999988
2143,2028-11-13,25.982999999999993
2144,2028-11-14,25.349999999999987
2145,2028-11-15,25.12399999999999
2146,2028-11-16,25.62
2147,2028-11-17,26.133999999999983
2148,2028-11-18,26.524999999999988
2149,2028-11-19,25.26099999999998
2150,2028-11-20,25.875999999999994
2151,2028-11-21,25.035
2152,2028-11-22,24.848999999999986
2153,2028-11-23,25.515
2154,2028-11-24,26.447999999999993
2155,2028-11-25,25.940000000000005
2156,2028-11-26,25.576999999999995
2157,2028-11-27,26.147
2158,2028-11-28,24.92699999999998
2159,2028-11-29,24.47299999999999
2160,2028-11-30,25.25599999999999
2161,2028-12-01,26.416999999999998
2162,2028-12-02,25.477000000000004
2163,2028-12-03,25.699999999999985
2164,2028-12-04,25.432000000000006
2165,2028-12-05,24.749999999999982
2166,2028-12-06,24.438
2167,2028-12-07,25.33299999999999
2168,2028-12-08,26.15599999999999
2169,2028-12-09,25.741
2170,2028-12-10,25.82399999999999
2171,2028-12-11,24.942999999999994
2172,2028-12-12,24.597999999999992
2173,2028-12-13,24.511
2174,2028-12-14,25.399000000000004
2175,2028-12-15,25.83299999999998
2176,2028-12-16,25.635999999999996
2177,2028-12-17,25.810999999999993
2178,2028-12-18,24.949
2179,2028-12-19,24.692999999999984
2180,2028-12-20,24.775999999999996
2181,2028-12-21,25.245999999999995
2182,2028-12-22,25.705
2183,2028-12-23,25.67899999999999
2184,2028-12-24,25.919
2185,2028-12-25,24.957999999999988
2186,2028-12-26,24.76199999999999
2187,2028-12-27,24.964999999999986
2188,2028-12-28,25.272000000000002
2189,2028-12-29,25.730000000000008
2190,2028-12-30,25.630999999999993
2191,2028-12-31,26.197000000000006
2192,2029-01-01,24.97799999999998
2193,2029-01-02,24.942999999999987
2194,2029-01-03,25.25799999999999
2195,2029-01-04,24.956999999999983
2196,2029-01-05,25.616999999999994
2197,2029-01-06,25.611000000000004
2198,2029-01-07,26.345
2199,2029-01-08,25.22599999999998
2200,2029-01-09,24.884999999999987
2201,2029-01-10,25.156999999999993
2202,2029-01-11,24.861999999999995
2203,2029-01-12,25.53499999999999
2204,2029-01-13,25.65
2205,2029-01-14,25.991
2206,2029-01-15,25.489999999999995
2207,2029-01-16,24.95299999999999
2208,2029-01-17,25.34299999999999
2209,2029-01-18,24.62399999999999
2210,2029-01-19,25.291999999999994
2211,2029-01-20,25.608999999999995
2212,2029-01-21,25.95400000000001
2213,2029-01-22,25.68099999999999
2214,2029-01-23,25.027999999999984
2215,2029-01-24,25.419999999999987
2216,2029-01-25,24.668999999999983
2217,2029-01-26,25.330000000000005
2218,2029-01-27,25.439
2219,2029-01-28,25.787000000000013
2220,2029-01-29,25.673999999999996
2221,2029-01-30,25.22999999999999
2222,2029-01-31,25.063999999999993
2223,2029-02-01,24.68699999999999
2224,2029-02-02,25.504000000000005
2225,2029-02-03,25.28399999999999
2226,2029-02-04,25.710999999999995
2227,2029-02-05,25.443999999999992
2228,2029-02-06,25.583999999999996
2229,2029-02-07,24.892999999999986
2230,2029-02-08,24.74199999999999
2231,2029-02-09,25.145
2232,2029-02-10,25.572999999999993
2233,2029-02-11,25.688999999999993
2234,2029-02-12,25.60599999999999
2235,2029-02-13,25.491999999999997
2236,2029-02-14,24.83499999999999
2237,2029-02-15,24.68399999999998
2238,2029-02-16,24.789999999999992
2239,2029-02-17,25.517999999999994
2240,2029-02-18,25.77
2241,2029-02-19,25.831999999999994
2242,2029-02-20,25.320999999999994
2243,2029-02-21,24.894999999999992
2244,2029-02-22,24.713999999999984
2245,2029-02-23,24.90299999999999
2246,2029-02-24,25.16599999999999
2247,2029-02-25,25.861999999999984
2248,2029-02-26,25.73
2249,2029-02-27,25.743999999999993
2250,2029-02-28,25.04699999999999
2251,2029-03-01,24.69599999999999
2252,2029-03-02,25.11699999999998
2253,2029-03-03,25.267
2254,2029-03-04,25.477999999999994
2255,2029-03-05,25.619999999999994
2256,2029-03-06,25.65
2257,2029-03-07,24.917999999999985
2258,2029-03-08,24.680999999999987
2259,2029-03-09,24.833999999999996
2260,2029-03-10,25.58699999999999
2261,2029-03-11,25.78499999999999
2262,2029-03-12,25.718000000000004
2263,2029-03-13,25.482
2264,2029-03-14,25.147999999999993
2265,2029-03-15,24.729999999999986
2266,2029-03-16,24.799999999999986
2267,2029-03-17,25.393999999999988
2268,2029-03-18,25.886
2269,2029-03-19,25.72999999999999
2270,2029-03-20,25.71499999999999
2271,2029-03-21,24.794999999999995
2272,2029-03-22,24.831999999999983
2273,2029-03-23,24.812999999999988
2274,2029-03-24,25.319999999999997
2275,2029-03-25,25.639999999999997
2276,2029-03-26,25.651999999999994
2277,2029-03-27,25.727999999999998
2278,2029-03-28,24.85399999999999
2279,2029-03-29,24.85599999999998
2280,2029-03-30,24.72699999999998
2281,2029-03-31,25.392999999999997
2282,2029-04-01,25.796
2283,2029-04-02,25.62699999999999
2284,2029-04-03,25.596999999999994
2285,2029-04-04,25.16999999999999
2286,2029-04-05,25.043999999999983
2287,2029-04-06,24.78499999999999
2288,2029-04-07,25.526999999999994
2289,2029-04-08,26.096999999999998
2290,2029-04-09,25.778000000000006
2291,2029-04-10,25.40499999999999
2292,2029-04-11,25.489
2293,2029-04-12,24.71699999999998
2294,2029-04-13,24.63299999999999
2295,2029-04-14,25.264999999999986
2296,2029-04-15,26.232000000000006
2297,2029-04-16,25.716999999999988
2298,2029-04-17,25.87799999999999
2299,2029-04-18,25.356999999999992
2300,2029-04-19,24.64999999999998
2301,2029-04-20,24.661999999999985
2302,2029-04-21,25.383000000000017
2303,2029-04-22,26.293999999999997
2304,2029-04-23,25.686999999999994
2305,2029-04-24,26.057
2306,2029-04-25,25.442000000000004
2307,2029-04-26,24.712999999999994
2308,2029-04-27,24.410999999999994
2309,2029-04-28,25.06299999999999
2310,2029-04-29,26.11299999999999
2311,2029-04-30,25.814999999999987
2312,2029-05-01,26.423999999999996
2313,2029-05-02,25.423999999999996
2314,2029-05-03,24.355999999999998
2315,2029-05-04,24.27399999999999
2316,2029-05-05,25.06
2317,2029-05-06,26.162
2318,2029-05-07,26.213999999999995
2319,2029-05-08,26.16399999999999
2320,2029-05-09,25.197
2321,2029-05-10,24.681999999999995
2322,2029-05-11,24.45299999999999
2323,2029-05-12,25.118999999999996
2324,2029-05-13,25.717
2325,2029-05-14,25.81099999999999
2326,2029-05-15,26.292
2327,2029-05-16,25.319999999999986
2328,2029-05-17,24.538999999999998
2329,2029-05-18,24.733999999999977
2330,2029-05-19,24.993999999999993
2331,2029-05-20,25.533
2332,2029-05-21,25.912999999999997
2333,2029-05-22,25.79299999999999
2334,2029-05-23,25.276999999999997
2335,2029-05-24,24.82399999999999
2336,2029-05-25,24.64599999999998
2337,2029-05-26,25.26099999999999
2338,2029-05-27,25.248999999999995
2339,2029-05-28,25.64999999999999
2340,2029-05-29,25.996
2341,2029-05-30,25.505
2342,2029-05-31,25.00299999999999
2343,2029-06-01,24.81699999999998
2344,2029-06-02,25.015000000000004
2345,2029-06-03,25.407999999999998
2346,2029-06-04,25.64999999999999
2347,2029-06-05,25.914000000000005
2348,2029-06-06,25.456000000000003
2349,2029-06-07,25.01699999999998
2350,2029-06-08,24.69399999999998
2351,2029-06-09,24.850999999999985
2352,2029-06-10,25.383999999999993
2353,2029-06-11,25.741999999999994
2354,2029-06-12,25.751000000000012
2355,2029-06-13,25.708999999999993
2356,2029-06-14,24.881999999999977
2357,2029-06-15,24.749999999999982
2358,2029-06-16,24.981999999999974
2359,2029-06-17,25.349999999999994
2360,2029-06-18,25.671999999999997
2361,2029-06-19,25.974999999999994
2362,2029-06-20,25.796000000000006
2363,2029-06-21,24.891999999999985
2364,2029-06-22,24.621999999999986
2365,2029-06-23,24.81999999999999
2366,2029-06-24,25.210000000000004
2367,2029-06-25,25.776
2368,2029-06-26,25.880000000000006
2369,2029-06-27,25.731999999999992
2370,2029-06-28,24.87199999999999
2371,2029-06-29,24.875999999999987
2372,2029-06-30,24.80999999999999
2373,2029-07-01,25.16700000000001
2374,2029-07-02,26.03099999999998
2375,2029-07-03,25.388
2376,2029-07-04,25.743999999999993
2377,2029-07-05,24.935999999999993
2378,2029-07-06,25.09099999999998
2379,2029-07-07,24.773999999999997
2380,2029-07-08,25.267999999999994
2381,2029-07-09,26.004999999999992
2382,2029-07-10,25.588999999999995
2383,2029-07-11,25.777999999999984
2384,2029-07-12,25.288999999999984
2385,2029-07-13,24.748999999999977
2386,2029-07-14,24.876999999999985
2387,2029-07-15,25.384
2388,2029-07-16,25.713000000000008
2389,2029-07-17,25.654999999999987
2390,2029-07-18,25.851999999999997
2391,2029-07-19,25.415
2392,2029-07-20,24.739999999999988
2393,2029-07-21,24.93199999999998
2394,2029-07-22,25.22400000000001
2395,2029-07-23,25.500999999999998
2396,2029-07-24,25.664
2397,2029-07-25,25.945999999999998
2398,2029-07-26,25.35599999999999
2399,2029-07-27,24.70899999999999
2400,2029-07-28,24.815999999999985
2401,2029-07-29,25.540000000000013
2402,2029-07-30,25.325999999999993
2403,2029-07-31,25.697999999999993
2404,2029-08-01,25.99999999999999
2405,2029-08-02,25.753
2406,2029-08-03,24.813999999999993
2407,2029-08-04,24.882999999999978
2408,2029-08-05,24.892
2409,2029-08-06,25.208000000000006
2410,2029-08-07,25.796
2411,2029-08-08,25.69
2412,2029-08-09,25.853999999999996
2413,2029-08-10,25.023000000000003
2414,2029-08-11,24.99299999999998
2415,2029-08-12,25.122999999999987
2416,2029-08-13,25.284000000000006
2417,2029-08-14,25.841999999999988
2418,2029-08-15,25.613000000000003
2419,2029-08-16,26.276000000000018
2420,2029-08-17,25.05199999999998
2421,2029-08-18,25.171999999999983
2422,2029-08-19,25.07099999999998
2423,2029-08-20,24.858999999999988
2424,2029-08-21,25.79499999999999
2425,2029-08-22,25.574999999999996
2426,2029-08-23,26.387999999999998
2427,2029-08-24,24.880999999999986
2428,2029-08-25,25.40099999999999
2429,2029-08-26,24.939999999999984
2430,2029-08-27,25.100999999999985
2431,2029-08-28,25.752999999999997
2432,2029-08-29,25.465999999999987
2433,2029-08-30,26.522999999999982
2434,2029-08-31,25.018999999999988
2435,2029-09-01,25.52599999999999
2436,2029-09-02,25.218999999999987
2437,2029-09-03,24.46799999999999
2438,2029-09-04,25.835
2439,2029-09-05,25.75099999999999
2440,2029-09-06,26.39399999999999
2441,2029-09-07,25.025999999999982
2442,2029-09-08,25.019999999999996
2443,2029-09-09,25.213999999999995
2444,2029-09-10,25.417999999999985
2445,2029-09-11,25.664999999999992
2446,2029-09-12,25.912
2447,2029-09-13,26.654
2448,2029-09-14,25.258999999999983
2449,2029-09-15,25.310999999999982
2450,2029-09-16,25.22000000000001
2451,2029-09-17,24.46399999999999
2452,2029-09-18,25.462999999999997
2453,2029-09-19,26.151
2454,2029-09-20,26.191999999999986
2455,2029-09-21,25.624999999999996
2456,2029-09-22,25.237000000000002
2457,2029-09-23,25.24999999999999
2458,2029-09-24,24.62
2459,2029-09-25,25.385999999999996
2460,2029-09-26,26.58199999999999
2461,2029-09-27,25.789999999999996
2462,2029-09-28,25.862999999999985
2463,2029-09-29,25.403
2464,2029-09-30,24.694999999999986
2465,2029-10-01,24.803999999999988
2466,2029-10-02,25.465
2467,2029-10-03,26.130999999999986
2468,2029-10-04,25.939999999999987
2469,2029-10-05,26.204999999999995
2470,2029-10-06,25.654999999999994
2471,2029-10-07,24.666999999999998
2472,2029-10-08,24.786999999999992
2473,2029-10-09,24.99899999999999
2474,2029-10-10,25.809000000000005
2475,2029-10-11,25.883999999999997
2476,2029-10-12,26.29900000000001
2477,2029-10-13,25.684
2478,2029-10-14,24.504999999999992
2479,2029-10-15,24.77499999999999
2480,2029-10-16,25.425999999999995
2481,2029-10-17,25.811
2482,2029-10-18,25.903000000000002
2483,2029-10-19,26.00100000000001
2484,2029-10-20,25.345
2485,2029-10-21,24.72499999999999
2486,2029-10-22,24.69799999999999
2487,2029-10-23,25.006999999999994
2488,2029-10-24,25.979999999999997
2489,2029-10-25,25.37600000000001
2490,2029-10-26,26.388
2491,2029-10-27,25.357999999999997
2492,2029-10-28,24.77799999999999
2493,2029-10-29,24.589999999999996
2494,2029-10-30,24.985999999999994
2495,2029-10-31,25.659000000000002
2496,2029-11-01,25.87699999999999
2497,2029-11-02,26.256999999999998
2498,2029-11-03,25.428999999999995
2499,2029-11-04,24.681999999999988
2500,2029-11-05,24.61199999999998
2501,2029-11-06,25.14399999999999
2502,2029-11-07,25.507999999999996
2503,2029-11-08,25.945999999999998
2504,2029-11-09,25.870999999999995
2505,2029-11-10,25.13799999999999
2506,2029-11-11,24.566
2507,2029-11-12,24.736999999999977
2508,2029-11-13,25.271
2509,2029-11-14,25.504999999999995
2510,2029-11-15,25.685000000000006
2511,2029-11-16,25.878
2512,2029-11-17,24.738999999999997
2513,2029-11-18,24.728999999999992
2514,2029-11-19,24.80999999999998
2515,2029-11-20,25.583000000000006
2516,2029-11-21,25.639999999999997
2517,2029-11-22,25.756999999999994
2518,2029-11-23,25.939
2519,2029-11-24,24.584999999999994
2520,2029-11-25,24.73999999999999
2521,2029-11-26,24.75299999999998
2522,2029-11-27,25.588
2523,2029-11-28,25.671
2524,2029-11-29,25.863999999999987
2525,2029-11-30,26.075999999999993
2526,2029-12-01,24.693999999999996
2527,2029-12-02,24.671999999999997
2528,2029-12-03,24.951999999999988
2529,2029-12-04,25.311999999999983
2530,2029-12-05,25.616999999999997
2531,2029-12-06,26.116999999999997
2532,2029-12-07,26.142999999999994
2533,2029-12-08,24.732999999999993
2534,2029-12-09,24.56899999999999
2535,2029-12-10,25.170999999999996
2536,2029-12-11,25.388999999999992
2537,2029-12-12,25.688999999999993
2538,2029-12-13,26.066999999999997
2539,2029-12-14,26.141999999999992
2540,2029-12-15,24.778999999999996
2541,2029-12-16,24.758999999999986
2542,2029-12-17,25.162999999999997
2543,2029-12-18,25.16799999999999
2544,2029-12-19,25.753999999999987
2545,2029-12-20,25.882999999999992
2546,2029-12-21,26.70099999999999
2547,2029-12-22,25.054999999999996
2548,2029-12-23,25.10199999999999
2549,2029-12-24,25.249000000000006
2550,2029-12-25,24.695999999999998
2551,2029-12-26,25.80599999999999
2552,2029-12-27,26.062
2553,2029-12-28,26.292999999999985
2554,2029-12-29,24.711999999999993
2555,2029-12-30,24.908
2556,2029-12-31,25.176
2557,2030-01-01,25.212000000000003
2558,2030-01-02,25.969999999999985
2559,2030-01-03,25.825999999999993
2560,2030-01-04,26.359
2561,2030-01-05,24.93399999999999
2562,2030-01-06,24.92699999999999
2563,2030-01-07,25.203000000000003
2564,2030-01-08,25.026999999999997
2565,2030-01-09,25.39899999999998
2566,2030-01-10,26.093999999999998
2567,2030-01-11,26.259000000000004
2568,2030-01-12,25.188999999999986
2569,2030-01-13,25.160999999999987
2570,2030-01-14,25.11799999999999
2571,2030-01-15,25.03499999999999
2572,2030-01-16,25.692999999999987
2573,2030-01-17,26.382999999999978
2574,2030-01-18,26.22
2575,2030-01-19,25.848
2576,2030-01-20,25.667999999999996
2577,2030-01-21,24.747999999999983
2578,2030-01-22,24.660999999999994
2579,2030-01-23,25.640000000000008
2580,2030-01-24,26.042
2581,2030-01-25,25.193999999999992
2582,2030-01-26,26.051000000000002
2583,2030-01-27,25.57500000000001
2584,2030-01-28,24.95199999999998
2585,2030-01-29,24.95200000000001
2586,2030-01-30,25.11799999999999
2587,2030-01-31,26.215999999999998
2588,2030-02-01,25.648999999999983
2589,2030-02-02,26.379999999999995
2590,2030-02-03,25.817000000000004
2591,2030-02-04,24.554999999999996
2592,2030-02-05,25.146999999999984
2593,2030-02-06,25.027999999999988
2594,2030-02-07,25.965
2595,2030-02-08,25.785999999999994
2596,2030-02-09,26.281000000000002
2597,2030-02-10,25.703000000000003
2598,2030-02-11,24.401999999999994
2599,2030-02-12,24.89299999999998
2600,2030-02-13,25.44
2601,2030-02-14,25.512000000000004
2602,2030-02-15,25.917999999999992
2603,2030-02-16,25.745000000000008
2604,2030-02-17,24.83899999999999
2605,2030-02-18,24.748999999999988
2606,2030-02-19,24.546999999999983
2607,2030-02-20,25.365
2608,2030-02-21,25.61
2609,2030-02-22,25.88900000000001
2610,2030-02-23,25.679000000000002
2611,2030-02-24,24.46999999999999
2612,2030-02-25,24.57099999999999
2613,2030-02-26,24.76199999999999
2614,2030-02-27,25.468000000000004
2615,2030-02-28,25.781
2616,2030-03-01,25.773000000000007
2617,2030-03-02,25.109999999999996
2618,2030-03-03,24.817000000000004
2619,2030-03-04,24.835999999999984
2620,2030-03-05,25.004999999999992
2621,2030-03-06,25.427999999999994
2622,2030-03-07,25.917
2623,2030-03-08,25.71
2624,2030-03-09,24.372999999999994
2625,2030-03-10,24.662999999999993
2626,2030-03-11,24.553999999999988
2627,2030-03-12,25.11999999999999
2628,2030-03-13,25.673999999999996
2629,2030-03-14,25.811000000000007
2630,2030-03-15,25.42199999999999
2631,2030-03-16,24.56200000000001
2632,2030-03-17,24.527999999999988
2633,2030-03-18,24.998999999999995
2634,2030-03-19,25.298
2635,2030-03-20,25.718000000000004
2636,2030-03-21,25.78599999999999
2637,2030-03-22,25.84399999999999
2638,2030-03-23,24.734000000000005
2639,2030-03-24,24.66999999999999
2640,2030-03-25,25.481999999999985
2641,2030-03-26,25.251000000000012
2642,2030-03-27,25.670999999999996
2643,2030-03-28,25.86999999999999
2644,2030-03-29,26.018999999999995
2645,2030-03-30,24.712
2646,2030-03-31,24.618999999999993
2647,2030-04-01,25.079000000000004
2648,2030-04-02,25.135000000000005
2649,2030-04-03,25.739999999999995
2650,2030-04-04,26.023000000000003
2651,2030-04-05,25.897000000000006
2652,2030-04-06,24.680999999999997
2653,2030-04-07,24.52699999999999
2654,2030-04-08,25.112999999999985
2655,2030-04-09,24.963999999999995
2656,2030-04-10,25.661999999999992
2657,2030-04-11,26.016000000000005
2658,2030-04-12,25.89600000000001
2659,2030-04-13,24.686000000000003
2660,2030-04-14,24.664999999999996
2661,2030-04-15,25.266999999999985
2662,2030-04-16,25.153999999999993
2663,2030-04-17,25.61699999999999
2664,2030-04-18,26.022000000000002
2665,2030-04-19,25.90200000000001
2666,2030-04-20,24.841999999999995
2667,2030-04-21,24.91199999999999
2668,2030-04-22,25.032000000000004
2669,2030-04-23,25.361000000000004
2670,2030-04-24,25.635
2671,2030-04-25,25.907999999999998
2672,2030-04-26,25.899000000000004
2673,2030-04-27,24.76299999999999
2674,2030-04-28,25.024999999999988
2675,2030-04-29,25.018999999999984
2676,2030-04-30,25.595000000000006
2677,2030-05-01,25.554999999999993
2678,2030-05-02,25.950000000000003
2679,2030-05-03,25.722
2680,2030-05-04,24.370999999999984
2681,2030-05-05,24.963999999999988
2682,2030-05-06,24.998999999999988
2683,2030-05-07,25.60599999999999
2684,2030-05-08,25.558999999999997
2685,2030-05-09,25.808000000000003
2686,2030-05-10,25.248
2687,2030-05-11,24.77799999999999
2688,2030-05-12,25.403999999999982
2689,2030-05-13,25.201999999999984
2690,2030-05-14,25.733
2691,2030-05-15,25.417999999999985
2692,2030-05-16,25.791999999999998
2693,2030-05-17,25.35799999999999
2694,2030-05-18,24.70699999999998
2695,2030-05-19,24.978
2696,2030-05-20,25.37900000000001
2697,2030-05-21,25.506
2698,2030-05-22,25.601999999999986
2699,2030-05-23,25.888
2700,2030-05-24,25.17499999999999
2701,2030-05-25,24.556999999999988
2702,2030-05-26,24.966999999999985
2703,2030-05-27,25.811999999999994
2704,2030-05-28,25.661999999999992
2705,2030-05-29,25.630999999999993
2706,2030-05-30,25.951999999999998
2707,2030-05-31,25.502999999999993
2708,2030-06-01,24.698999999999987
2709,2030-06-02,25.137999999999973
2710,2030-06-03,25.766000000000012
2711,2030-06-04,25.663999999999984
2712,2030-06-05,25.583999999999993
2713,2030-06-06,26.24999999999999
2714,2030-06-07,25.58099999999998
2715,2030-06-08,24.843999999999998
2716,2030-06-09,25.023999999999983
2717,2030-06-10,25.670000000000012
2718,2030-06-11,25.718999999999998
2719,2030-06-12,25.63799999999999
2720,2030-06-13,26.346999999999998
2721,2030-06-14,25.570999999999994
2722,2030-06-15,24.876999999999985
2723,2030-06-16,25.15899999999998
2724,2030-06-17,25.018
2725,2030-06-18,25.67299999999999
2726,2030-06-19,25.650999999999996
2727,2030-06-20,26.396000000000008
2728,2030-06-21,25.657000000000004
2729,2030-06-22,24.301999999999992
2730,2030-06-23,25.34
2731,2030-06-24,24.87199999999999
2732,2030-06-25,25.50099999999999
2733,2030-06-26,25.956999999999994
2734,2030-06-27,25.514
2735,2030-06-28,25.094999999999985
2736,2030-06-29,24.841999999999995
2737,2030-06-30,25.031999999999993
2738,2030-07-01,25.297999999999988
2739,2030-07-02,25.633999999999993
2740,2030-07-03,25.951999999999998
2741,2030-07-04,25.783999999999995
2742,2030-07-05,24.704999999999995
2743,2030-07-06,24.839999999999986
2744,2030-07-07,25.391999999999992
2745,2030-07-08,25.48400000000001
2746,2030-07-09,25.552999999999994
2747,2030-07-10,25.879
2748,2030-07-11,25.806999999999995
2749,2030-07-12,24.66299999999999
2750,2030-07-13,24.621999999999986
2751,2030-07-14,25.109000000000005
2752,2030-07-15,25.517
2753,2030-07-16,25.579
2754,2030-07-17,26.083000000000002
2755,2030-07-18,25.523000000000003
2756,2030-07-19,24.61699999999999
2757,2030-07-20,24.60999999999997
2758,2030-07-21,24.658999999999992
2759,2030-07-22,25.365
2760,2030-07-23,25.740999999999985
2761,2030-07-24,25.708999999999996
2762,2030-07-25,25.60799999999999
2763,2030-07-26,24.559
2764,2030-07-27,24.827999999999985
2765,2030-07-28,24.87899999999999
2766,2030-07-29,25.497
2767,2030-07-30,25.70799999999999
2768,2030-07-31,25.641999999999992
2769,2030-08-01,25.450999999999993
2770,2030-08-02,24.936999999999994
2771,2030-08-03,24.665999999999983
2772,2030-08-04,24.986999999999984
2773,2030-08-05,25.526999999999983
2774,2030-08-06,25.651
2775,2030-08-07,25.680999999999994
2776,2030-08-08,25.348
2777,2030-08-09,24.972999999999992
2778,2030-08-10,24.659999999999986
2779,2030-08-11,25.356999999999985
2780,2030-08-12,25.326999999999988
2781,2030-08-13,25.625999999999994
2782,2030-08-14,25.55
2783,2030-08-15,25.465999999999994
2784,2030-08-16,25.026999999999976
2785,2030-08-17,24.584999999999987
2786,2030-08-18,25.351
2787,2030-08-19,25.57999999999999
2788,2030-08-20,25.588999999999988
2789,2030-08-21,25.54699999999999
2790,2030-08-22,24.738999999999987
2791,2030-08-23,24.866999999999972
2792,2030-08-24,24.87499999999999
2793,2030-08-25,25.665999999999993
2794,2030-08-26,25.71599999999999
2795,2030-08-27,25.67099999999999
2796,2030-08-28,25.40199999999999
2797,2030-08-29,24.607999999999997
2798,2030-08-30,25.04799999999998
2799,2030-08-31,25.21499999999999
2800,2030-09-01,25.524000000000004
2801,2030-09-02,25.587999999999997
2802,2030-09-03,25.667999999999996
2803,2030-09-04,25.326999999999984
2804,2030-09-05,24.752999999999993
2805,2030-09-06,25.066999999999975
2806,2030-09-07,25.534999999999997
2807,2030-09-08,25.473999999999997
2808,2030-09-09,25.736999999999995
2809,2030-09-10,25.494000000000007
2810,2030-09-11,25.105000000000004
2811,2030-09-12,24.62999999999998
2812,2030-09-13,24.647999999999993
2813,2030-09-14,25.33099999999999
2814,2030-09-15,25.477000000000004
2815,2030-09-16,25.50999999999999
2816,2030-09-17,25.63599999999999
2817,2030-09-18,24.49699999999999
2818,2030-09-19,24.828999999999983
2819,2030-09-20,24.96099999999999
2820,2030-09-21,25.67899999999999
2821,2030-09-22,25.778999999999993
2822,2030-09-23,25.663999999999987
2823,2030-09-24,25.329999999999995
2824,2030-09-25,24.81899999999999
2825,2030-09-26,24.962999999999983
2826,2030-09-27,25.243999999999986
2827,2030-09-28,25.533
2828,2030-09-29,25.899999999999995
2829,2030-09-30,25.702
2830,2030-10-01,25.234999999999992
2831,2030-10-02,24.935999999999986
2832,2030-10-03,24.987999999999975
2833,2030-10-04,25.506
2834,2030-10-05,25.30099999999999
2835,2030-10-06,25.814999999999994
2836,2030-10-07,25.39400000000001
2837,2030-10-08,25.591999999999995
2838,2030-10-09,25.002999999999982
2839,2030-10-10,25.29199999999998
2840,2030-10-11,25.103999999999996
2841,2030-10-12,25.424999999999983
2842,2030-10-13,25.846
2843,2030-10-14,25.531999999999986
2844,2030-10-15,25.454999999999995
2845,2030-10-16,24.89599999999999
2846,2030-10-17,25.277
2847,2030-10-18,24.942999999999998
2848,2030-10-19,25.348999999999986
2849,2030-10-20,25.953999999999994
2850,2030-10-21,25.590999999999987
2851,2030-10-22,25.689999999999984
2852,2030-10-23,24.957999999999988
2853,2030-10-24,25.189999999999987
2854,2030-10-25,25.096999999999994
2855,2030-10-26,25.210999999999984
2856,2030-10-27,25.801999999999992
2857,2030-10-28,25.482999999999993
2858,2030-10-29,25.546
2859,2030-10-30,24.791999999999994
2860,2030-10-31,25.337
2861,2030-11-01,24.953999999999997
2862,2030-11-02,25.523999999999997
2863,2030-11-03,25.968999999999998
2864,2030-11-04,25.556999999999988
2865,2030-11-05,25.35099999999999
2866,2030-11-06,24.887999999999987
2867,2030-11-07,25.009999999999994
2868,2030-11-08,25.337999999999987
2869,2030-11-09,25.451999999999988
2870,2030-11-10,25.75999999999999
2871,2030-11-11,25.794999999999995
2872,2030-11-12,25.140999999999995
2873,2030-11-13,25.016999999999985
2874,2030-11-14,24.964999999999982
2875,2030-11-15,25.485999999999986
2876,2030-11-16,25.30599999999999
2877,2030-11-17,25.828999999999994
2878,2030-11-18,25.619000000000007
2879,2030-11-19,24.758999999999997
2880,2030-11-20,25.218999999999983
2881,2030-11-21,25.091999999999995
2882,2030-11-22,25.534999999999997
2883,2030-11-23,25.629999999999985
2884,2030-11-24,26.062
2885,2030-11-25,25.59800000000001
2886,2030-11-26,24.50199999999999
2887,2030-11-27,25.385
2888,2030-11-28,24.93799999999999
2889,2030-11-29,25.447
2890,2030-11-30,25.889999999999997
2891,2030-12-01,25.874000000000006
2892,2030-12-02,25.504999999999995
2893,2030-12-03,24.848999999999993
2894,2030-12-04,25.275999999999996
2895,2030-12-05,24.966999999999995
2896,2030-12-06,25.25999999999999
2897,2030-12-07,25.841999999999985
2898,2030-12-08,26.211000000000002
2899,2030-12-09,25.840999999999994
2900,2030-12-10,24.980999999999995
2901,2030-12-11,25.38099999999999
2902,2030-12-12,24.951999999999988
2903,2030-12-13,25.27399999999999
2904,2030-12-14,26.078999999999994
2905,2030-12-15,25.919000000000004
2906,2030-12-16,25.787999999999997
2907,2030-12-17,25.22599999999998
2908,2030-12-18,25.212999999999987
2909,2030-12-19,25.104999999999986
2910,2030-12-20,25.378999999999998
2911,2030-12-21,26.48399999999999
2912,2030-12-22,25.86700000000001
2913,2030-12-23,25.802999999999997
2914,2030-12-24,25.611000000000004
2915,2030-12-25,24.962999999999987
2916,2030-12-26,24.879999999999995
2917,2030-12-27,25.203999999999997
2918,2030-12-28,26.455999999999985
2919,2030-12-29,25.528999999999993
