,Date,Forecasted_Rainfall
0,2023-01-01,0.4263751983310808
1,2023-01-02,3.0726213510431784
2,2023-01-03,9.870630515425407
3,2023-01-04,0.65
4,2023-01-05,1.8279761904761904
5,2023-01-06,3.754166666666667
6,2023-01-07,4.79
7,2023-01-08,5.6
8,2023-01-09,16.52
9,2023-01-10,28.42
10,2023-01-11,12.57
11,2023-01-12,6.06
12,2023-01-13,14.63
13,2023-01-14,15.33
14,2023-01-15,8.93
15,2023-01-16,18.72
16,2023-01-17,11.02
17,2023-01-18,13.78
18,2023-01-19,8.68
19,2023-01-20,20.1
20,2023-01-21,15.21
21,2023-01-22,13.17
22,2023-01-23,11.86
23,2023-01-24,14.39
24,2023-01-25,11.8
25,2023-01-26,15.1
26,2023-01-27,12.61
27,2023-01-28,12.12
28,2023-01-29,16.73
29,2023-01-30,12.79
30,2023-01-31,14.33
31,2023-02-01,13.19
32,2023-02-02,19.22
33,2023-02-03,18.91
34,2023-02-04,12.05
35,2023-02-05,13.78
36,2023-02-06,14.98
37,2023-02-07,17.29
38,2023-02-08,15.85
39,2023-02-09,11.38
40,2023-02-10,14.82
41,2023-02-11,13.08
42,2023-02-12,16.08
43,2023-02-13,11.78
44,2023-02-14,14.68
45,2023-02-15,11.97
46,2023-02-16,11.59
47,2023-02-17,13.95
48,2023-02-18,13.02
49,2023-02-19,17.99
50,2023-02-20,13.64
51,2023-02-21,13.31
52,2023-02-22,16.74
53,2023-02-23,16.74
54,2023-02-24,11.01
55,2023-02-25,15.5
56,2023-02-26,15.69
57,2023-02-27,14.06
58,2023-02-28,16.75
59,2023-03-01,16.13
60,2023-03-02,9.71
61,2023-03-03,10.3
62,2023-03-04,14.19
63,2023-03-05,16.27
64,2023-03-06,17.64
65,2023-03-07,12.22
66,2023-03-08,11.64
67,2023-03-09,13.05
68,2023-03-10,14.38
69,2023-03-11,13.5
70,2023-03-12,16.4
71,2023-03-13,11.38
72,2023-03-14,14.37
73,2023-03-15,12.8
74,2023-03-16,24.3
75,2023-03-17,14.61
76,2023-03-18,14.76
77,2023-03-19,18.03
78,2023-03-20,10.82
79,2023-03-21,16.3
80,2023-03-22,12.75
81,2023-03-23,18.29
82,2023-03-24,10.96
83,2023-03-25,13.22
84,2023-03-26,13.65
85,2023-03-27,12.95
86,2023-03-28,18.72
87,2023-03-29,16.3
88,2023-03-30,10.02
89,2023-03-31,10.36
90,2023-04-01,15.55
91,2023-04-02,16.58
92,2023-04-03,16.61
93,2023-04-04,10.85
94,2023-04-05,14.69
95,2023-04-06,15.5
96,2023-04-07,14.12
97,2023-04-08,20.55
98,2023-04-09,15.72
99,2023-04-10,10.38
100,2023-04-11,9.85
101,2023-04-12,12.21
102,2023-04-13,17.97
103,2023-04-14,14.33
104,2023-04-15,15.81
105,2023-04-16,16.72
106,2023-04-17,12.32
107,2023-04-18,11.13
108,2023-04-19,11.03
109,2023-04-20,14.82
110,2023-04-21,13.45
111,2023-04-22,16.35
112,2023-04-23,10.08
113,2023-04-24,13.02
114,2023-04-25,15.77
115,2023-04-26,13.82
116,2023-04-27,14.28
117,2023-04-28,21.21
118,2023-04-29,16.36
119,2023-04-30,13.21
120,2023-05-01,14.53
121,2023-05-02,14.03
122,2023-05-03,16.71
123,2023-05-04,17.41
124,2023-05-05,8.71
125,2023-05-06,15.26
126,2023-05-07,13.59
127,2023-05-08,18.99
128,2023-05-09,15.89
129,2023-05-10,13.31
130,2023-05-11,10.86
131,2023-05-12,14.85
132,2023-05-13,13.76
133,2023-05-14,15.5
134,2023-05-15,18.4
135,2023-05-16,11.66
136,2023-05-17,14.26
137,2023-05-18,10.13
138,2023-05-19,22.55
139,2023-05-20,16.3
140,2023-05-21,10.01
141,2023-05-22,13.22
142,2023-05-23,15.96
143,2023-05-24,21.3
144,2023-05-25,18.55
145,2023-05-26,12.07
146,2023-05-27,12.84
147,2023-05-28,11.89
148,2023-05-29,18.6
149,2023-05-30,11.85
150,2023-05-31,12.89
151,2023-06-01,13.0
152,2023-06-02,14.72
153,2023-06-03,16.76
154,2023-06-04,10.91
155,2023-06-05,14.46
156,2023-06-06,11.58
157,2023-06-07,25.44
158,2023-06-08,16.07
159,2023-06-09,10.84
160,2023-06-10,14.6
161,2023-06-11,11.82
162,2023-06-12,19.68
163,2023-06-13,12.38
164,2023-06-14,15.72
165,2023-06-15,11.93
166,2023-06-16,10.57
167,2023-06-17,17.4
168,2023-06-18,10.05
169,2023-06-19,12.94
170,2023-06-20,13.52
171,2023-06-21,16.04
172,2023-06-22,17.55
173,2023-06-23,10.13
174,2023-06-24,13.39
175,2023-06-25,13.47
176,2023-06-26,21.35
177,2023-06-27,12.7
178,2023-06-28,14.58
179,2023-06-29,16.27
180,2023-06-30,11.66
181,2023-07-01,20.2
182,2023-07-02,13.01
183,2023-07-03,11.17
184,2023-07-04,16.79
185,2023-07-05,8.72
186,2023-07-06,16.55
187,2023-07-07,13.93
188,2023-07-08,20.35
189,2023-07-09,20.96
190,2023-07-10,9.83
191,2023-07-11,11.2
192,2023-07-12,15.16
193,2023-07-13,12.81
194,2023-07-14,15.27
195,2023-07-15,16.28
196,2023-07-16,8.69
197,2023-07-17,10.5
198,2023-07-18,13.68
199,2023-07-19,13.76
200,2023-07-20,21.91
201,2023-07-21,19.8
202,2023-07-22,8.39
203,2023-07-23,9.7
204,2023-07-24,15.52
205,2023-07-25,19.85
206,2023-07-26,20.09
207,2023-07-27,11.01
208,2023-07-28,9.72
209,2023-07-29,12.31
210,2023-07-30,17.18
211,2023-07-31,10.22
212,2023-08-01,12.35
213,2023-08-02,12.05
214,2023-08-03,17.49
215,2023-08-04,15.48
216,2023-08-05,12.06
217,2023-08-06,12.77
218,2023-08-07,12.15
219,2023-08-08,17.44
220,2023-08-09,12.25
221,2023-08-10,15.43
222,2023-08-11,11.19
223,2023-08-12,13.15
224,2023-08-13,16.43
225,2023-08-14,14.49
226,2023-08-15,17.27
227,2023-08-16,13.12
228,2023-08-17,12.35
229,2023-08-18,13.65
230,2023-08-19,13.53
231,2023-08-20,24.53
232,2023-08-21,17.49
233,2023-08-22,8.56
234,2023-08-23,15.93
235,2023-08-24,18.13
236,2023-08-25,18.64
237,2023-08-26,11.2
238,2023-08-27,17.62
239,2023-08-28,8.02
240,2023-08-29,12.99
241,2023-08-30,13.29
242,2023-08-31,13.75
243,2023-09-01,15.65
244,2023-09-02,12.7
245,2023-09-03,8.09
246,2023-09-04,11.46
247,2023-09-05,14.36
248,2023-09-06,19.83
249,2023-09-07,15.75
250,2023-09-08,14.2
251,2023-09-09,11.41
252,2023-09-10,9.36
253,2023-09-11,15.64
254,2023-09-12,12.5
255,2023-09-13,14.29
256,2023-09-14,16.06
257,2023-09-15,17.21
258,2023-09-16,10.64
259,2023-09-17,11.53
260,2023-09-18,11.29
261,2023-09-19,15.95
262,2023-09-20,12.3
263,2023-09-21,15.88
264,2023-09-22,10.03
265,2023-09-23,11.84
266,2023-09-24,19.14
267,2023-09-25,12.07
268,2023-09-26,13.27
269,2023-09-27,12.4
270,2023-09-28,12.45
271,2023-09-29,16.12
272,2023-09-30,10.65
273,2023-10-01,14.17
274,2023-10-02,12.3
275,2023-10-03,25.15
276,2023-10-04,15.95
277,2023-10-05,10.26
278,2023-10-06,15.91
279,2023-10-07,14.08
280,2023-10-08,17.25
281,2023-10-09,14.83
282,2023-10-10,19.59
283,2023-10-11,11.76
284,2023-10-12,11.17
285,2023-10-13,14.5
286,2023-10-14,11.56
287,2023-10-15,19.87
288,2023-10-16,9.73
289,2023-10-17,11.17
290,2023-10-18,18.15
291,2023-10-19,13.22
292,2023-10-20,14.01
293,2023-10-21,12.2
294,2023-10-22,11.89
295,2023-10-23,16.51
296,2023-10-24,11.15
297,2023-10-25,13.68
298,2023-10-26,15.0
299,2023-10-27,17.63
300,2023-10-28,13.93
301,2023-10-29,10.7
302,2023-10-30,17.84
303,2023-10-31,13.03
304,2023-11-01,14.68
305,2023-11-02,13.53
306,2023-11-03,20.53
307,2023-11-04,17.54
308,2023-11-05,9.64
309,2023-11-06,15.11
310,2023-11-07,14.61
311,2023-11-08,16.21
312,2023-11-09,14.51
313,2023-11-10,14.19
314,2023-11-11,16.4
315,2023-11-12,12.83
316,2023-11-13,13.71
317,2023-11-14,11.96
318,2023-11-15,16.95
319,2023-11-16,13.53
320,2023-11-17,12.33
321,2023-11-18,19.84
322,2023-11-19,15.5
323,2023-11-20,11.75
324,2023-11-21,11.98
325,2023-11-22,11.86
326,2023-11-23,17.23
327,2023-11-24,11.22
328,2023-11-25,13.16
329,2023-11-26,12.64
330,2023-11-27,17.11
331,2023-11-28,15.64
332,2023-11-29,12.28
333,2023-11-30,13.28
334,2023-12-01,11.5
335,2023-12-02,19.74
336,2023-12-03,13.2
337,2023-12-04,15.6
338,2023-12-05,12.99
339,2023-12-06,12.79
340,2023-12-07,19.39
341,2023-12-08,11.34
342,2023-12-09,12.78
343,2023-12-10,14.62
344,2023-12-11,11.57
345,2023-12-12,18.71
346,2023-12-13,13.7
347,2023-12-14,14.14
348,2023-12-15,12.93
349,2023-12-16,21.65
350,2023-12-17,15.85
351,2023-12-18,10.86
352,2023-12-19,18.23
353,2023-12-20,12.18
354,2023-12-21,18.78
355,2023-12-22,15.32
356,2023-12-23,13.24
357,2023-12-24,15.74
358,2023-12-25,11.96
359,2023-12-26,12.76
360,2023-12-27,9.79
361,2023-12-28,13.55
362,2023-12-29,13.41
363,2023-12-30,24.71
364,2023-12-31,14.04
365,2024-01-01,11.52
366,2024-01-02,22.67
367,2024-01-03,12.96
368,2024-01-04,13.04
369,2024-01-05,14.97
370,2024-01-06,21.01
371,2024-01-07,15.25
372,2024-01-08,11.62
373,2024-01-09,12.45
374,2024-01-10,16.52
375,2024-01-11,14.66
376,2024-01-12,14.43
377,2024-01-13,17.9
378,2024-01-14,17.7
379,2024-01-15,12.86
380,2024-01-16,10.66
381,2024-01-17,15.3
382,2024-01-18,14.5
383,2024-01-19,15.12
384,2024-01-20,17.05
385,2024-01-21,10.33
386,2024-01-22,16.05
387,2024-01-23,12.43
388,2024-01-24,17.87
389,2024-01-25,10.54
390,2024-01-26,13.0
391,2024-01-27,13.22
392,2024-01-28,13.63
393,2024-01-29,16.69
394,2024-01-30,13.5
395,2024-01-31,12.65
396,2024-02-01,11.62
397,2024-02-02,17.29
398,2024-02-03,16.15
399,2024-02-04,11.96
400,2024-02-05,13.92
401,2024-02-06,13.42
402,2024-02-07,23.45
403,2024-02-08,15.44
404,2024-02-09,16.47
405,2024-02-10,14.61
406,2024-02-11,12.94
407,2024-02-12,14.41
408,2024-02-13,15.06
409,2024-02-14,14.75
410,2024-02-15,14.67
411,2024-02-16,17.16
412,2024-02-17,10.63
413,2024-02-18,18.03
414,2024-02-19,9.18
415,2024-02-20,15.12
416,2024-02-21,13.78
417,2024-02-22,15.57
418,2024-02-23,17.8
419,2024-02-24,10.94
420,2024-02-25,10.7
421,2024-02-26,12.31
422,2024-02-27,14.81
423,2024-02-28,14.53
424,2024-02-29,15.73
425,2024-03-01,11.85
426,2024-03-02,11.09
427,2024-03-03,12.83
428,2024-03-04,12.49
429,2024-03-05,13.36
430,2024-03-06,11.46
431,2024-03-07,15.15
432,2024-03-08,14.6
433,2024-03-09,12.91
434,2024-03-10,16.72
435,2024-03-11,12.98
436,2024-03-12,15.78
437,2024-03-13,12.05
438,2024-03-14,14.42
439,2024-03-15,13.77
440,2024-03-16,20.07
441,2024-03-17,15.31
442,2024-03-18,15.32
443,2024-03-19,16.41
444,2024-03-20,12.6
445,2024-03-21,17.08
446,2024-03-22,10.68
447,2024-03-23,12.5
448,2024-03-24,13.28
449,2024-03-25,11.71
450,2024-03-26,14.33
451,2024-03-27,14.88
452,2024-03-28,20.06
453,2024-03-29,11.79
454,2024-03-30,11.52
455,2024-03-31,13.64
456,2024-04-01,13.97
457,2024-04-02,19.72
458,2024-04-03,15.03
459,2024-04-04,12.13
460,2024-04-05,12.48
461,2024-04-06,14.06
462,2024-04-07,15.94
463,2024-04-08,16.27
464,2024-04-09,11.0
465,2024-04-10,14.29
466,2024-04-11,14.02
467,2024-04-12,16.84
468,2024-04-13,16.81
469,2024-04-14,11.92
470,2024-04-15,13.08
471,2024-04-16,10.72
472,2024-04-17,17.86
473,2024-04-18,10.59
474,2024-04-19,14.41
475,2024-04-20,15.08
476,2024-04-21,17.19
477,2024-04-22,16.98
478,2024-04-23,9.42
479,2024-04-24,14.59
480,2024-04-25,15.97
481,2024-04-26,16.41
482,2024-04-27,11.51
483,2024-04-28,17.27
484,2024-04-29,7.71
485,2024-04-30,13.54
486,2024-05-01,12.59
487,2024-05-02,20.2
488,2024-05-03,10.28
489,2024-05-04,13.41
490,2024-05-05,10.22
491,2024-05-06,11.89
492,2024-05-07,18.93
493,2024-05-08,16.01
494,2024-05-09,8.24
495,2024-05-10,10.06
496,2024-05-11,15.68
497,2024-05-12,19.41
498,2024-05-13,12.04
499,2024-05-14,15.94
500,2024-05-15,9.11
501,2024-05-16,9.13
502,2024-05-17,18.8
503,2024-05-18,7.56
504,2024-05-19,16.42
505,2024-05-20,14.36
506,2024-05-21,16.86
507,2024-05-22,15.14
508,2024-05-23,12.66
509,2024-05-24,8.68
510,2024-05-25,10.67
511,2024-05-26,12.8
512,2024-05-27,16.08
513,2024-05-28,9.41
514,2024-05-29,16.04
515,2024-05-30,15.15
516,2024-05-31,12.62
517,2024-06-01,12.05
518,2024-06-02,17.82
519,2024-06-03,8.23
520,2024-06-04,13.57
521,2024-06-05,14.26
522,2024-06-06,19.69
523,2024-06-07,22.68
524,2024-06-08,13.67
525,2024-06-09,12.23
526,2024-06-10,9.85
527,2024-06-11,17.64
528,2024-06-12,15.85
529,2024-06-13,11.54
530,2024-06-14,15.68
531,2024-06-15,11.76
532,2024-06-16,14.73
533,2024-06-17,12.03
534,2024-06-18,14.53
535,2024-06-19,11.84
536,2024-06-20,12.51
537,2024-06-21,10.51
538,2024-06-22,15.63
539,2024-06-23,12.93
540,2024-06-24,14.26
541,2024-06-25,13.88
542,2024-06-26,14.81
543,2024-06-27,25.19
544,2024-06-28,12.44
545,2024-06-29,13.19
546,2024-06-30,12.41
547,2024-07-01,17.12
548,2024-07-02,13.87
549,2024-07-03,12.25
550,2024-07-04,20.65
551,2024-07-05,12.15
552,2024-07-06,15.05
553,2024-07-07,12.3
554,2024-07-08,15.03
555,2024-07-09,15.62
556,2024-07-10,12.46
557,2024-07-11,11.63
558,2024-07-12,11.56
559,2024-07-13,12.62
560,2024-07-14,13.98
561,2024-07-15,13.05
562,2024-07-16,17.83
563,2024-07-17,13.89
564,2024-07-18,12.66
565,2024-07-19,15.97
566,2024-07-20,17.57
567,2024-07-21,11.77
568,2024-07-22,13.39
569,2024-07-23,14.81
570,2024-07-24,14.59
571,2024-07-25,17.31
572,2024-07-26,14.53
573,2024-07-27,13.57
574,2024-07-28,11.07
575,2024-07-29,20.36
576,2024-07-30,10.01
577,2024-07-31,13.15
578,2024-08-01,13.96
579,2024-08-02,15.63
580,2024-08-03,18.73
581,2024-08-04,10.17
582,2024-08-05,11.72
583,2024-08-06,14.31
584,2024-08-07,18.48
585,2024-08-08,15.95
586,2024-08-09,12.81
587,2024-08-10,11.54
588,2024-08-11,13.77
589,2024-08-12,13.89
590,2024-08-13,17.38
591,2024-08-14,13.12
592,2024-08-15,13.5
593,2024-08-16,17.36
594,2024-08-17,15.73
595,2024-08-18,15.23
596,2024-08-19,12.6
597,2024-08-20,13.4
598,2024-08-21,15.81
599,2024-08-22,16.3
600,2024-08-23,12.89
601,2024-08-24,16.71
602,2024-08-25,10.04
603,2024-08-26,18.79
604,2024-08-27,14.15
605,2024-08-28,18.06
606,2024-08-29,17.39
607,2024-08-30,15.15
608,2024-08-31,14.95
609,2024-09-01,12.16
610,2024-09-02,19.37
611,2024-09-03,10.89
612,2024-09-04,13.18
613,2024-09-05,14.42
614,2024-09-06,12.73
615,2024-09-07,21.5
616,2024-09-08,11.28
617,2024-09-09,13.06
618,2024-09-10,12.34
619,2024-09-11,20.12
620,2024-09-12,14.05
621,2024-09-13,14.9
622,2024-09-14,18.24
623,2024-09-15,10.82
624,2024-09-16,17.54
625,2024-09-17,8.25
626,2024-09-18,15.94
627,2024-09-19,15.09
628,2024-09-20,15.88
629,2024-09-21,13.27
630,2024-09-22,11.89
631,2024-09-23,8.48
632,2024-09-24,12.64
633,2024-09-25,9.92
634,2024-09-26,17.1
635,2024-09-27,9.11
636,2024-09-28,22.9
637,2024-09-29,17.36
638,2024-09-30,9.73
639,2024-10-01,16.46
640,2024-10-02,14.56
641,2024-10-03,15.0
642,2024-10-04,17.06
643,2024-10-05,11.67
644,2024-10-06,10.59
645,2024-10-07,10.51
646,2024-10-08,12.55
647,2024-10-09,12.77
648,2024-10-10,12.28
649,2024-10-11,10.46
650,2024-10-12,17.11
651,2024-10-13,15.08
652,2024-10-14,13.53
653,2024-10-15,13.75
654,2024-10-16,21.5
655,2024-10-17,16.65
656,2024-10-18,12.89
657,2024-10-19,15.55
658,2024-10-20,12.02
659,2024-10-21,17.85
660,2024-10-22,11.79
661,2024-10-23,12.15
662,2024-10-24,11.48
663,2024-10-25,15.44
664,2024-10-26,11.27
665,2024-10-27,13.37
666,2024-10-28,10.42
667,2024-10-29,18.51
668,2024-10-30,15.54
669,2024-10-31,13.03
670,2024-11-01,11.72
671,2024-11-02,13.25
672,2024-11-03,18.65
673,2024-11-04,13.85
674,2024-11-05,17.47
675,2024-11-06,17.41
676,2024-11-07,17.73
677,2024-11-08,10.72
678,2024-11-09,13.98
679,2024-11-10,21.34
680,2024-11-11,18.08
681,2024-11-12,11.98
682,2024-11-13,15.8
683,2024-11-14,11.43
684,2024-11-15,13.07
685,2024-11-16,12.84
686,2024-11-17,12.54
687,2024-11-18,10.42
688,2024-11-19,16.56
689,2024-11-20,8.95
690,2024-11-21,13.47
691,2024-11-22,13.58
692,2024-11-23,19.88
693,2024-11-24,22.13
694,2024-11-25,13.39
695,2024-11-26,9.16
696,2024-11-27,13.85
697,2024-11-28,18.72
698,2024-11-29,20.84
699,2024-11-30,12.55
700,2024-12-01,12.83
701,2024-12-02,15.78
702,2024-12-03,15.22
703,2024-12-04,15.18
704,2024-12-05,16.18
705,2024-12-06,10.63
706,2024-12-07,16.1
707,2024-12-08,12.73
708,2024-12-09,14.86
709,2024-12-10,12.79
710,2024-12-11,14.37
711,2024-12-12,16.97
712,2024-12-13,11.69
713,2024-12-14,15.94
714,2024-12-15,12.32
715,2024-12-16,14.6
716,2024-12-17,16.63
717,2024-12-18,12.59
718,2024-12-19,11.95
719,2024-12-20,12.47
720,2024-12-21,10.87
721,2024-12-22,16.2
722,2024-12-23,10.12
723,2024-12-24,15.37
724,2024-12-25,15.86
725,2024-12-26,14.44
726,2024-12-27,13.59
727,2024-12-28,10.65
728,2024-12-29,19.88
729,2024-12-30,12.21
730,2024-12-31,13.55
731,2025-01-01,16.71
732,2025-01-02,17.23
733,2025-01-03,15.62
734,2025-01-04,8.44
735,2025-01-05,16.31
736,2025-01-06,17.27
737,2025-01-07,15.49
738,2025-01-08,16.54
739,2025-01-09,14.87
740,2025-01-10,13.13
741,2025-01-11,9.54
742,2025-01-12,15.65
743,2025-01-13,8.94
744,2025-01-14,16.2
745,2025-01-15,9.82
746,2025-01-16,16.03
747,2025-01-17,15.58
748,2025-01-18,13.71
749,2025-01-19,15.06
750,2025-01-20,12.98
751,2025-01-21,12.98
752,2025-01-22,12.1
753,2025-01-23,10.68
754,2025-01-24,13.99
755,2025-01-25,12.05
756,2025-01-26,21.06
757,2025-01-27,14.42
758,2025-01-28,14.77
759,2025-01-29,16.47
760,2025-01-30,11.79
761,2025-01-31,17.24
762,2025-02-01,10.15
763,2025-02-02,15.1
764,2025-02-03,13.47
765,2025-02-04,15.41
766,2025-02-05,13.87
767,2025-02-06,11.15
768,2025-02-07,18.82
769,2025-02-08,11.95
770,2025-02-09,13.57
771,2025-02-10,13.87
772,2025-02-11,19.05
773,2025-02-12,18.7
774,2025-02-13,12.17
775,2025-02-14,12.4
776,2025-02-15,13.22
777,2025-02-16,14.71
778,2025-02-17,13.36
779,2025-02-18,12.48
780,2025-02-19,12.92
781,2025-02-20,14.17
782,2025-02-21,14.72
783,2025-02-22,20.56
784,2025-02-23,13.26
785,2025-02-24,13.2
786,2025-02-25,14.17
787,2025-02-26,17.5
788,2025-02-27,18.29
789,2025-02-28,12.54
790,2025-03-01,10.88
791,2025-03-02,16.05
792,2025-03-03,15.73
793,2025-03-04,15.1
794,2025-03-05,15.93
795,2025-03-06,13.15
796,2025-03-07,16.91
797,2025-03-08,11.16
798,2025-03-09,14.08
799,2025-03-10,15.01
800,2025-03-11,18.03
801,2025-03-12,12.82
802,2025-03-13,13.21
803,2025-03-14,10.66
804,2025-03-15,16.27
805,2025-03-16,13.55
806,2025-03-17,13.82
807,2025-03-18,22.66
808,2025-03-19,23.85
809,2025-03-20,17.75
810,2025-03-21,9.77
811,2025-03-22,15.61
812,2025-03-23,15.7
813,2025-03-24,19.03
814,2025-03-25,13.19
815,2025-03-26,17.28
816,2025-03-27,10.57
817,2025-03-28,14.2
818,2025-03-29,17.13
819,2025-03-30,14.79
820,2025-03-31,15.82
821,2025-04-01,14.87
822,2025-04-02,14.37
823,2025-04-03,10.79
824,2025-04-04,17.49
825,2025-04-05,8.64
826,2025-04-06,13.65
827,2025-04-07,14.18
828,2025-04-08,24.98
829,2025-04-09,19.65
830,2025-04-10,10.64
831,2025-04-11,10.04
832,2025-04-12,13.5
833,2025-04-13,18.63
834,2025-04-14,17.17
835,2025-04-15,9.42
836,2025-04-16,16.21
837,2025-04-17,17.38
838,2025-04-18,12.86
839,2025-04-19,15.08
840,2025-04-20,14.8
841,2025-04-21,11.81
842,2025-04-22,13.17
843,2025-04-23,11.68
844,2025-04-24,11.02
845,2025-04-25,15.61
846,2025-04-26,11.14
847,2025-04-27,15.98
848,2025-04-28,12.63
849,2025-04-29,17.84
850,2025-04-30,13.26
851,2025-05-01,10.42
852,2025-05-02,15.03
853,2025-05-03,14.23
854,2025-05-04,19.16
855,2025-05-05,18.11
856,2025-05-06,10.59
857,2025-05-07,14.33
858,2025-05-08,11.49
859,2025-05-09,22.63
860,2025-05-10,15.07
861,2025-05-11,14.74
862,2025-05-12,15.94
863,2025-05-13,11.27
864,2025-05-14,17.19
865,2025-05-15,11.33
866,2025-05-16,11.73
867,2025-05-17,11.87
868,2025-05-18,12.61
869,2025-05-19,10.25
870,2025-05-20,14.74
871,2025-05-21,11.24
872,2025-05-22,14.73
873,2025-05-23,13.99
874,2025-05-24,12.59
875,2025-05-25,24.04
876,2025-05-26,12.85
877,2025-05-27,10.92
878,2025-05-28,12.21
879,2025-05-29,13.91
880,2025-05-30,18.38
881,2025-05-31,19.7
882,2025-06-01,12.85
883,2025-06-02,14.3
884,2025-06-03,13.54
885,2025-06-04,13.74
886,2025-06-05,19.64
887,2025-06-06,10.46
888,2025-06-07,13.37
889,2025-06-08,14.99
890,2025-06-09,16.28
891,2025-06-10,14.72
892,2025-06-11,14.08
893,2025-06-12,15.68
894,2025-06-13,13.0
895,2025-06-14,17.64
896,2025-06-15,9.43
897,2025-06-16,15.14
898,2025-06-17,15.51
899,2025-06-18,16.08
900,2025-06-19,13.9
901,2025-06-20,15.79
902,2025-06-21,13.94
903,2025-06-22,13.87
904,2025-06-23,18.27
905,2025-06-24,14.96
906,2025-06-25,15.49
907,2025-06-26,14.48
908,2025-06-27,21.04
909,2025-06-28,17.82
910,2025-06-29,11.1
911,2025-06-30,14.23
912,2025-07-01,12.12
913,2025-07-02,23.21
914,2025-07-03,16.04
915,2025-07-04,10.93
916,2025-07-05,13.09
917,2025-07-06,12.1
918,2025-07-07,22.65
919,2025-07-08,14.4
920,2025-07-09,18.94
921,2025-07-10,17.09
922,2025-07-11,11.37
923,2025-07-12,17.37
924,2025-07-13,11.92
925,2025-07-14,17.15
926,2025-07-15,10.71
927,2025-07-16,15.37
928,2025-07-17,12.62
929,2025-07-18,11.96
930,2025-07-19,11.81
931,2025-07-20,12.76
932,2025-07-21,10.81
933,2025-07-22,14.93
934,2025-07-23,12.17
935,2025-07-24,19.66
936,2025-07-25,12.06
937,2025-07-26,12.53
938,2025-07-27,15.07
939,2025-07-28,13.79
940,2025-07-29,16.02
941,2025-07-30,11.65
942,2025-07-31,11.06
943,2025-08-01,14.0
944,2025-08-02,13.38
945,2025-08-03,21.92
946,2025-08-04,15.63
947,2025-08-05,12.05
948,2025-08-06,12.7
949,2025-08-07,11.97
950,2025-08-08,18.04
951,2025-08-09,15.43
952,2025-08-10,13.2
953,2025-08-11,14.74
954,2025-08-12,14.57
955,2025-08-13,15.65
956,2025-08-14,11.7
957,2025-08-15,13.38
958,2025-08-16,10.96
959,2025-08-17,17.93
960,2025-08-18,9.7
961,2025-08-19,14.89
962,2025-08-20,12.16
963,2025-08-21,15.09
964,2025-08-22,16.66
965,2025-08-23,9.64
966,2025-08-24,13.09
967,2025-08-25,12.27
968,2025-08-26,15.77
969,2025-08-27,13.5
970,2025-08-28,14.31
971,2025-08-29,16.98
972,2025-08-30,13.1
973,2025-08-31,19.04
974,2025-09-01,11.98
975,2025-09-02,14.33
976,2025-09-03,16.84
977,2025-09-04,15.33
978,2025-09-05,15.94
979,2025-09-06,13.92
980,2025-09-07,16.51
981,2025-09-08,15.04
982,2025-09-09,14.16
983,2025-09-10,19.22
984,2025-09-11,16.6
985,2025-09-12,12.77
986,2025-09-13,12.33
987,2025-09-14,11.35
988,2025-09-15,17.13
989,2025-09-16,11.78
990,2025-09-17,13.97
991,2025-09-18,15.02
992,2025-09-19,21.81
993,2025-09-20,15.42
994,2025-09-21,9.62
995,2025-09-22,12.76
996,2025-09-23,16.34
997,2025-09-24,15.71
998,2025-09-25,13.75
999,2025-09-26,18.62
1000,2025-09-27,17.34
1001,2025-09-28,14.05
1002,2025-09-29,16.15
1003,2025-09-30,16.06
1004,2025-10-01,16.39
1005,2025-10-02,10.65
1006,2025-10-03,15.31
1007,2025-10-04,14.85
1008,2025-10-05,15.65
1009,2025-10-06,16.55
1010,2025-10-07,13.53
1011,2025-10-08,16.55
1012,2025-10-09,10.81
1013,2025-10-10,16.06
1014,2025-10-11,10.84
1015,2025-10-12,16.11
1016,2025-10-13,12.48
1017,2025-10-14,16.83
1018,2025-10-15,8.94
1019,2025-10-16,10.57
1020,2025-10-17,13.71
1021,2025-10-18,11.6
1022,2025-10-19,18.62
1023,2025-10-20,12.59
1024,2025-10-21,9.07
1025,2025-10-22,14.27
1026,2025-10-23,15.81
1027,2025-10-24,21.03
1028,2025-10-25,11.82
1029,2025-10-26,14.36
1030,2025-10-27,11.92
1031,2025-10-28,15.54
1032,2025-10-29,15.29
1033,2025-10-30,16.24
1034,2025-10-31,11.25
1035,2025-11-01,12.68
1036,2025-11-02,11.5
1037,2025-11-03,16.59
1038,2025-11-04,7.89
1039,2025-11-05,16.12
1040,2025-11-06,8.34
1041,2025-11-07,15.33
1042,2025-11-08,13.87
1043,2025-11-09,13.11
1044,2025-11-10,14.46
1045,2025-11-11,11.72
1046,2025-11-12,14.98
1047,2025-11-13,11.26
1048,2025-11-14,16.66
1049,2025-11-15,10.58
1050,2025-11-16,18.89
1051,2025-11-17,11.48
1052,2025-11-18,14.01
1053,2025-11-19,14.05
1054,2025-11-20,13.26
1055,2025-11-21,19.37
1056,2025-11-22,11.82
1057,2025-11-23,9.74
1058,2025-11-24,12.85
1059,2025-11-25,13.5
1060,2025-11-26,17.35
1061,2025-11-27,15.47
1062,2025-11-28,15.13
1063,2025-11-29,12.78
1064,2025-11-30,10.95
1065,2025-12-01,16.6
1066,2025-12-02,12.35
1067,2025-12-03,15.34
1068,2025-12-04,10.56
1069,2025-12-05,16.73
1070,2025-12-06,16.52
1071,2025-12-07,11.15
1072,2025-12-08,14.42
1073,2025-12-09,11.97
1074,2025-12-10,21.82
1075,2025-12-11,13.75
1076,2025-12-12,17.72
1077,2025-12-13,15.39
1078,2025-12-14,11.56
1079,2025-12-15,16.98
1080,2025-12-16,12.08
1081,2025-12-17,14.31
1082,2025-12-18,10.88
1083,2025-12-19,17.18
1084,2025-12-20,13.82
1085,2025-12-21,12.83
1086,2025-12-22,17.15
1087,2025-12-23,15.08
1088,2025-12-24,13.35
1089,2025-12-25,10.15
1090,2025-12-26,17.55
1091,2025-12-27,11.81
1092,2025-12-28,18.1
1093,2025-12-29,9.21
1094,2025-12-30,13.56
1095,2025-12-31,18.81
1096,2026-01-01,14.74
1097,2026-01-02,13.57
1098,2026-01-03,11.97
1099,2026-01-04,12.0
1100,2026-01-05,15.5
1101,2026-01-06,11.59
1102,2026-01-07,14.55
1103,2026-01-08,13.41
1104,2026-01-09,12.67
1105,2026-01-10,18.04
1106,2026-01-11,11.79
1107,2026-01-12,13.51
1108,2026-01-13,12.02
1109,2026-01-14,18.87
1110,2026-01-15,15.05
1111,2026-01-16,15.78
1112,2026-01-17,13.1
1113,2026-01-18,12.7
1114,2026-01-19,14.11
1115,2026-01-20,12.05
1116,2026-01-21,18.14
1117,2026-01-22,10.7
1118,2026-01-23,14.09
1119,2026-01-24,14.7
1120,2026-01-25,24.95
1121,2026-01-26,13.79
1122,2026-01-27,10.12
1123,2026-01-28,18.2
1124,2026-01-29,15.27
1125,2026-01-30,16.17
1126,2026-01-31,13.24
1127,2026-02-01,22.05
1128,2026-02-02,15.68
1129,2026-02-03,12.05
1130,2026-02-04,15.45
1131,2026-02-05,10.43
1132,2026-02-06,17.23
1133,2026-02-07,14.83
1134,2026-02-08,13.35
1135,2026-02-09,14.22
1136,2026-02-10,13.73
1137,2026-02-11,20.25
1138,2026-02-12,14.31
1139,2026-02-13,16.79
1140,2026-02-14,17.01
1141,2026-02-15,18.27
1142,2026-02-16,14.16
1143,2026-02-17,11.54
1144,2026-02-18,21.31
1145,2026-02-19,13.33
1146,2026-02-20,14.96
1147,2026-02-21,14.56
1148,2026-02-22,15.49
1149,2026-02-23,16.93
1150,2026-02-24,11.55
1151,2026-02-25,11.12
1152,2026-02-26,12.98
1153,2026-02-27,11.75
1154,2026-02-28,13.4
1155,2026-03-01,11.12
1156,2026-03-02,13.34
1157,2026-03-03,15.01
1158,2026-03-04,14.74
1159,2026-03-05,16.39
1160,2026-03-06,12.42
1161,2026-03-07,14.43
1162,2026-03-08,11.71
1163,2026-03-09,21.66
1164,2026-03-10,13.82
1165,2026-03-11,13.83
1166,2026-03-12,23.35
1167,2026-03-13,15.56
1168,2026-03-14,14.06
1169,2026-03-15,12.07
1170,2026-03-16,16.47
1171,2026-03-17,15.5
1172,2026-03-18,14.35
1173,2026-03-19,18.48
1174,2026-03-20,17.76
1175,2026-03-21,11.33
1176,2026-03-22,11.34
1177,2026-03-23,13.13
1178,2026-03-24,14.3
1179,2026-03-25,13.52
1180,2026-03-26,19.13
1181,2026-03-27,14.35
1182,2026-03-28,12.09
1183,2026-03-29,13.55
1184,2026-03-30,16.72
1185,2026-03-31,17.91
1186,2026-04-01,11.62
1187,2026-04-02,16.87
1188,2026-04-03,10.5
1189,2026-04-04,15.68
1190,2026-04-05,12.46
1191,2026-04-06,15.31
1192,2026-04-07,12.61
1193,2026-04-08,12.08
1194,2026-04-09,11.48
1195,2026-04-10,12.5
1196,2026-04-11,12.16
1197,2026-04-12,14.91
1198,2026-04-13,11.2
1199,2026-04-14,18.14
1200,2026-04-15,10.79
1201,2026-04-16,13.54
1202,2026-04-17,15.5
1203,2026-04-18,16.02
1204,2026-04-19,13.97
1205,2026-04-20,9.26
1206,2026-04-21,18.84
1207,2026-04-22,16.69
1208,2026-04-23,14.39
1209,2026-04-24,14.21
1210,2026-04-25,24.57
1211,2026-04-26,17.52
1212,2026-04-27,12.91
1213,2026-04-28,13.89
1214,2026-04-29,19.59
1215,2026-04-30,20.52
1216,2026-05-01,11.54
1217,2026-05-02,13.99
1218,2026-05-03,14.51
1219,2026-05-04,22.81
1220,2026-05-05,17.25
1221,2026-05-06,10.46
1222,2026-05-07,12.17
1223,2026-05-08,16.75
1224,2026-05-09,14.8
1225,2026-05-10,11.76
1226,2026-05-11,15.63
1227,2026-05-12,11.07
1228,2026-05-13,12.97
1229,2026-05-14,11.37
1230,2026-05-15,12.5
1231,2026-05-16,13.61
1232,2026-05-17,13.79
1233,2026-05-18,21.49
1234,2026-05-19,13.4
1235,2026-05-20,14.3
1236,2026-05-21,13.07
1237,2026-05-22,14.78
1238,2026-05-23,20.06
1239,2026-05-24,14.67
1240,2026-05-25,13.51
1241,2026-05-26,15.83
1242,2026-05-27,14.71
1243,2026-05-28,18.42
1244,2026-05-29,11.48
1245,2026-05-30,12.75
1246,2026-05-31,13.87
1247,2026-06-01,13.34
1248,2026-06-02,17.95
1249,2026-06-03,12.63
1250,2026-06-04,10.28
1251,2026-06-05,14.02
1252,2026-06-06,14.99
1253,2026-06-07,20.84
1254,2026-06-08,15.44
1255,2026-06-09,14.21
1256,2026-06-10,13.82
1257,2026-06-11,12.59
1258,2026-06-12,20.36
1259,2026-06-13,12.54
1260,2026-06-14,12.58
1261,2026-06-15,15.6
1262,2026-06-16,13.6
1263,2026-06-17,16.88
1264,2026-06-18,18.07
1265,2026-06-19,8.83
1266,2026-06-20,15.3
1267,2026-06-21,14.11
1268,2026-06-22,20.5
1269,2026-06-23,15.92
1270,2026-06-24,12.8
1271,2026-06-25,9.38
1272,2026-06-26,14.25
1273,2026-06-27,17.38
1274,2026-06-28,18.55
1275,2026-06-29,8.68
1276,2026-06-30,15.86
1277,2026-07-01,14.59
1278,2026-07-02,15.39
1279,2026-07-03,13.45
1280,2026-07-04,17.6
1281,2026-07-05,7.69
1282,2026-07-06,12.91
1283,2026-07-07,11.77
1284,2026-07-08,13.57
1285,2026-07-09,11.94
1286,2026-07-10,22.86
1287,2026-07-11,11.9
1288,2026-07-12,8.45
1289,2026-07-13,14.8
1290,2026-07-14,17.56
1291,2026-07-15,18.77
1292,2026-07-16,9.68
1293,2026-07-17,13.18
1294,2026-07-18,14.84
1295,2026-07-19,11.83
1296,2026-07-20,13.44
1297,2026-07-21,11.42
1298,2026-07-22,13.47
1299,2026-07-23,13.92
1300,2026-07-24,18.2
1301,2026-07-25,17.71
1302,2026-07-26,11.72
1303,2026-07-27,12.93
1304,2026-07-28,11.93
1305,2026-07-29,18.32
1306,2026-07-30,10.81
1307,2026-07-31,12.53
1308,2026-08-01,12.32
1309,2026-08-02,16.75
1310,2026-08-03,14.76
1311,2026-08-04,11.95
1312,2026-08-05,13.5
1313,2026-08-06,11.51
1314,2026-08-07,19.0
1315,2026-08-08,10.69
1316,2026-08-09,15.1
1317,2026-08-10,14.38
1318,2026-08-11,13.22
1319,2026-08-12,24.06
1320,2026-08-13,12.78
1321,2026-08-14,10.4
1322,2026-08-15,11.52
1323,2026-08-16,14.49
1324,2026-08-17,18.78
1325,2026-08-18,19.56
1326,2026-08-19,13.38
1327,2026-08-20,13.58
1328,2026-08-21,12.13
1329,2026-08-22,15.59
1330,2026-08-23,14.64
1331,2026-08-24,12.92
1332,2026-08-25,12.69
1333,2026-08-26,16.16
1334,2026-08-27,11.62
1335,2026-08-28,13.68
1336,2026-08-29,15.65
1337,2026-08-30,17.46
1338,2026-08-31,15.78
1339,2026-09-01,14.82
1340,2026-09-02,15.26
1341,2026-09-03,13.31
1342,2026-09-04,14.45
1343,2026-09-05,16.18
1344,2026-09-06,14.73
1345,2026-09-07,17.45
1346,2026-09-08,11.46
1347,2026-09-09,14.5
1348,2026-09-10,14.96
1349,2026-09-11,18.27
1350,2026-09-12,14.09
1351,2026-09-13,12.06
1352,2026-09-14,16.19
1353,2026-09-15,13.68
1354,2026-09-16,12.64
1355,2026-09-17,15.91
1356,2026-09-18,13.07
1357,2026-09-19,14.35
1358,2026-09-20,13.52
1359,2026-09-21,23.48
1360,2026-09-22,20.51
1361,2026-09-23,13.98
1362,2026-09-24,17.83
1363,2026-09-25,19.83
1364,2026-09-26,13.89
1365,2026-09-27,15.56
1366,2026-09-28,19.87
1367,2026-09-29,11.68
1368,2026-09-30,13.6
1369,2026-10-01,15.01
1370,2026-10-02,18.43
1371,2026-10-03,15.01
1372,2026-10-04,14.92
1373,2026-10-05,13.84
1374,2026-10-06,12.99
1375,2026-10-07,16.87
1376,2026-10-08,10.15
1377,2026-10-09,14.18
1378,2026-10-10,13.34
1379,2026-10-11,22.39
1380,2026-10-12,15.94
1381,2026-10-13,14.42
1382,2026-10-14,17.91
1383,2026-10-15,12.53
1384,2026-10-16,15.48
1385,2026-10-17,16.48
1386,2026-10-18,9.96
1387,2026-10-19,19.92
1388,2026-10-20,9.21
1389,2026-10-21,16.1
1390,2026-10-22,12.95
1391,2026-10-23,13.69
1392,2026-10-24,18.35
1393,2026-10-25,12.58
1394,2026-10-26,8.16
1395,2026-10-27,12.88
1396,2026-10-28,8.52
1397,2026-10-29,22.72
1398,2026-10-30,12.19
1399,2026-10-31,17.29
1400,2026-11-01,10.76
1401,2026-11-02,11.39
1402,2026-11-03,19.77
1403,2026-11-04,14.0
1404,2026-11-05,15.39
1405,2026-11-06,14.61
1406,2026-11-07,12.72
1407,2026-11-08,13.55
1408,2026-11-09,10.52
1409,2026-11-10,18.16
1410,2026-11-11,11.77
1411,2026-11-12,12.58
1412,2026-11-13,12.75
1413,2026-11-14,18.12
1414,2026-11-15,12.9
1415,2026-11-16,9.67
1416,2026-11-17,15.2
1417,2026-11-18,15.58
1418,2026-11-19,19.08
1419,2026-11-20,13.67
1420,2026-11-21,17.82
1421,2026-11-22,20.69
1422,2026-11-23,14.03
1423,2026-11-24,14.3
1424,2026-11-25,23.02
1425,2026-11-26,19.25
1426,2026-11-27,13.33
1427,2026-11-28,13.61
1428,2026-11-29,21.45
1429,2026-11-30,17.92
1430,2026-12-01,11.38
1431,2026-12-02,16.26
1432,2026-12-03,10.79
1433,2026-12-04,21.21
1434,2026-12-05,12.51
1435,2026-12-06,13.48
1436,2026-12-07,12.65
1437,2026-12-08,12.36
1438,2026-12-09,15.3
1439,2026-12-10,11.7
1440,2026-12-11,13.53
1441,2026-12-12,14.47
1442,2026-12-13,20.78
1443,2026-12-14,22.22
1444,2026-12-15,13.19
1445,2026-12-16,11.97
1446,2026-12-17,13.46
1447,2026-12-18,15.21
1448,2026-12-19,18.27
1449,2026-12-20,15.7
1450,2026-12-21,10.87
1451,2026-12-22,15.08
1452,2026-12-23,14.01
1453,2026-12-24,17.83
1454,2026-12-25,14.72
1455,2026-12-26,15.47
1456,2026-12-27,15.4
1457,2026-12-28,11.25
1458,2026-12-29,16.17
1459,2026-12-30,9.59
1460,2026-12-31,14.3
1461,2027-01-01,13.05
1462,2027-01-02,18.74
1463,2027-01-03,15.22
1464,2027-01-04,11.18
1465,2027-01-05,17.57
1466,2027-01-06,12.24
1467,2027-01-07,15.69
1468,2027-01-08,13.76
1469,2027-01-09,16.5
1470,2027-01-10,18.1
1471,2027-01-11,10.37
1472,2027-01-12,13.69
1473,2027-01-13,13.66
1474,2027-01-14,22.53
1475,2027-01-15,18.88
1476,2027-01-16,14.12
1477,2027-01-17,15.98
1478,2027-01-18,12.48
1479,2027-01-19,17.15
1480,2027-01-20,11.31
1481,2027-01-21,13.39
1482,2027-01-22,15.21
1483,2027-01-23,14.61
1484,2027-01-24,15.73
1485,2027-01-25,11.98
1486,2027-01-26,11.58
1487,2027-01-27,13.02
1488,2027-01-28,14.32
1489,2027-01-29,14.3
1490,2027-01-30,18.61
1491,2027-01-31,16.8
1492,2027-02-01,14.11
1493,2027-02-02,11.29
1494,2027-02-03,21.54
1495,2027-02-04,16.03
1496,2027-02-05,12.21
1497,2027-02-06,15.36
1498,2027-02-07,14.76
1499,2027-02-08,14.43
1500,2027-02-09,12.84
1501,2027-02-10,12.38
1502,2027-02-11,12.0
1503,2027-02-12,13.55
1504,2027-02-13,12.03
1505,2027-02-14,21.74
1506,2027-02-15,13.49
1507,2027-02-16,14.66
1508,2027-02-17,16.1
1509,2027-02-18,13.23
1510,2027-02-19,17.25
1511,2027-02-20,13.05
1512,2027-02-21,10.17
1513,2027-02-22,17.74
1514,2027-02-23,10.62
1515,2027-02-24,15.89
1516,2027-02-25,12.77
1517,2027-02-26,12.51
1518,2027-02-27,19.48
1519,2027-02-28,11.94
1520,2027-03-01,11.5
1521,2027-03-02,10.82
1522,2027-03-03,11.66
1523,2027-03-04,19.93
1524,2027-03-05,14.8
1525,2027-03-06,12.62
1526,2027-03-07,12.38
1527,2027-03-08,14.62
1528,2027-03-09,15.81
1529,2027-03-10,11.17
1530,2027-03-11,14.16
1531,2027-03-12,11.07
1532,2027-03-13,24.28
1533,2027-03-14,14.31
1534,2027-03-15,14.08
1535,2027-03-16,22.37
1536,2027-03-17,14.28
1537,2027-03-18,13.95
1538,2027-03-19,11.49
1539,2027-03-20,19.89
1540,2027-03-21,15.98
1541,2027-03-22,12.59
1542,2027-03-23,15.09
1543,2027-03-24,13.94
1544,2027-03-25,14.06
1545,2027-03-26,11.89
1546,2027-03-27,14.86
1547,2027-03-28,12.04
1548,2027-03-29,16.85
1549,2027-03-30,11.72
1550,2027-03-31,14.44
1551,2027-04-01,11.53
1552,2027-04-02,15.28
1553,2027-04-03,13.53
1554,2027-04-04,11.34
1555,2027-04-05,18.79
1556,2027-04-06,12.13
1557,2027-04-07,15.27
1558,2027-04-08,13.26
1559,2027-04-09,15.44
1560,2027-04-10,15.99
1561,2027-04-11,9.94
1562,2027-04-12,15.53
1563,2027-04-13,13.12
1564,2027-04-14,13.62
1565,2027-04-15,16.07
1566,2027-04-16,15.33
1567,2027-04-17,15.6
1568,2027-04-18,11.28
1569,2027-04-19,16.39
1570,2027-04-20,14.4
1571,2027-04-21,14.29
1572,2027-04-22,22.58
1573,2027-04-23,18.88
1574,2027-04-24,10.48
1575,2027-04-25,10.0
1576,2027-04-26,16.18
1577,2027-04-27,18.01
1578,2027-04-28,15.57
1579,2027-04-29,11.27
1580,2027-04-30,13.12
1581,2027-05-01,15.27
1582,2027-05-02,12.63
1583,2027-05-03,13.55
1584,2027-05-04,17.53
1585,2027-05-05,14.63
1586,2027-05-06,13.11
1587,2027-05-07,16.22
1588,2027-05-08,11.3
1589,2027-05-09,18.03
1590,2027-05-10,10.09
1591,2027-05-11,13.13
1592,2027-05-12,14.73
1593,2027-05-13,19.75
1594,2027-05-14,13.19
1595,2027-05-15,10.42
1596,2027-05-16,14.78
1597,2027-05-17,14.55
1598,2027-05-18,22.14
1599,2027-05-19,13.65
1600,2027-05-20,16.16
1601,2027-05-21,19.36
1602,2027-05-22,13.44
1603,2027-05-23,13.71
1604,2027-05-24,15.67
1605,2027-05-25,15.24
1606,2027-05-26,15.14
1607,2027-05-27,17.18
1608,2027-05-28,9.59
1609,2027-05-29,17.64
1610,2027-05-30,10.43
1611,2027-05-31,15.11
1612,2027-06-01,13.34
1613,2027-06-02,14.2
1614,2027-06-03,17.24
1615,2027-06-04,12.06
1616,2027-06-05,12.22
1617,2027-06-06,11.43
1618,2027-06-07,14.83
1619,2027-06-08,16.71
1620,2027-06-09,13.34
1621,2027-06-10,12.86
1622,2027-06-11,14.64
1623,2027-06-12,14.51
1624,2027-06-13,12.33
1625,2027-06-14,14.66
1626,2027-06-15,11.38
1627,2027-06-16,16.72
1628,2027-06-17,12.68
1629,2027-06-18,12.48
1630,2027-06-19,13.89
1631,2027-06-20,12.01
1632,2027-06-21,22.43
1633,2027-06-22,12.63
1634,2027-06-23,13.06
1635,2027-06-24,15.61
1636,2027-06-25,15.49
1637,2027-06-26,16.71
1638,2027-06-27,12.57
1639,2027-06-28,11.24
1640,2027-06-29,15.74
1641,2027-06-30,14.2
1642,2027-07-01,18.35
1643,2027-07-02,14.38
1644,2027-07-03,16.37
1645,2027-07-04,19.88
1646,2027-07-05,11.31
1647,2027-07-06,17.39
1648,2027-07-07,10.99
1649,2027-07-08,13.11
1650,2027-07-09,14.44
1651,2027-07-10,14.5
1652,2027-07-11,19.06
1653,2027-07-12,12.32
1654,2027-07-13,10.97
1655,2027-07-14,11.63
1656,2027-07-15,16.96
1657,2027-07-16,14.69
1658,2027-07-17,12.07
1659,2027-07-18,14.08
1660,2027-07-19,12.71
1661,2027-07-20,16.13
1662,2027-07-21,14.54
1663,2027-07-22,14.85
1664,2027-07-23,13.99
1665,2027-07-24,12.07
1666,2027-07-25,20.64
1667,2027-07-26,13.98
1668,2027-07-27,15.87
1669,2027-07-28,17.36
1670,2027-07-29,12.72
1671,2027-07-30,14.71
1672,2027-07-31,11.57
1673,2027-08-01,16.68
1674,2027-08-02,12.06
1675,2027-08-03,13.41
1676,2027-08-04,11.28
1677,2027-08-05,17.14
1678,2027-08-06,11.4
1679,2027-08-07,14.42
1680,2027-08-08,14.73
1681,2027-08-09,16.45
1682,2027-08-10,17.17
1683,2027-08-11,9.32
1684,2027-08-12,14.05
1685,2027-08-13,14.45
1686,2027-08-14,19.94
1687,2027-08-15,15.94
1688,2027-08-16,14.04
1689,2027-08-17,14.19
1690,2027-08-18,13.33
1691,2027-08-19,22.88
1692,2027-08-20,15.65
1693,2027-08-21,12.54
1694,2027-08-22,18.15
1695,2027-08-23,13.55
1696,2027-08-24,13.56
1697,2027-08-25,20.51
1698,2027-08-26,11.77
1699,2027-08-27,14.38
1700,2027-08-28,13.3
1701,2027-08-29,17.45
1702,2027-08-30,17.63
1703,2027-08-31,12.19
1704,2027-09-01,11.6
1705,2027-09-02,12.88
1706,2027-09-03,14.25
1707,2027-09-04,15.24
1708,2027-09-05,17.3
1709,2027-09-06,10.8
1710,2027-09-07,13.32
1711,2027-09-08,12.34
1712,2027-09-09,21.07
1713,2027-09-10,11.75
1714,2027-09-11,14.91
1715,2027-09-12,13.32
1716,2027-09-13,11.52
1717,2027-09-14,22.77
1718,2027-09-15,12.32
1719,2027-09-16,11.8
1720,2027-09-17,12.59
1721,2027-09-18,12.11
1722,2027-09-19,20.85
1723,2027-09-20,12.18
1724,2027-09-21,12.93
1725,2027-09-22,14.27
1726,2027-09-23,13.73
1727,2027-09-24,24.81
1728,2027-09-25,15.56
1729,2027-09-26,10.11
1730,2027-09-27,11.54
1731,2027-09-28,16.57
1732,2027-09-29,16.99
1733,2027-09-30,11.96
1734,2027-10-01,17.52
1735,2027-10-02,11.65
1736,2027-10-03,13.35
1737,2027-10-04,12.23
1738,2027-10-05,11.8
1739,2027-10-06,10.53
1740,2027-10-07,12.84
1741,2027-10-08,10.73
1742,2027-10-09,18.46
1743,2027-10-10,13.59
1744,2027-10-11,14.59
1745,2027-10-12,16.04
1746,2027-10-13,11.5
1747,2027-10-14,18.5
1748,2027-10-15,9.4
1749,2027-10-16,18.09
1750,2027-10-17,13.27
1751,2027-10-18,14.04
1752,2027-10-19,17.08
1753,2027-10-20,12.3
1754,2027-10-21,10.81
1755,2027-10-22,11.66
1756,2027-10-23,11.99
1757,2027-10-24,19.68
1758,2027-10-25,10.49
1759,2027-10-26,14.35
1760,2027-10-27,16.57
1761,2027-10-28,14.72
1762,2027-10-29,15.32
1763,2027-10-30,10.43
1764,2027-10-31,13.06
1765,2027-11-01,14.81
1766,2027-11-02,14.5
1767,2027-11-03,18.39
1768,2027-11-04,16.92
1769,2027-11-05,11.39
1770,2027-11-06,10.48
1771,2027-11-07,13.62
1772,2027-11-08,16.84
1773,2027-11-09,17.75
1774,2027-11-10,9.6
1775,2027-11-11,13.4
1776,2027-11-12,16.66
1777,2027-11-13,14.81
1778,2027-11-14,11.46
1779,2027-11-15,17.46
1780,2027-11-16,10.04
1781,2027-11-17,13.52
1782,2027-11-18,13.72
1783,2027-11-19,23.29
1784,2027-11-20,21.32
1785,2027-11-21,10.03
1786,2027-11-22,12.81
1787,2027-11-23,14.45
1788,2027-11-24,17.41
1789,2027-11-25,19.03
1790,2027-11-26,14.98
1791,2027-11-27,12.28
1792,2027-11-28,10.34
1793,2027-11-29,17.66
1794,2027-11-30,12.43
1795,2027-12-01,11.86
1796,2027-12-02,13.15
1797,2027-12-03,11.71
1798,2027-12-04,21.46
1799,2027-12-05,11.71
1800,2027-12-06,13.54
1801,2027-12-07,13.88
1802,2027-12-08,13.25
1803,2027-12-09,27.14
1804,2027-12-10,14.92
1805,2027-12-11,11.9
1806,2027-12-12,12.4
1807,2027-12-13,15.97
1808,2027-12-14,15.3
1809,2027-12-15,16.67
1810,2027-12-16,12.84
1811,2027-12-17,11.92
1812,2027-12-18,15.41
1813,2027-12-19,13.4
1814,2027-12-20,16.19
1815,2027-12-21,11.59
1816,2027-12-22,12.67
1817,2027-12-23,15.79
1818,2027-12-24,13.76
1819,2027-12-25,14.8
1820,2027-12-26,20.4
1821,2027-12-27,12.61
1822,2027-12-28,12.76
1823,2027-12-29,13.12
1824,2027-12-30,11.41
1825,2027-12-31,19.03
1826,2028-01-01,9.21
1827,2028-01-02,13.88
1828,2028-01-03,14.8
1829,2028-01-04,23.5
1830,2028-01-05,20.14
1831,2028-01-06,10.06
1832,2028-01-07,11.33
1833,2028-01-08,16.73
1834,2028-01-09,15.04
1835,2028-01-10,13.23
1836,2028-01-11,13.72
1837,2028-01-12,15.86
1838,2028-01-13,13.62
1839,2028-01-14,12.38
1840,2028-01-15,19.71
1841,2028-01-16,10.38
1842,2028-01-17,16.94
1843,2028-01-18,11.36
1844,2028-01-19,14.19
1845,2028-01-20,12.82
1846,2028-01-21,13.52
1847,2028-01-22,15.66
1848,2028-01-23,12.94
1849,2028-01-24,13.03
1850,2028-01-25,12.1
1851,2028-01-26,16.94
1852,2028-01-27,15.78
1853,2028-01-28,12.73
1854,2028-01-29,14.8
1855,2028-01-30,15.18
1856,2028-01-31,16.61
1857,2028-02-01,11.69
1858,2028-02-02,14.84
1859,2028-02-03,11.17
1860,2028-02-04,18.23
1861,2028-02-05,10.16
1862,2028-02-06,12.08
1863,2028-02-07,12.37
1864,2028-02-08,15.53
1865,2028-02-09,11.9
1866,2028-02-10,10.49
1867,2028-02-11,14.42
1868,2028-02-12,14.42
1869,2028-02-13,18.77
1870,2028-02-14,13.68
1871,2028-02-15,15.84
1872,2028-02-16,14.18
1873,2028-02-17,13.58
1874,2028-02-18,19.28
1875,2028-02-19,15.83
1876,2028-02-20,14.29
1877,2028-02-21,13.84
1878,2028-02-22,23.43
1879,2028-02-23,20.68
1880,2028-02-24,11.75
1881,2028-02-25,15.73
1882,2028-02-26,13.4
1883,2028-02-27,16.15
1884,2028-02-28,15.57
1885,2028-02-29,16.28
1886,2028-03-01,12.0
1887,2028-03-02,11.49
1888,2028-03-03,12.71
1889,2028-03-04,14.4
1890,2028-03-05,15.04
1891,2028-03-06,18.47
1892,2028-03-07,12.69
1893,2028-03-08,11.68
1894,2028-03-09,12.7
1895,2028-03-10,16.93
1896,2028-03-11,12.19
1897,2028-03-12,11.79
1898,2028-03-13,12.59
1899,2028-03-14,15.21
1900,2028-03-15,16.69
1901,2028-03-16,14.75
1902,2028-03-17,15.41
1903,2028-03-18,12.32
1904,2028-03-19,13.41
1905,2028-03-20,14.16
1906,2028-03-21,12.47
1907,2028-03-22,18.26
1908,2028-03-23,10.69
1909,2028-03-24,13.73
1910,2028-03-25,12.92
1911,2028-03-26,24.81
1912,2028-03-27,14.11
1913,2028-03-28,9.76
1914,2028-03-29,20.22
1915,2028-03-30,15.21
1916,2028-03-31,15.89
1917,2028-04-01,16.11
1918,2028-04-02,20.09
1919,2028-04-03,14.31
1920,2028-04-04,10.68
1921,2028-04-05,16.86
1922,2028-04-06,11.04
1923,2028-04-07,14.52
1924,2028-04-08,11.68
1925,2028-04-09,18.1
1926,2028-04-10,12.45
1927,2028-04-11,9.98
1928,2028-04-12,12.84
1929,2028-04-13,13.2
1930,2028-04-14,13.69
1931,2028-04-15,14.42
1932,2028-04-16,21.97
1933,2028-04-17,16.95
1934,2028-04-18,11.99
1935,2028-04-19,14.84
1936,2028-04-20,16.27
1937,2028-04-21,16.31
1938,2028-04-22,14.09
1939,2028-04-23,15.94
1940,2028-04-24,15.94
1941,2028-04-25,13.21
1942,2028-04-26,12.77
1943,2028-04-27,12.62
1944,2028-04-28,13.3
1945,2028-04-29,14.88
1946,2028-04-30,13.24
1947,2028-05-01,14.9
1948,2028-05-02,18.69
1949,2028-05-03,14.61
1950,2028-05-04,15.84
1951,2028-05-05,14.89
1952,2028-05-06,12.67
1953,2028-05-07,15.68
1954,2028-05-08,9.49
1955,2028-05-09,16.95
1956,2028-05-10,10.94
1957,2028-05-11,14.16
1958,2028-05-12,12.83
1959,2028-05-13,26.25
1960,2028-05-14,12.9
1961,2028-05-15,10.39
1962,2028-05-16,14.95
1963,2028-05-17,15.12
1964,2028-05-18,19.03
1965,2028-05-19,14.36
1966,2028-05-20,22.15
1967,2028-05-21,21.0
1968,2028-05-22,13.33
1969,2028-05-23,13.9
1970,2028-05-24,13.63
1971,2028-05-25,23.82
1972,2028-05-26,23.46
1973,2028-05-27,16.34
1974,2028-05-28,12.18
1975,2028-05-29,16.3
1976,2028-05-30,15.3
1977,2028-05-31,15.86
1978,2028-06-01,16.96
1979,2028-06-02,9.45
1980,2028-06-03,15.05
1981,2028-06-04,17.06
1982,2028-06-05,13.99
1983,2028-06-06,13.43
1984,2028-06-07,19.85
1985,2028-06-08,8.12
1986,2028-06-09,12.48
1987,2028-06-10,12.52
1988,2028-06-11,13.24
1989,2028-06-12,16.26
1990,2028-06-13,16.93
1991,2028-06-14,6.36
1992,2028-06-15,9.28
1993,2028-06-16,14.93
1994,2028-06-17,19.09
1995,2028-06-18,15.72
1996,2028-06-19,16.77
1997,2028-06-20,9.77
1998,2028-06-21,7.21
1999,2028-06-22,17.35
2000,2028-06-23,9.96
2001,2028-06-24,16.94
2002,2028-06-25,9.77
2003,2028-06-26,14.2
2004,2028-06-27,11.72
2005,2028-06-28,7.39
2006,2028-06-29,12.61
2007,2028-06-30,14.18
2008,2028-07-01,17.91
2009,2028-07-02,13.28
2010,2028-07-03,16.74
2011,2028-07-04,11.75
2012,2028-07-05,4.94
2013,2028-07-06,16.99
2014,2028-07-07,9.76
2015,2028-07-08,15.24
2016,2028-07-09,12.1
2017,2028-07-10,17.81
2018,2028-07-11,11.9
2019,2028-07-12,5.29
2020,2028-07-13,11.26
2021,2028-07-14,12.29
2022,2028-07-15,16.61
2023,2028-07-16,11.32
2024,2028-07-17,16.59
2025,2028-07-18,11.29
2026,2028-07-19,6.89
2027,2028-07-20,16.66
2028,2028-07-21,14.02
2029,2028-07-22,17.37
2030,2028-07-23,10.03
2031,2028-07-24,14.97
2032,2028-07-25,12.18
2033,2028-07-26,5.29
2034,2028-07-27,11.62
2035,2028-07-28,10.63
2036,2028-07-29,15.3
2037,2028-07-30,10.43
2038,2028-07-31,18.29
2039,2028-08-01,11.54
2040,2028-08-02,7.69
2041,2028-08-03,18.53
2042,2028-08-04,11.85
2043,2028-08-05,17.45
2044,2028-08-06,9.49
2045,2028-08-07,13.6
2046,2028-08-08,17.29
2047,2028-08-09,10.21
2048,2028-08-10,14.34
2049,2028-08-11,14.73
2050,2028-08-12,17.95
2051,2028-08-13,16.72
2052,2028-08-14,10.4
2053,2028-08-15,13.47
2054,2028-08-16,14.07
2055,2028-08-17,14.92
2056,2028-08-18,16.16
2057,2028-08-19,13.68
2058,2028-08-20,15.46
2059,2028-08-21,13.07
2060,2028-08-22,19.32
2061,2028-08-23,13.53
2062,2028-08-24,12.92
2063,2028-08-25,21.76
2064,2028-08-26,15.13
2065,2028-08-27,13.77
2066,2028-08-28,15.38
2067,2028-08-29,19.7
2068,2028-08-30,14.74
2069,2028-08-31,14.82
2070,2028-09-01,14.9
2071,2028-09-02,14.75
2072,2028-09-03,15.28
2073,2028-09-04,12.32
2074,2028-09-05,13.5
2075,2028-09-06,10.51
2076,2028-09-07,13.58
2077,2028-09-08,12.05
2078,2028-09-09,18.98
2079,2028-09-10,11.23
2080,2028-09-11,13.68
2081,2028-09-12,15.11
2082,2028-09-13,15.15
2083,2028-09-14,14.91
2084,2028-09-15,10.66
2085,2028-09-16,12.84
2086,2028-09-17,12.67
2087,2028-09-18,14.57
2088,2028-09-19,12.27
2089,2028-09-20,16.27
2090,2028-09-21,12.15
2091,2028-09-22,11.0
2092,2028-09-23,15.61
2093,2028-09-24,12.88
2094,2028-09-25,13.46
2095,2028-09-26,12.69
2096,2028-09-27,11.49
2097,2028-09-28,19.93
2098,2028-09-29,10.47
2099,2028-09-30,16.69
2100,2028-10-01,12.5
2101,2028-10-02,20.32
2102,2028-10-03,16.17
2103,2028-10-04,8.28
2104,2028-10-05,13.28
2105,2028-10-06,12.94
2106,2028-10-07,16.93
2107,2028-10-08,11.26
2108,2028-10-09,15.5
2109,2028-10-10,9.7
2110,2028-10-11,9.51
2111,2028-10-12,17.24
2112,2028-10-13,13.81
2113,2028-10-14,15.42
2114,2028-10-15,14.02
2115,2028-10-16,14.09
2116,2028-10-17,13.77
2117,2028-10-18,13.36
2118,2028-10-19,20.16
2119,2028-10-20,13.11
2120,2028-10-21,14.6
2121,2028-10-22,15.55
2122,2028-10-23,14.56
2123,2028-10-24,16.53
2124,2028-10-25,13.6
2125,2028-10-26,16.15
2126,2028-10-27,18.18
2127,2028-10-28,12.85
2128,2028-10-29,14.08
2129,2028-10-30,12.85
2130,2028-10-31,18.93
2131,2028-11-01,13.39
2132,2028-11-02,11.64
2133,2028-11-03,14.69
2134,2028-11-04,16.29
2135,2028-11-05,14.56
2136,2028-11-06,15.03
2137,2028-11-07,15.44
2138,2028-11-08,15.53
2139,2028-11-09,12.28
2140,2028-11-10,12.29
2141,2028-11-11,11.14
2142,2028-11-12,12.33
2143,2028-11-13,11.9
2144,2028-11-14,12.0
2145,2028-11-15,11.49
2146,2028-11-16,16.52
2147,2028-11-17,12.28
2148,2028-11-18,14.52
2149,2028-11-19,13.67
2150,2028-11-20,12.83
2151,2028-11-21,19.29
2152,2028-11-22,11.98
2153,2028-11-23,11.18
2154,2028-11-24,12.9
2155,2028-11-25,12.4
2156,2028-11-26,18.1
2157,2028-11-27,12.71
2158,2028-11-28,12.08
2159,2028-11-29,15.07
2160,2028-11-30,12.5
2161,2028-12-01,18.08
2162,2028-12-02,10.02
2163,2028-12-03,12.64
2164,2028-12-04,17.34
2165,2028-12-05,15.59
2166,2028-12-06,11.86
2167,2028-12-07,10.82
2168,2028-12-08,14.46
2169,2028-12-09,12.19
2170,2028-12-10,23.83
2171,2028-12-11,11.34
2172,2028-12-12,15.49
2173,2028-12-13,14.52
2174,2028-12-14,13.72
2175,2028-12-15,17.05
2176,2028-12-16,14.03
2177,2028-12-17,21.97
2178,2028-12-18,12.17
2179,2028-12-19,16.04
2180,2028-12-20,11.94
2181,2028-12-21,14.0
2182,2028-12-22,20.74
2183,2028-12-23,18.12
2184,2028-12-24,7.04
2185,2028-12-25,10.6
2186,2028-12-26,13.3
2187,2028-12-27,19.16
2188,2028-12-28,16.13
2189,2028-12-29,10.33
2190,2028-12-30,12.63
2191,2028-12-31,8.49
2192,2029-01-01,16.05
2193,2029-01-02,12.56
2194,2029-01-03,17.93
2195,2029-01-04,10.73
2196,2029-01-05,13.74
2197,2029-01-06,14.99
2198,2029-01-07,10.29
2199,2029-01-08,17.98
2200,2029-01-09,13.74
2201,2029-01-10,15.37
2202,2029-01-11,15.62
2203,2029-01-12,14.5
2204,2029-01-13,15.25
2205,2029-01-14,12.73
2206,2029-01-15,16.22
2207,2029-01-16,11.68
2208,2029-01-17,12.77
2209,2029-01-18,14.13
2210,2029-01-19,12.42
2211,2029-01-20,21.26
2212,2029-01-21,14.96
2213,2029-01-22,12.49
2214,2029-01-23,12.86
2215,2029-01-24,15.92
2216,2029-01-25,15.14
2217,2029-01-26,13.28
2218,2029-01-27,15.23
2219,2029-01-28,13.04
2220,2029-01-29,13.84
2221,2029-01-30,18.23
2222,2029-01-31,13.81
2223,2029-02-01,14.5
2224,2029-02-02,19.28
2225,2029-02-03,17.36
2226,2029-02-04,16.6
2227,2029-02-05,11.37
2228,2029-02-06,16.07
2229,2029-02-07,13.31
2230,2029-02-08,15.36
2231,2029-02-09,15.49
2232,2029-02-10,15.71
2233,2029-02-11,13.24
2234,2029-02-12,9.83
2235,2029-02-13,14.17
2236,2029-02-14,13.52
2237,2029-02-15,19.12
2238,2029-02-16,15.56
2239,2029-02-17,12.51
2240,2029-02-18,15.6
2241,2029-02-19,12.76
2242,2029-02-20,16.58
2243,2029-02-21,11.74
2244,2029-02-22,12.71
2245,2029-02-23,11.93
2246,2029-02-24,15.94
2247,2029-02-25,11.37
2248,2029-02-26,17.58
2249,2029-02-27,7.85
2250,2029-02-28,15.61
2251,2029-03-01,14.19
2252,2029-03-02,16.17
2253,2029-03-03,16.88
2254,2029-03-04,9.88
2255,2029-03-05,9.83
2256,2029-03-06,13.07
2257,2029-03-07,14.87
2258,2029-03-08,14.85
2259,2029-03-09,16.19
2260,2029-03-10,11.75
2261,2029-03-11,10.63
2262,2029-03-12,11.89
2263,2029-03-13,14.5
2264,2029-03-14,12.48
2265,2029-03-15,17.26
2266,2029-03-16,8.61
2267,2029-03-17,14.65
2268,2029-03-18,18.33
2269,2029-03-19,14.72
2270,2029-03-20,11.5
2271,2029-03-21,13.33
2272,2029-03-22,8.1
2273,2029-03-23,15.49
2274,2029-03-24,9.14
2275,2029-03-25,21.35
2276,2029-03-26,12.85
2277,2029-03-27,15.0
2278,2029-03-28,12.57
2279,2029-03-29,12.61
2280,2029-03-30,15.36
2281,2029-03-31,15.5
2282,2029-04-01,14.73
2283,2029-04-02,17.23
2284,2029-04-03,10.65
2285,2029-04-04,16.86
2286,2029-04-05,12.07
2287,2029-04-06,14.44
2288,2029-04-07,12.19
2289,2029-04-08,18.73
2290,2029-04-09,8.52
2291,2029-04-10,11.47
2292,2029-04-11,14.13
2293,2029-04-12,14.94
2294,2029-04-13,19.89
2295,2029-04-14,11.38
2296,2029-04-15,10.56
2297,2029-04-16,12.71
2298,2029-04-17,13.42
2299,2029-04-18,17.59
2300,2029-04-19,10.6
2301,2029-04-20,12.18
2302,2029-04-21,15.31
2303,2029-04-22,13.45
2304,2029-04-23,17.53
2305,2029-04-24,15.88
2306,2029-04-25,10.31
2307,2029-04-26,11.83
2308,2029-04-27,14.44
2309,2029-04-28,11.91
2310,2029-04-29,20.98
2311,2029-04-30,8.27
2312,2029-05-01,14.07
2313,2029-05-02,14.48
2314,2029-05-03,17.47
2315,2029-05-04,20.42
2316,2029-05-05,11.66
2317,2029-05-06,7.38
2318,2029-05-07,10.65
2319,2029-05-08,17.69
2320,2029-05-09,16.43
2321,2029-05-10,7.6
2322,2029-05-11,14.29
2323,2029-05-12,11.74
2324,2029-05-13,9.88
2325,2029-05-14,13.76
2326,2029-05-15,13.71
2327,2029-05-16,19.19
2328,2029-05-17,14.04
2329,2029-05-18,13.02
2330,2029-05-19,15.71
2331,2029-05-20,14.33
2332,2029-05-21,14.61
2333,2029-05-22,16.07
2334,2029-05-23,14.91
2335,2029-05-24,12.34
2336,2029-05-25,15.74
2337,2029-05-26,11.72
2338,2029-05-27,14.49
2339,2029-05-28,11.47
2340,2029-05-29,18.9
2341,2029-05-30,11.18
2342,2029-05-31,13.6
2343,2029-06-01,14.71
2344,2029-06-02,15.91
2345,2029-06-03,15.07
2346,2029-06-04,9.93
2347,2029-06-05,13.43
2348,2029-06-06,13.98
2349,2029-06-07,14.62
2350,2029-06-08,16.84
2351,2029-06-09,13.94
2352,2029-06-10,12.94
2353,2029-06-11,13.22
2354,2029-06-12,17.69
2355,2029-06-13,13.38
2356,2029-06-14,12.62
2357,2029-06-15,16.45
2358,2029-06-16,11.82
2359,2029-06-17,17.91
2360,2029-06-18,12.96
2361,2029-06-19,11.52
2362,2029-06-20,17.37
2363,2029-06-21,13.4
2364,2029-06-22,13.65
2365,2029-06-23,12.39
2366,2029-06-24,15.17
2367,2029-06-25,17.7
2368,2029-06-26,10.62
2369,2029-06-27,13.62
2370,2029-06-28,13.87
2371,2029-06-29,18.62
2372,2029-06-30,14.75
2373,2029-07-01,12.76
2374,2029-07-02,14.25
2375,2029-07-03,13.3
2376,2029-07-04,19.71
2377,2029-07-05,13.62
2378,2029-07-06,16.61
2379,2029-07-07,16.99
2380,2029-07-08,18.21
2381,2029-07-09,13.81
2382,2029-07-10,13.32
2383,2029-07-11,20.93
2384,2029-07-12,14.47
2385,2029-07-13,16.15
2386,2029-07-14,17.05
2387,2029-07-15,10.3
2388,2029-07-16,14.53
2389,2029-07-17,14.67
2390,2029-07-18,19.97
2391,2029-07-19,12.17
2392,2029-07-20,15.75
2393,2029-07-21,10.87
2394,2029-07-22,13.53
2395,2029-07-23,13.89
2396,2029-07-24,16.33
2397,2029-07-25,13.94
2398,2029-07-26,12.2
2399,2029-07-27,18.9
2400,2029-07-28,13.11
2401,2029-07-29,15.75
2402,2029-07-30,13.37
2403,2029-07-31,14.73
2404,2029-08-01,15.63
2405,2029-08-02,10.76
2406,2029-08-03,16.03
2407,2029-08-04,11.93
2408,2029-08-05,14.92
2409,2029-08-06,14.74
2410,2029-08-07,14.3
2411,2029-08-08,19.1
2412,2029-08-09,10.31
2413,2029-08-10,14.32
2414,2029-08-11,13.97
2415,2029-08-12,17.99
2416,2029-08-13,19.15
2417,2029-08-14,11.37
2418,2029-08-15,13.43
2419,2029-08-16,11.97
2420,2029-08-17,16.67
2421,2029-08-18,11.3
2422,2029-08-19,12.94
2423,2029-08-20,11.41
2424,2029-08-21,15.65
2425,2029-08-22,15.38
2426,2029-08-23,14.55
2427,2029-08-24,15.17
2428,2029-08-25,10.3
2429,2029-08-26,15.81
2430,2029-08-27,13.31
2431,2029-08-28,14.86
2432,2029-08-29,12.63
2433,2029-08-30,14.46
2434,2029-08-31,16.29
2435,2029-09-01,13.41
2436,2029-09-02,15.39
2437,2029-09-03,15.82
2438,2029-09-04,11.96
2439,2029-09-05,18.72
2440,2029-09-06,9.45
2441,2029-09-07,14.81
2442,2029-09-08,15.23
2443,2029-09-09,14.47
2444,2029-09-10,18.97
2445,2029-09-11,12.55
2446,2029-09-12,8.1
2447,2029-09-13,13.75
2448,2029-09-14,10.36
2449,2029-09-15,24.81
2450,2029-09-16,10.99
2451,2029-09-17,14.31
2452,2029-09-18,11.69
2453,2029-09-19,10.79
2454,2029-09-20,23.95
2455,2029-09-21,12.18
2456,2029-09-22,18.88
2457,2029-09-23,10.6
2458,2029-09-24,16.33
2459,2029-09-25,17.97
2460,2029-09-26,13.01
2461,2029-09-27,19.96
2462,2029-09-28,10.25
2463,2029-09-29,13.2
2464,2029-09-30,13.86
2465,2029-10-01,14.95
2466,2029-10-02,20.15
2467,2029-10-03,16.4
2468,2029-10-04,8.84
2469,2029-10-05,9.68
2470,2029-10-06,15.84
2471,2029-10-07,16.61
2472,2029-10-08,11.45
2473,2029-10-09,14.47
2474,2029-10-10,12.47
2475,2029-10-11,17.21
2476,2029-10-12,13.12
2477,2029-10-13,13.53
2478,2029-10-14,15.57
2479,2029-10-15,13.48
2480,2029-10-16,16.25
2481,2029-10-17,12.44
2482,2029-10-18,12.35
2483,2029-10-19,17.11
2484,2029-10-20,10.6
2485,2029-10-21,15.81
2486,2029-10-22,12.95
2487,2029-10-23,15.29
2488,2029-10-24,16.19
2489,2029-10-25,11.61
2490,2029-10-26,13.61
2491,2029-10-27,9.81
2492,2029-10-28,19.06
2493,2029-10-29,14.47
2494,2029-10-30,13.86
2495,2029-10-31,22.28
2496,2029-11-01,14.57
2497,2029-11-02,14.36
2498,2029-11-03,10.76
2499,2029-11-04,19.08
2500,2029-11-05,16.68
2501,2029-11-06,15.21
2502,2029-11-07,15.52
2503,2029-11-08,13.68
2504,2029-11-09,13.82
2505,2029-11-10,11.08
2506,2029-11-11,17.5
2507,2029-11-12,8.6
2508,2029-11-13,14.48
2509,2029-11-14,16.17
2510,2029-11-15,22.56
2511,2029-11-16,14.65
2512,2029-11-17,10.45
2513,2029-11-18,11.97
2514,2029-11-19,18.58
2515,2029-11-20,15.88
2516,2029-11-21,12.21
2517,2029-11-22,14.6
2518,2029-11-23,12.5
2519,2029-11-24,12.97
2520,2029-11-25,11.32
2521,2029-11-26,12.65
2522,2029-11-27,10.03
2523,2029-11-28,17.23
2524,2029-11-29,12.07
2525,2029-11-30,15.09
2526,2029-12-01,12.9
2527,2029-12-02,10.74
2528,2029-12-03,19.66
2529,2029-12-04,10.22
2530,2029-12-05,14.6
2531,2029-12-06,15.29
2532,2029-12-07,14.58
2533,2029-12-08,17.38
2534,2029-12-09,9.51
2535,2029-12-10,11.3
2536,2029-12-11,14.12
2537,2029-12-12,12.02
2538,2029-12-13,18.13
2539,2029-12-14,9.81
2540,2029-12-15,11.29
2541,2029-12-16,15.64
2542,2029-12-17,13.28
2543,2029-12-18,14.22
2544,2029-12-19,13.38
2545,2029-12-20,13.88
2546,2029-12-21,14.59
2547,2029-12-22,12.29
2548,2029-12-23,16.1
2549,2029-12-24,14.92
2550,2029-12-25,12.05
2551,2029-12-26,17.39
2552,2029-12-27,10.35
2553,2029-12-28,14.16
2554,2029-12-29,14.14
2555,2029-12-30,23.37
2556,2029-12-31,20.43
2557,2030-01-01,10.48
2558,2030-01-02,11.93
2559,2030-01-03,15.15
2560,2030-01-04,17.85
2561,2030-01-05,14.82
2562,2030-01-06,13.93
2563,2030-01-07,15.62
2564,2030-01-08,13.86
2565,2030-01-09,12.53
2566,2030-01-10,16.66
2567,2030-01-11,8.55
2568,2030-01-12,17.52
2569,2030-01-13,11.68
2570,2030-01-14,16.33
2571,2030-01-15,11.48
2572,2030-01-16,18.82
2573,2030-01-17,8.15
2574,2030-01-18,13.44
2575,2030-01-19,12.51
2576,2030-01-20,16.62
2577,2030-01-21,11.25
2578,2030-01-22,12.52
2579,2030-01-23,9.97
2580,2030-01-24,12.15
2581,2030-01-25,17.66
2582,2030-01-26,16.3
2583,2030-01-27,9.67
2584,2030-01-28,10.69
2585,2030-01-29,17.63
2586,2030-01-30,15.21
2587,2030-01-31,13.01
2588,2030-02-01,15.86
2589,2030-02-02,10.8
2590,2030-02-03,12.58
2591,2030-02-04,10.28
2592,2030-02-05,13.01
2593,2030-02-06,14.37
2594,2030-02-07,21.14
2595,2030-02-08,16.2
2596,2030-02-09,11.84
2597,2030-02-10,13.97
2598,2030-02-11,10.64
2599,2030-02-12,24.82
2600,2030-02-13,15.4
2601,2030-02-14,14.94
2602,2030-02-15,17.37
2603,2030-02-16,13.04
2604,2030-02-17,15.16
2605,2030-02-18,13.09
2606,2030-02-19,15.58
2607,2030-02-20,13.25
2608,2030-02-21,12.33
2609,2030-02-22,12.58
2610,2030-02-23,13.86
2611,2030-02-24,14.2
2612,2030-02-25,20.52
2613,2030-02-26,17.07
2614,2030-02-27,14.19
2615,2030-02-28,11.64
2616,2030-03-01,21.03
2617,2030-03-02,15.94
2618,2030-03-03,12.05
2619,2030-03-04,16.24
2620,2030-03-05,10.08
2621,2030-03-06,16.19
2622,2030-03-07,13.91
2623,2030-03-08,16.45
2624,2030-03-09,17.16
2625,2030-03-10,11.38
2626,2030-03-11,15.1
2627,2030-03-12,11.15
2628,2030-03-13,18.34
2629,2030-03-14,11.21
2630,2030-03-15,13.41
2631,2030-03-16,10.79
2632,2030-03-17,15.32
2633,2030-03-18,15.64
2634,2030-03-19,11.9
2635,2030-03-20,11.58
2636,2030-03-21,12.21
2637,2030-03-22,16.56
2638,2030-03-23,11.66
2639,2030-03-24,13.1
2640,2030-03-25,10.53
2641,2030-03-26,18.3
2642,2030-03-27,14.37
2643,2030-03-28,12.7
2644,2030-03-29,17.44
2645,2030-03-30,15.02
2646,2030-03-31,16.13
2647,2030-04-01,9.36
2648,2030-04-02,19.9
2649,2030-04-03,12.71
2650,2030-04-04,17.89
2651,2030-04-05,10.93
2652,2030-04-06,13.34
2653,2030-04-07,13.54
2654,2030-04-08,14.2
2655,2030-04-09,20.29
2656,2030-04-10,21.03
2657,2030-04-11,9.86
2658,2030-04-12,9.81
2659,2030-04-13,15.65
2660,2030-04-14,18.05
2661,2030-04-15,14.99
2662,2030-04-16,16.29
2663,2030-04-17,10.18
2664,2030-04-18,11.39
2665,2030-04-19,15.64
2666,2030-04-20,9.65
2667,2030-04-21,14.64
2668,2030-04-22,12.67
2669,2030-04-23,14.05
2670,2030-04-24,15.55
2671,2030-04-25,11.44
2672,2030-04-26,17.43
2673,2030-04-27,10.71
2674,2030-04-28,15.27
2675,2030-04-29,16.07
2676,2030-04-30,15.4
2677,2030-05-01,15.75
2678,2030-05-02,9.09
2679,2030-05-03,14.64
2680,2030-05-04,15.16
2681,2030-05-05,14.11
2682,2030-05-06,19.58
2683,2030-05-07,17.81
2684,2030-05-08,7.78
2685,2030-05-09,11.63
2686,2030-05-10,11.64
2687,2030-05-11,17.66
2688,2030-05-12,10.82
2689,2030-05-13,13.42
2690,2030-05-14,9.99
2691,2030-05-15,11.86
2692,2030-05-16,22.81
2693,2030-05-17,13.3
2694,2030-05-18,11.24
2695,2030-05-19,13.54
2696,2030-05-20,17.74
2697,2030-05-21,14.8
2698,2030-05-22,13.73
2699,2030-05-23,18.84
2700,2030-05-24,20.17
2701,2030-05-25,12.64
2702,2030-05-26,11.97
2703,2030-05-27,13.35
2704,2030-05-28,13.9
2705,2030-05-29,15.44
2706,2030-05-30,14.77
2707,2030-05-31,14.73
2708,2030-06-01,15.91
2709,2030-06-02,11.53
2710,2030-06-03,17.43
2711,2030-06-04,9.74
2712,2030-06-05,14.53
2713,2030-06-06,11.94
2714,2030-06-07,15.97
2715,2030-06-08,11.24
2716,2030-06-09,11.95
2717,2030-06-10,13.13
2718,2030-06-11,11.99
2719,2030-06-12,15.96
2720,2030-06-13,13.09
2721,2030-06-14,13.98
2722,2030-06-15,13.91
2723,2030-06-16,14.41
2724,2030-06-17,23.7
2725,2030-06-18,14.63
2726,2030-06-19,16.61
2727,2030-06-20,13.73
2728,2030-06-21,14.16
2729,2030-06-22,19.58
2730,2030-06-23,17.99
2731,2030-06-24,10.77
2732,2030-06-25,12.35
2733,2030-06-26,13.08
2734,2030-06-27,17.43
2735,2030-06-28,12.81
2736,2030-06-29,12.21
2737,2030-06-30,12.89
2738,2030-07-01,13.7
2739,2030-07-02,15.51
2740,2030-07-03,19.89
2741,2030-07-04,11.22
2742,2030-07-05,13.77
2743,2030-07-06,12.17
2744,2030-07-07,23.85
2745,2030-07-08,16.25
2746,2030-07-09,15.03
2747,2030-07-10,15.08
2748,2030-07-11,11.2
2749,2030-07-12,17.07
2750,2030-07-13,12.07
2751,2030-07-14,16.29
2752,2030-07-15,10.17
2753,2030-07-16,16.3
2754,2030-07-17,14.09
2755,2030-07-18,12.17
2756,2030-07-19,17.34
2757,2030-07-20,11.87
2758,2030-07-21,12.57
2759,2030-07-22,11.13
2760,2030-07-23,15.47
2761,2030-07-24,13.5
2762,2030-07-25,14.18
2763,2030-07-26,15.68
2764,2030-07-27,14.72
2765,2030-07-28,17.51
2766,2030-07-29,9.35
2767,2030-07-30,12.46
2768,2030-07-31,15.66
2769,2030-08-01,13.84
2770,2030-08-02,17.05
2771,2030-08-03,17.93
2772,2030-08-04,7.37
2773,2030-08-05,10.38
2774,2030-08-06,15.75
2775,2030-08-07,13.5
2776,2030-08-08,15.63
2777,2030-08-09,13.15
2778,2030-08-10,8.11
2779,2030-08-11,15.41
2780,2030-08-12,13.67
2781,2030-08-13,19.2
2782,2030-08-14,17.77
2783,2030-08-15,12.57
2784,2030-08-16,11.87
2785,2030-08-17,10.89
2786,2030-08-18,16.6
2787,2030-08-19,12.06
2788,2030-08-20,12.87
2789,2030-08-21,11.63
2790,2030-08-22,17.38
2791,2030-08-23,15.36
2792,2030-08-24,11.36
2793,2030-08-25,15.3
2794,2030-08-26,12.68
2795,2030-08-27,17.52
2796,2030-08-28,12.24
2797,2030-08-29,13.8
2798,2030-08-30,13.23
2799,2030-08-31,13.38
2800,2030-09-01,15.8
2801,2030-09-02,16.44
2802,2030-09-03,11.82
2803,2030-09-04,12.61
2804,2030-09-05,11.31
2805,2030-09-06,17.34
2806,2030-09-07,13.7
2807,2030-09-08,18.17
2808,2030-09-09,15.58
2809,2030-09-10,12.6
2810,2030-09-11,16.44
2811,2030-09-12,11.38
2812,2030-09-13,17.43
2813,2030-09-14,10.84
2814,2030-09-15,13.48
2815,2030-09-16,11.49
2816,2030-09-17,19.09
2817,2030-09-18,9.01
2818,2030-09-19,14.2
2819,2030-09-20,15.98
2820,2030-09-21,14.41
2821,2030-09-22,17.57
2822,2030-09-23,11.26
2823,2030-09-24,9.73
2824,2030-09-25,12.97
2825,2030-09-26,13.48
2826,2030-09-27,15.12
2827,2030-09-28,13.09
2828,2030-09-29,12.02
2829,2030-09-30,15.95
2830,2030-10-01,10.8
2831,2030-10-02,19.06
2832,2030-10-03,11.91
2833,2030-10-04,13.92
2834,2030-10-05,14.97
2835,2030-10-06,13.68
2836,2030-10-07,20.21
2837,2030-10-08,10.4
2838,2030-10-09,13.27
2839,2030-10-10,14.81
2840,2030-10-11,14.93
2841,2030-10-12,15.83
2842,2030-10-13,14.29
2843,2030-10-14,14.32
2844,2030-10-15,12.85
2845,2030-10-16,22.01
2846,2030-10-17,13.65
2847,2030-10-18,14.34
2848,2030-10-19,25.87
2849,2030-10-20,18.64
2850,2030-10-21,12.61
2851,2030-10-22,15.86
2852,2030-10-23,16.0
2853,2030-10-24,15.18
2854,2030-10-25,13.25
2855,2030-10-26,15.91
2856,2030-10-27,11.14
2857,2030-10-28,17.25
2858,2030-10-29,9.37
2859,2030-10-30,15.85
2860,2030-10-31,12.28
2861,2030-11-01,20.05
2862,2030-11-02,10.08
2863,2030-11-03,10.98
2864,2030-11-04,13.14
2865,2030-11-05,13.93
2866,2030-11-06,17.03
2867,2030-11-07,12.33
2868,2030-11-08,10.21
2869,2030-11-09,12.09
2870,2030-11-10,15.64
2871,2030-11-11,18.3
2872,2030-11-12,10.51
2873,2030-11-13,14.4
2874,2030-11-14,15.27
2875,2030-11-15,15.61
2876,2030-11-16,14.09
2877,2030-11-17,19.26
2878,2030-11-18,14.9
2879,2030-11-19,12.93
2880,2030-11-20,14.72
2881,2030-11-21,11.67
2882,2030-11-22,16.73
2883,2030-11-23,10.98
2884,2030-11-24,14.11
2885,2030-11-25,12.65
2886,2030-11-26,22.91
2887,2030-11-27,14.9
2888,2030-11-28,11.69
2889,2030-11-29,15.12
2890,2030-11-30,13.68
2891,2030-12-01,14.63
2892,2030-12-02,20.5
2893,2030-12-03,9.7
2894,2030-12-04,14.39
2895,2030-12-05,13.8
2896,2030-12-06,19.36
2897,2030-12-07,17.6
2898,2030-12-08,10.44
2899,2030-12-09,12.99
2900,2030-12-10,13.56
2901,2030-12-11,17.02
2902,2030-12-12,15.36
2903,2030-12-13,14.91
2904,2030-12-14,14.16
2905,2030-12-15,11.02
2906,2030-12-16,23.14
2907,2030-12-17,13.65
2908,2030-12-18,17.93
2909,2030-12-19,16.08
2910,2030-12-20,13.32
2911,2030-12-21,15.28
2912,2030-12-22,11.87
2913,2030-12-23,14.06
2914,2030-12-24,12.09
2915,2030-12-25,16.34
2916,2030-12-26,10.43
2917,2030-12-27,16.32
2918,2030-12-28,13.5
2919,2030-12-29,15.59
