,Date,Forecasted_Rh
0,2023-01-01,71.29
1,2023-01-02,74.99
2,2023-01-03,84.26
3,2023-01-04,79.14
4,2023-01-05,76.62
5,2023-01-06,83.66
6,2023-01-07,84.82
7,2023-01-08,75.2
8,2023-01-09,76.95
9,2023-01-10,84.69
10,2023-01-11,79.39
11,2023-01-12,77.77
12,2023-01-13,86.87
13,2023-01-14,84.09
14,2023-01-15,76.78
15,2023-01-16,77.57
16,2023-01-17,83.01
17,2023-01-18,78.23
18,2023-01-19,78.68
19,2023-01-20,84.89
20,2023-01-21,82.93
21,2023-01-22,76.73
22,2023-01-23,80.83
23,2023-01-24,81.97
24,2023-01-25,77.46
25,2023-01-26,78.27
26,2023-01-27,84.53
27,2023-01-28,82.15
28,2023-01-29,77.85
29,2023-01-30,80.71
30,2023-01-31,80.17
31,2023-02-01,77.23
32,2023-02-02,78.54
33,2023-02-03,82.85
34,2023-02-04,81.84
35,2023-02-05,78.9
36,2023-02-06,80.71
37,2023-02-07,79.0
38,2023-02-08,76.29
39,2023-02-09,79.44
40,2023-02-10,82.51
41,2023-02-11,84.4
42,2023-02-12,82.63
43,2023-02-13,81.28
44,2023-02-14,81.71
45,2023-02-15,78.68
46,2023-02-16,78.69
47,2023-02-17,82.13
48,2023-02-18,83.1
49,2023-02-19,83.64
50,2023-02-20,80.95
51,2023-02-21,82.98
52,2023-02-22,78.43
53,2023-02-23,79.14
54,2023-02-24,81.26
55,2023-02-25,82.01
56,2023-02-26,84.56
57,2023-02-27,80.31
58,2023-02-28,83.13
59,2023-03-01,77.85
60,2023-03-02,78.62
61,2023-03-03,82.7
62,2023-03-04,83.2
63,2023-03-05,84.86
64,2023-03-06,79.72
65,2023-03-07,82.08
66,2023-03-08,78.43
67,2023-03-09,77.79
68,2023-03-10,82.16
69,2023-03-11,81.69
70,2023-03-12,84.86
71,2023-03-13,79.57
72,2023-03-14,82.63
73,2023-03-15,78.51
74,2023-03-16,77.58
75,2023-03-17,81.86
76,2023-03-18,83.52
77,2023-03-19,84.95
78,2023-03-20,79.36
79,2023-03-21,83.01
80,2023-03-22,78.39
81,2023-03-23,78.16
82,2023-03-24,81.82
83,2023-03-25,81.27
84,2023-03-26,85.31
85,2023-03-27,81.8
86,2023-03-28,83.74
87,2023-03-29,78.67
88,2023-03-30,78.28
89,2023-03-31,81.13
90,2023-04-01,79.67
91,2023-04-02,84.33
92,2023-04-03,80.14
93,2023-04-04,83.51
94,2023-04-05,80.82
95,2023-04-06,78.41
96,2023-04-07,81.73
97,2023-04-08,79.42
98,2023-04-09,84.23
99,2023-04-10,79.41
100,2023-04-11,83.56
101,2023-04-12,82.29
102,2023-04-13,79.17
103,2023-04-14,80.56
104,2023-04-15,82.46
105,2023-04-16,84.59
106,2023-04-17,79.88
107,2023-04-18,82.56
108,2023-04-19,82.82
109,2023-04-20,80.7
110,2023-04-21,80.87
111,2023-04-22,84.87
112,2023-04-23,83.02
113,2023-04-24,81.24
114,2023-04-25,83.15
115,2023-04-26,80.06
116,2023-04-27,81.03
117,2023-04-28,80.55
118,2023-04-29,82.96
119,2023-04-30,83.11
120,2023-05-01,82.45
121,2023-05-02,82.95
122,2023-05-03,80.94
123,2023-05-04,81.27
124,2023-05-05,81.29
125,2023-05-06,82.52
126,2023-05-07,83.68
127,2023-05-08,83.01
128,2023-05-09,83.71
129,2023-05-10,81.01
130,2023-05-11,80.72
131,2023-05-12,81.08
132,2023-05-13,82.58
133,2023-05-14,83.75
134,2023-05-15,84.08
135,2023-05-16,84.6
136,2023-05-17,80.38
137,2023-05-18,80.49
138,2023-05-19,81.22
139,2023-05-20,83.73
140,2023-05-21,85.24
141,2023-05-22,83.06
142,2023-05-23,83.52
143,2023-05-24,80.72
144,2023-05-25,79.75
145,2023-05-26,81.34
146,2023-05-27,83.76
147,2023-05-28,84.25
148,2023-05-29,83.54
149,2023-05-30,83.84
150,2023-05-31,81.37
151,2023-06-01,79.55
152,2023-06-02,80.38
153,2023-06-03,83.53
154,2023-06-04,84.8
155,2023-06-05,84.07
156,2023-06-06,85.27
157,2023-06-07,80.68
158,2023-06-08,80.11
159,2023-06-09,80.21
160,2023-06-10,83.83
161,2023-06-11,85.09
162,2023-06-12,83.4
163,2023-06-13,84.26
164,2023-06-14,81.04
165,2023-06-15,80.04
166,2023-06-16,80.33
167,2023-06-17,83.72
168,2023-06-18,83.87
169,2023-06-19,83.63
170,2023-06-20,84.15
171,2023-06-21,81.4
172,2023-06-22,79.6
173,2023-06-23,80.06
174,2023-06-24,83.54
175,2023-06-25,84.85
176,2023-06-26,84.13
177,2023-06-27,85.27
178,2023-06-28,80.68
179,2023-06-29,80.11
180,2023-06-30,80.21
181,2023-07-01,83.83
182,2023-07-02,85.09
183,2023-07-03,83.4
184,2023-07-04,84.26
185,2023-07-05,81.04
186,2023-07-06,80.04
187,2023-07-07,80.33
188,2023-07-08,83.72
189,2023-07-09,83.87
190,2023-07-10,83.63
191,2023-07-11,84.15
192,2023-07-12,81.4
193,2023-07-13,79.6
194,2023-07-14,80.06
195,2023-07-15,83.54
196,2023-07-16,84.85
197,2023-07-17,84.13
198,2023-07-18,85.27
199,2023-07-19,80.68
200,2023-07-20,80.11
201,2023-07-21,80.21
202,2023-07-22,83.83
203,2023-07-23,85.09
204,2023-07-24,83.4
205,2023-07-25,84.26
206,2023-07-26,81.04
207,2023-07-27,80.04
208,2023-07-28,80.33
209,2023-07-29,83.72
210,2023-07-30,83.87
211,2023-07-31,83.63
212,2023-08-01,84.15
213,2023-08-02,81.4
214,2023-08-03,79.6
215,2023-08-04,80.06
216,2023-08-05,83.54
217,2023-08-06,84.85
218,2023-08-07,84.13
219,2023-08-08,85.27
220,2023-08-09,80.68
221,2023-08-10,80.11
222,2023-08-11,80.21
223,2023-08-12,83.83
224,2023-08-13,85.09
225,2023-08-14,83.4
226,2023-08-15,84.26
227,2023-08-16,81.04
228,2023-08-17,80.04
229,2023-08-18,80.33
230,2023-08-19,83.72
231,2023-08-20,83.87
232,2023-08-21,83.63
233,2023-08-22,84.15
234,2023-08-23,81.4
235,2023-08-24,79.6
236,2023-08-25,80.06
237,2023-08-26,83.54
238,2023-08-27,84.85
239,2023-08-28,84.13
240,2023-08-29,85.27
241,2023-08-30,80.68
242,2023-08-31,80.11
243,2023-09-01,80.21
244,2023-09-02,83.83
245,2023-09-03,85.09
246,2023-09-04,83.4
247,2023-09-05,84.26
248,2023-09-06,81.04
249,2023-09-07,80.04
250,2023-09-08,80.33
251,2023-09-09,83.72
252,2023-09-10,83.87
253,2023-09-11,83.63
254,2023-09-12,84.15
255,2023-09-13,81.4
256,2023-09-14,79.6
257,2023-09-15,80.06
258,2023-09-16,83.54
259,2023-09-17,84.85
260,2023-09-18,84.13
261,2023-09-19,85.27
262,2023-09-20,80.68
263,2023-09-21,80.11
264,2023-09-22,80.21
265,2023-09-23,83.83
266,2023-09-24,85.09
267,2023-09-25,83.4
268,2023-09-26,84.26
269,2023-09-27,81.04
270,2023-09-28,80.04
271,2023-09-29,80.33
272,2023-09-30,83.72
273,2023-10-01,83.87
274,2023-10-02,83.63
275,2023-10-03,84.15
276,2023-10-04,81.4
277,2023-10-05,79.6
278,2023-10-06,80.06
279,2023-10-07,83.54
280,2023-10-08,84.85
281,2023-10-09,84.13
282,2023-10-10,85.27
283,2023-10-11,80.68
284,2023-10-12,80.11
285,2023-10-13,80.21
286,2023-10-14,83.83
287,2023-10-15,85.09
288,2023-10-16,83.4
289,2023-10-17,84.26
290,2023-10-18,81.04
291,2023-10-19,80.04
292,2023-10-20,80.33
293,2023-10-21,83.72
294,2023-10-22,83.87
295,2023-10-23,83.63
296,2023-10-24,84.15
297,2023-10-25,81.4
298,2023-10-26,79.6
299,2023-10-27,80.06
300,2023-10-28,83.54
301,2023-10-29,84.85
302,2023-10-30,84.13
303,2023-10-31,85.27
304,2023-11-01,80.68
305,2023-11-02,80.11
306,2023-11-03,80.21
307,2023-11-04,83.83
308,2023-11-05,85.09
309,2023-11-06,83.4
310,2023-11-07,84.26
311,2023-11-08,81.04
312,2023-11-09,80.04
313,2023-11-10,80.33
314,2023-11-11,83.72
315,2023-11-12,83.87
316,2023-11-13,83.63
317,2023-11-14,84.15
318,2023-11-15,81.4
319,2023-11-16,79.6
320,2023-11-17,80.06
321,2023-11-18,83.54
322,2023-11-19,84.85
323,2023-11-20,84.13
324,2023-11-21,85.27
325,2023-11-22,80.68
326,2023-11-23,80.11
327,2023-11-24,80.21
328,2023-11-25,83.83
329,2023-11-26,85.09
330,2023-11-27,83.4
331,2023-11-28,84.26
332,2023-11-29,81.04
333,2023-11-30,80.04
334,2023-12-01,80.33
335,2023-12-02,83.72
336,2023-12-03,83.87
337,2023-12-04,83.63
338,2023-12-05,84.15
339,2023-12-06,81.4
340,2023-12-07,79.6
341,2023-12-08,80.06
342,2023-12-09,83.54
343,2023-12-10,84.85
344,2023-12-11,84.13
345,2023-12-12,85.27
346,2023-12-13,80.68
347,2023-12-14,80.11
348,2023-12-15,80.21
349,2023-12-16,83.83
350,2023-12-17,85.09
351,2023-12-18,83.4
352,2023-12-19,84.26
353,2023-12-20,81.04
354,2023-12-21,80.04
355,2023-12-22,80.33
356,2023-12-23,83.72
357,2023-12-24,83.87
358,2023-12-25,83.63
359,2023-12-26,84.15
360,2023-12-27,81.4
361,2023-12-28,79.6
362,2023-12-29,80.06
363,2023-12-30,83.54
364,2023-12-31,84.85
365,2024-01-01,84.13
366,2024-01-02,85.27
367,2024-01-03,80.68
368,2024-01-04,80.11
369,2024-01-05,80.21
370,2024-01-06,83.83
371,2024-01-07,85.09
372,2024-01-08,83.4
373,2024-01-09,84.26
374,2024-01-10,81.04
375,2024-01-11,80.04
376,2024-01-12,80.33
377,2024-01-13,83.72
378,2024-01-14,83.87
379,2024-01-15,83.63
380,2024-01-16,84.15
381,2024-01-17,81.4
382,2024-01-18,79.6
383,2024-01-19,80.06
384,2024-01-20,83.54
385,2024-01-21,84.85
386,2024-01-22,84.13
387,2024-01-23,85.27
388,2024-01-24,80.68
389,2024-01-25,80.11
390,2024-01-26,80.21
391,2024-01-27,83.83
392,2024-01-28,85.09
393,2024-01-29,83.4
394,2024-01-30,84.26
395,2024-01-31,81.04
396,2024-02-01,80.04
397,2024-02-02,80.33
398,2024-02-03,83.72
399,2024-02-04,83.87
400,2024-02-05,83.63
401,2024-02-06,84.15
402,2024-02-07,81.4
403,2024-02-08,79.6
404,2024-02-09,80.06
405,2024-02-10,83.54
406,2024-02-11,84.85
407,2024-02-12,84.13
408,2024-02-13,85.27
409,2024-02-14,80.68
410,2024-02-15,80.11
411,2024-02-16,80.21
412,2024-02-17,83.83
413,2024-02-18,85.09
414,2024-02-19,83.4
415,2024-02-20,84.26
416,2024-02-21,81.04
417,2024-02-22,80.04
418,2024-02-23,80.33
419,2024-02-24,83.72
420,2024-02-25,83.87
421,2024-02-26,83.63
422,2024-02-27,84.15
423,2024-02-28,81.4
424,2024-02-29,79.6
425,2024-03-01,80.06
426,2024-03-02,83.54
427,2024-03-03,84.85
428,2024-03-04,84.13
429,2024-03-05,85.27
430,2024-03-06,80.68
431,2024-03-07,80.11
432,2024-03-08,80.21
433,2024-03-09,83.83
434,2024-03-10,85.09
435,2024-03-11,83.4
436,2024-03-12,84.26
437,2024-03-13,81.04
438,2024-03-14,80.04
439,2024-03-15,80.33
440,2024-03-16,83.72
441,2024-03-17,83.87
442,2024-03-18,83.63
443,2024-03-19,84.15
444,2024-03-20,81.4
445,2024-03-21,79.6
446,2024-03-22,80.06
447,2024-03-23,83.54
448,2024-03-24,84.85
449,2024-03-25,84.13
450,2024-03-26,85.27
451,2024-03-27,80.68
452,2024-03-28,80.11
453,2024-03-29,80.21
454,2024-03-30,83.83
455,2024-03-31,85.09
456,2024-04-01,83.4
457,2024-04-02,84.26
458,2024-04-03,81.04
459,2024-04-04,80.04
460,2024-04-05,80.33
461,2024-04-06,83.72
462,2024-04-07,83.87
463,2024-04-08,83.63
464,2024-04-09,84.15
465,2024-04-10,81.4
466,2024-04-11,79.6
467,2024-04-12,80.06
468,2024-04-13,83.54
469,2024-04-14,84.85
470,2024-04-15,84.13
471,2024-04-16,85.27
472,2024-04-17,80.68
473,2024-04-18,80.11
474,2024-04-19,80.21
475,2024-04-20,83.83
476,2024-04-21,85.09
477,2024-04-22,83.4
478,2024-04-23,84.26
479,2024-04-24,81.04
480,2024-04-25,80.04
481,2024-04-26,80.33
482,2024-04-27,83.72
483,2024-04-28,83.87
484,2024-04-29,83.63
485,2024-04-30,84.15
486,2024-05-01,81.4
487,2024-05-02,79.6
488,2024-05-03,80.06
489,2024-05-04,83.54
490,2024-05-05,84.85
491,2024-05-06,84.13
492,2024-05-07,85.27
493,2024-05-08,80.68
494,2024-05-09,80.11
495,2024-05-10,80.21
496,2024-05-11,83.83
497,2024-05-12,85.09
498,2024-05-13,83.4
499,2024-05-14,84.26
500,2024-05-15,81.04
501,2024-05-16,80.04
502,2024-05-17,80.33
503,2024-05-18,83.72
504,2024-05-19,83.87
505,2024-05-20,83.63
506,2024-05-21,84.15
507,2024-05-22,81.4
508,2024-05-23,79.6
509,2024-05-24,80.06
510,2024-05-25,83.54
511,2024-05-26,84.85
512,2024-05-27,84.13
513,2024-05-28,85.27
514,2024-05-29,80.68
515,2024-05-30,80.11
516,2024-05-31,80.21
517,2024-06-01,83.83
518,2024-06-02,85.09
519,2024-06-03,83.4
520,2024-06-04,84.26
521,2024-06-05,81.04
522,2024-06-06,80.04
523,2024-06-07,80.33
524,2024-06-08,83.72
525,2024-06-09,83.87
526,2024-06-10,83.63
527,2024-06-11,84.15
528,2024-06-12,81.4
529,2024-06-13,79.6
530,2024-06-14,80.06
531,2024-06-15,83.54
532,2024-06-16,84.85
533,2024-06-17,84.13
534,2024-06-18,85.27
535,2024-06-19,80.68
536,2024-06-20,80.11
537,2024-06-21,80.21
538,2024-06-22,83.83
539,2024-06-23,85.09
540,2024-06-24,83.4
541,2024-06-25,84.26
542,2024-06-26,81.04
543,2024-06-27,80.04
544,2024-06-28,80.33
545,2024-06-29,83.72
546,2024-06-30,83.87
547,2024-07-01,83.63
548,2024-07-02,84.15
549,2024-07-03,81.4
550,2024-07-04,79.6
551,2024-07-05,80.06
552,2024-07-06,83.54
553,2024-07-07,84.85
554,2024-07-08,84.13
555,2024-07-09,85.27
556,2024-07-10,80.68
557,2024-07-11,80.11
558,2024-07-12,80.21
559,2024-07-13,83.83
560,2024-07-14,85.09
561,2024-07-15,83.4
562,2024-07-16,84.26
563,2024-07-17,81.04
564,2024-07-18,80.04
565,2024-07-19,80.33
566,2024-07-20,83.72
567,2024-07-21,83.87
568,2024-07-22,83.63
569,2024-07-23,84.15
570,2024-07-24,81.4
571,2024-07-25,79.6
572,2024-07-26,80.06
573,2024-07-27,83.54
574,2024-07-28,84.85
575,2024-07-29,84.13
576,2024-07-30,85.27
577,2024-07-31,80.68
578,2024-08-01,80.11
579,2024-08-02,80.21
580,2024-08-03,83.83
581,2024-08-04,85.09
582,2024-08-05,83.4
583,2024-08-06,84.26
584,2024-08-07,81.04
585,2024-08-08,80.04
586,2024-08-09,80.33
587,2024-08-10,83.72
588,2024-08-11,83.87
589,2024-08-12,83.63
590,2024-08-13,84.15
591,2024-08-14,81.4
592,2024-08-15,79.6
593,2024-08-16,80.06
594,2024-08-17,83.54
595,2024-08-18,84.85
596,2024-08-19,84.13
597,2024-08-20,85.27
598,2024-08-21,80.68
599,2024-08-22,80.11
600,2024-08-23,80.21
601,2024-08-24,83.83
602,2024-08-25,85.09
603,2024-08-26,83.4
604,2024-08-27,84.26
605,2024-08-28,81.04
606,2024-08-29,80.04
607,2024-08-30,80.33
608,2024-08-31,83.72
609,2024-09-01,83.87
610,2024-09-02,83.63
611,2024-09-03,84.15
612,2024-09-04,81.4
613,2024-09-05,79.6
614,2024-09-06,80.06
615,2024-09-07,83.54
616,2024-09-08,84.85
617,2024-09-09,84.13
618,2024-09-10,85.27
619,2024-09-11,80.68
620,2024-09-12,80.11
621,2024-09-13,80.21
622,2024-09-14,83.83
623,2024-09-15,85.09
624,2024-09-16,83.4
625,2024-09-17,84.26
626,2024-09-18,81.04
627,2024-09-19,80.04
628,2024-09-20,80.33
629,2024-09-21,83.72
630,2024-09-22,83.87
631,2024-09-23,83.63
632,2024-09-24,84.15
633,2024-09-25,81.4
634,2024-09-26,79.6
635,2024-09-27,80.06
636,2024-09-28,83.54
637,2024-09-29,84.85
638,2024-09-30,84.13
639,2024-10-01,85.27
640,2024-10-02,80.68
641,2024-10-03,80.11
642,2024-10-04,80.21
643,2024-10-05,83.83
644,2024-10-06,85.09
645,2024-10-07,83.4
646,2024-10-08,84.26
647,2024-10-09,81.04
648,2024-10-10,80.04
649,2024-10-11,80.33
650,2024-10-12,83.72
651,2024-10-13,83.87
652,2024-10-14,83.63
653,2024-10-15,84.15
654,2024-10-16,81.4
655,2024-10-17,79.6
656,2024-10-18,80.06
657,2024-10-19,83.54
658,2024-10-20,84.85
659,2024-10-21,84.13
660,2024-10-22,85.27
661,2024-10-23,80.68
662,2024-10-24,80.11
663,2024-10-25,80.21
664,2024-10-26,83.83
665,2024-10-27,85.09
666,2024-10-28,83.4
667,2024-10-29,84.26
668,2024-10-30,81.04
669,2024-10-31,80.04
670,2024-11-01,80.33
671,2024-11-02,83.72
672,2024-11-03,83.87
673,2024-11-04,83.63
674,2024-11-05,84.15
675,2024-11-06,81.4
676,2024-11-07,79.6
677,2024-11-08,80.06
678,2024-11-09,83.54
679,2024-11-10,84.85
680,2024-11-11,84.13
681,2024-11-12,85.27
682,2024-11-13,80.68
683,2024-11-14,80.11
684,2024-11-15,80.21
685,2024-11-16,83.83
686,2024-11-17,85.09
687,2024-11-18,83.4
688,2024-11-19,84.26
689,2024-11-20,81.04
690,2024-11-21,80.04
691,2024-11-22,80.33
692,2024-11-23,83.72
693,2024-11-24,83.87
694,2024-11-25,83.63
695,2024-11-26,84.15
696,2024-11-27,81.4
697,2024-11-28,79.6
698,2024-11-29,80.06
699,2024-11-30,83.54
700,2024-12-01,84.85
701,2024-12-02,84.13
702,2024-12-03,85.27
703,2024-12-04,80.68
704,2024-12-05,80.11
705,2024-12-06,80.21
706,2024-12-07,83.83
707,2024-12-08,85.09
708,2024-12-09,83.4
709,2024-12-10,84.26
710,2024-12-11,81.04
711,2024-12-12,80.04
712,2024-12-13,80.33
713,2024-12-14,83.72
714,2024-12-15,83.87
715,2024-12-16,83.63
716,2024-12-17,84.15
717,2024-12-18,81.4
718,2024-12-19,79.6
719,2024-12-20,80.06
720,2024-12-21,83.54
721,2024-12-22,84.85
722,2024-12-23,84.13
723,2024-12-24,85.27
724,2024-12-25,80.68
725,2024-12-26,80.11
726,2024-12-27,80.21
727,2024-12-28,83.83
728,2024-12-29,85.09
729,2024-12-30,83.4
730,2024-12-31,84.26
731,2025-01-01,81.04
732,2025-01-02,80.04
733,2025-01-03,80.33
734,2025-01-04,83.72
735,2025-01-05,83.87
736,2025-01-06,83.63
737,2025-01-07,84.15
738,2025-01-08,81.4
739,2025-01-09,79.6
740,2025-01-10,80.06
741,2025-01-11,83.54
742,2025-01-12,84.85
743,2025-01-13,84.13
744,2025-01-14,85.27
745,2025-01-15,80.68
746,2025-01-16,80.11
747,2025-01-17,80.21
748,2025-01-18,83.83
749,2025-01-19,85.09
750,2025-01-20,83.4
751,2025-01-21,84.26
752,2025-01-22,81.04
753,2025-01-23,80.04
754,2025-01-24,80.33
755,2025-01-25,83.72
756,2025-01-26,83.87
757,2025-01-27,83.63
758,2025-01-28,84.15
759,2025-01-29,81.4
760,2025-01-30,79.6
761,2025-01-31,80.06
762,2025-02-01,83.54
763,2025-02-02,84.85
764,2025-02-03,84.13
765,2025-02-04,85.27
766,2025-02-05,80.68
767,2025-02-06,80.11
768,2025-02-07,80.21
769,2025-02-08,83.83
770,2025-02-09,85.09
771,2025-02-10,83.4
772,2025-02-11,84.26
773,2025-02-12,81.04
774,2025-02-13,80.04
775,2025-02-14,80.33
776,2025-02-15,83.72
777,2025-02-16,83.87
778,2025-02-17,83.63
779,2025-02-18,84.15
780,2025-02-19,81.4
781,2025-02-20,79.6
782,2025-02-21,80.06
783,2025-02-22,83.54
784,2025-02-23,84.85
785,2025-02-24,84.13
786,2025-02-25,85.27
787,2025-02-26,80.68
788,2025-02-27,80.11
789,2025-02-28,80.21
790,2025-03-01,83.83
791,2025-03-02,85.09
792,2025-03-03,83.4
793,2025-03-04,84.26
794,2025-03-05,81.04
795,2025-03-06,80.04
796,2025-03-07,80.33
797,2025-03-08,83.72
798,2025-03-09,83.87
799,2025-03-10,83.63
800,2025-03-11,84.15
801,2025-03-12,81.4
802,2025-03-13,79.6
803,2025-03-14,80.06
804,2025-03-15,83.54
805,2025-03-16,84.85
806,2025-03-17,84.13
807,2025-03-18,85.27
808,2025-03-19,80.68
809,2025-03-20,80.11
810,2025-03-21,80.21
811,2025-03-22,83.83
812,2025-03-23,85.09
813,2025-03-24,83.4
814,2025-03-25,84.26
815,2025-03-26,81.04
816,2025-03-27,80.04
817,2025-03-28,80.33
818,2025-03-29,83.72
819,2025-03-30,83.87
820,2025-03-31,83.63
821,2025-04-01,84.15
822,2025-04-02,81.4
823,2025-04-03,79.6
824,2025-04-04,80.06
825,2025-04-05,83.54
826,2025-04-06,84.85
827,2025-04-07,84.13
828,2025-04-08,85.27
829,2025-04-09,80.68
830,2025-04-10,80.11
831,2025-04-11,80.21
832,2025-04-12,83.83
833,2025-04-13,85.09
834,2025-04-14,83.4
835,2025-04-15,84.26
836,2025-04-16,81.04
837,2025-04-17,80.04
838,2025-04-18,80.33
839,2025-04-19,83.72
840,2025-04-20,83.87
841,2025-04-21,83.63
842,2025-04-22,84.15
843,2025-04-23,81.4
844,2025-04-24,79.6
845,2025-04-25,80.06
846,2025-04-26,83.54
847,2025-04-27,84.85
848,2025-04-28,84.13
849,2025-04-29,85.27
850,2025-04-30,80.68
851,2025-05-01,80.11
852,2025-05-02,80.21
853,2025-05-03,83.83
854,2025-05-04,85.09
855,2025-05-05,83.4
856,2025-05-06,84.26
857,2025-05-07,81.04
858,2025-05-08,80.04
859,2025-05-09,80.33
860,2025-05-10,83.72
861,2025-05-11,83.87
862,2025-05-12,83.63
863,2025-05-13,84.15
864,2025-05-14,81.4
865,2025-05-15,79.6
866,2025-05-16,80.06
867,2025-05-17,83.54
868,2025-05-18,84.85
869,2025-05-19,84.13
870,2025-05-20,85.27
871,2025-05-21,80.68
872,2025-05-22,80.11
873,2025-05-23,80.21
874,2025-05-24,83.83
875,2025-05-25,85.09
876,2025-05-26,83.4
877,2025-05-27,84.26
878,2025-05-28,81.04
879,2025-05-29,80.04
880,2025-05-30,80.33
881,2025-05-31,83.72
882,2025-06-01,83.87
883,2025-06-02,83.63
884,2025-06-03,84.15
885,2025-06-04,81.4
886,2025-06-05,79.6
887,2025-06-06,80.06
888,2025-06-07,83.54
889,2025-06-08,84.85
890,2025-06-09,84.13
891,2025-06-10,85.27
892,2025-06-11,80.68
893,2025-06-12,80.11
894,2025-06-13,80.21
895,2025-06-14,83.83
896,2025-06-15,85.09
897,2025-06-16,83.4
898,2025-06-17,84.26
899,2025-06-18,81.04
900,2025-06-19,80.04
901,2025-06-20,80.33
902,2025-06-21,83.72
903,2025-06-22,83.87
904,2025-06-23,83.63
905,2025-06-24,84.15
906,2025-06-25,81.4
907,2025-06-26,79.6
908,2025-06-27,80.06
909,2025-06-28,83.54
910,2025-06-29,84.85
911,2025-06-30,84.13
912,2025-07-01,85.27
913,2025-07-02,80.68
914,2025-07-03,80.11
915,2025-07-04,80.21
916,2025-07-05,83.83
917,2025-07-06,85.09
918,2025-07-07,83.4
919,2025-07-08,84.26
920,2025-07-09,81.04
921,2025-07-10,80.04
922,2025-07-11,80.33
923,2025-07-12,83.72
924,2025-07-13,83.87
925,2025-07-14,83.63
926,2025-07-15,84.15
927,2025-07-16,81.4
928,2025-07-17,79.6
929,2025-07-18,80.06
930,2025-07-19,83.54
931,2025-07-20,84.85
932,2025-07-21,84.13
933,2025-07-22,85.27
934,2025-07-23,80.68
935,2025-07-24,80.11
936,2025-07-25,80.21
937,2025-07-26,83.83
938,2025-07-27,85.09
939,2025-07-28,83.4
940,2025-07-29,84.26
941,2025-07-30,81.04
942,2025-07-31,80.04
943,2025-08-01,80.33
944,2025-08-02,83.72
945,2025-08-03,83.87
946,2025-08-04,83.63
947,2025-08-05,84.15
948,2025-08-06,81.4
949,2025-08-07,79.6
950,2025-08-08,80.06
951,2025-08-09,83.54
952,2025-08-10,84.85
953,2025-08-11,84.13
954,2025-08-12,85.27
955,2025-08-13,80.68
956,2025-08-14,80.11
957,2025-08-15,80.21
958,2025-08-16,83.83
959,2025-08-17,85.09
960,2025-08-18,83.4
961,2025-08-19,84.26
962,2025-08-20,81.04
963,2025-08-21,80.04
964,2025-08-22,80.33
965,2025-08-23,83.72
966,2025-08-24,83.87
967,2025-08-25,83.63
968,2025-08-26,84.15
969,2025-08-27,81.4
970,2025-08-28,79.6
971,2025-08-29,80.06
972,2025-08-30,83.54
973,2025-08-31,84.85
974,2025-09-01,84.13
975,2025-09-02,85.27
976,2025-09-03,80.68
977,2025-09-04,80.11
978,2025-09-05,80.21
979,2025-09-06,83.83
980,2025-09-07,85.09
981,2025-09-08,83.4
982,2025-09-09,84.26
983,2025-09-10,81.04
984,2025-09-11,80.04
985,2025-09-12,80.33
986,2025-09-13,83.72
987,2025-09-14,83.87
988,2025-09-15,83.63
989,2025-09-16,84.15
990,2025-09-17,81.4
991,2025-09-18,79.6
992,2025-09-19,80.06
993,2025-09-20,83.54
994,2025-09-21,84.85
995,2025-09-22,84.13
996,2025-09-23,85.27
997,2025-09-24,80.68
998,2025-09-25,80.11
999,2025-09-26,80.21
1000,2025-09-27,83.83
1001,2025-09-28,85.09
1002,2025-09-29,83.4
1003,2025-09-30,84.26
1004,2025-10-01,81.04
1005,2025-10-02,80.04
1006,2025-10-03,80.33
1007,2025-10-04,83.72
1008,2025-10-05,83.87
1009,2025-10-06,83.63
1010,2025-10-07,84.15
1011,2025-10-08,81.4
1012,2025-10-09,79.6
1013,2025-10-10,80.06
1014,2025-10-11,83.54
1015,2025-10-12,84.85
1016,2025-10-13,84.13
1017,2025-10-14,85.27
1018,2025-10-15,80.68
1019,2025-10-16,80.11
1020,2025-10-17,80.21
1021,2025-10-18,83.83
1022,2025-10-19,85.09
1023,2025-10-20,83.4
1024,2025-10-21,84.26
1025,2025-10-22,81.04
1026,2025-10-23,80.04
1027,2025-10-24,80.33
1028,2025-10-25,83.72
1029,2025-10-26,83.87
1030,2025-10-27,83.63
1031,2025-10-28,84.15
1032,2025-10-29,81.4
1033,2025-10-30,79.6
1034,2025-10-31,80.06
1035,2025-11-01,83.54
1036,2025-11-02,84.85
1037,2025-11-03,84.13
1038,2025-11-04,85.27
1039,2025-11-05,80.68
1040,2025-11-06,80.11
1041,2025-11-07,80.21
1042,2025-11-08,83.83
1043,2025-11-09,85.09
1044,2025-11-10,83.4
1045,2025-11-11,84.26
1046,2025-11-12,81.04
1047,2025-11-13,80.04
1048,2025-11-14,80.33
1049,2025-11-15,83.72
1050,2025-11-16,83.87
1051,2025-11-17,83.63
1052,2025-11-18,84.15
1053,2025-11-19,81.4
1054,2025-11-20,79.6
1055,2025-11-21,80.06
1056,2025-11-22,83.54
1057,2025-11-23,84.85
1058,2025-11-24,84.13
1059,2025-11-25,85.27
1060,2025-11-26,80.68
1061,2025-11-27,80.11
1062,2025-11-28,80.21
1063,2025-11-29,83.83
1064,2025-11-30,85.09
1065,2025-12-01,83.4
1066,2025-12-02,84.26
1067,2025-12-03,81.04
1068,2025-12-04,80.04
1069,2025-12-05,80.33
1070,2025-12-06,83.72
1071,2025-12-07,83.87
1072,2025-12-08,83.63
1073,2025-12-09,84.15
1074,2025-12-10,81.4
1075,2025-12-11,79.6
1076,2025-12-12,80.06
1077,2025-12-13,83.54
1078,2025-12-14,84.85
1079,2025-12-15,84.13
1080,2025-12-16,85.27
1081,2025-12-17,80.68
1082,2025-12-18,80.11
1083,2025-12-19,80.21
1084,2025-12-20,83.83
1085,2025-12-21,85.09
1086,2025-12-22,83.4
1087,2025-12-23,84.26
1088,2025-12-24,81.04
1089,2025-12-25,80.04
1090,2025-12-26,80.33
1091,2025-12-27,83.72
1092,2025-12-28,83.87
1093,2025-12-29,83.63
1094,2025-12-30,84.15
1095,2025-12-31,81.4
1096,2026-01-01,79.6
1097,2026-01-02,80.06
1098,2026-01-03,83.54
1099,2026-01-04,84.85
1100,2026-01-05,84.13
1101,2026-01-06,85.27
1102,2026-01-07,80.68
1103,2026-01-08,80.11
1104,2026-01-09,80.21
1105,2026-01-10,83.83
1106,2026-01-11,85.09
1107,2026-01-12,83.4
1108,2026-01-13,84.26
1109,2026-01-14,81.04
1110,2026-01-15,80.04
1111,2026-01-16,80.33
1112,2026-01-17,83.72
1113,2026-01-18,83.87
1114,2026-01-19,83.63
1115,2026-01-20,84.15
1116,2026-01-21,81.4
1117,2026-01-22,79.6
1118,2026-01-23,80.06
1119,2026-01-24,83.54
1120,2026-01-25,84.85
1121,2026-01-26,84.13
1122,2026-01-27,85.27
1123,2026-01-28,80.68
1124,2026-01-29,80.11
1125,2026-01-30,80.21
1126,2026-01-31,83.83
1127,2026-02-01,85.09
1128,2026-02-02,83.4
1129,2026-02-03,84.26
1130,2026-02-04,81.04
1131,2026-02-05,80.04
1132,2026-02-06,80.33
1133,2026-02-07,83.72
1134,2026-02-08,83.87
1135,2026-02-09,83.63
1136,2026-02-10,84.15
1137,2026-02-11,81.4
1138,2026-02-12,79.6
1139,2026-02-13,80.06
1140,2026-02-14,83.54
1141,2026-02-15,84.85
1142,2026-02-16,84.13
1143,2026-02-17,85.27
1144,2026-02-18,80.68
1145,2026-02-19,80.11
1146,2026-02-20,80.21
1147,2026-02-21,83.83
1148,2026-02-22,85.09
1149,2026-02-23,83.4
1150,2026-02-24,84.26
1151,2026-02-25,81.04
1152,2026-02-26,80.04
1153,2026-02-27,80.33
1154,2026-02-28,83.72
1155,2026-03-01,83.87
1156,2026-03-02,83.63
1157,2026-03-03,84.15
1158,2026-03-04,81.4
1159,2026-03-05,79.6
1160,2026-03-06,80.06
1161,2026-03-07,83.54
1162,2026-03-08,84.85
1163,2026-03-09,84.13
1164,2026-03-10,85.27
1165,2026-03-11,80.68
1166,2026-03-12,80.11
1167,2026-03-13,80.21
1168,2026-03-14,83.83
1169,2026-03-15,85.09
1170,2026-03-16,83.4
1171,2026-03-17,84.26
1172,2026-03-18,81.04
1173,2026-03-19,80.04
1174,2026-03-20,80.33
1175,2026-03-21,83.72
1176,2026-03-22,83.87
1177,2026-03-23,83.63
1178,2026-03-24,84.15
1179,2026-03-25,81.4
1180,2026-03-26,79.6
1181,2026-03-27,80.06
1182,2026-03-28,83.54
1183,2026-03-29,84.85
1184,2026-03-30,84.13
1185,2026-03-31,85.27
1186,2026-04-01,80.68
1187,2026-04-02,80.11
1188,2026-04-03,80.21
1189,2026-04-04,83.83
1190,2026-04-05,85.09
1191,2026-04-06,83.4
1192,2026-04-07,84.26
1193,2026-04-08,81.04
1194,2026-04-09,80.04
1195,2026-04-10,80.33
1196,2026-04-11,83.72
1197,2026-04-12,83.87
1198,2026-04-13,83.63
1199,2026-04-14,84.15
1200,2026-04-15,81.4
1201,2026-04-16,79.6
1202,2026-04-17,80.06
1203,2026-04-18,83.54
1204,2026-04-19,84.85
1205,2026-04-20,84.13
1206,2026-04-21,85.27
1207,2026-04-22,80.68
1208,2026-04-23,80.11
1209,2026-04-24,80.21
1210,2026-04-25,83.83
1211,2026-04-26,85.09
1212,2026-04-27,83.4
1213,2026-04-28,84.26
1214,2026-04-29,81.04
1215,2026-04-30,80.04
1216,2026-05-01,80.33
1217,2026-05-02,83.72
1218,2026-05-03,83.87
1219,2026-05-04,83.63
1220,2026-05-05,84.15
1221,2026-05-06,81.4
1222,2026-05-07,79.6
1223,2026-05-08,80.06
1224,2026-05-09,83.54
1225,2026-05-10,84.85
1226,2026-05-11,84.13
1227,2026-05-12,85.27
1228,2026-05-13,80.68
1229,2026-05-14,80.11
1230,2026-05-15,80.21
1231,2026-05-16,83.83
1232,2026-05-17,85.09
1233,2026-05-18,83.4
1234,2026-05-19,84.26
1235,2026-05-20,81.04
1236,2026-05-21,80.04
1237,2026-05-22,80.33
1238,2026-05-23,83.72
1239,2026-05-24,83.87
1240,2026-05-25,83.63
1241,2026-05-26,84.15
1242,2026-05-27,81.4
1243,2026-05-28,79.6
1244,2026-05-29,80.06
1245,2026-05-30,83.54
1246,2026-05-31,84.85
1247,2026-06-01,84.13
1248,2026-06-02,85.27
1249,2026-06-03,80.68
1250,2026-06-04,80.11
1251,2026-06-05,80.21
1252,2026-06-06,83.83
1253,2026-06-07,85.09
1254,2026-06-08,83.4
1255,2026-06-09,84.26
1256,2026-06-10,81.04
1257,2026-06-11,80.04
1258,2026-06-12,80.33
1259,2026-06-13,83.72
1260,2026-06-14,83.87
1261,2026-06-15,83.63
1262,2026-06-16,84.15
1263,2026-06-17,81.4
1264,2026-06-18,79.6
1265,2026-06-19,80.06
1266,2026-06-20,83.54
1267,2026-06-21,84.85
1268,2026-06-22,84.13
1269,2026-06-23,85.27
1270,2026-06-24,80.68
1271,2026-06-25,80.11
1272,2026-06-26,80.21
1273,2026-06-27,83.83
1274,2026-06-28,85.09
1275,2026-06-29,83.4
1276,2026-06-30,84.26
1277,2026-07-01,81.04
1278,2026-07-02,80.04
1279,2026-07-03,80.33
1280,2026-07-04,83.72
1281,2026-07-05,83.87
1282,2026-07-06,83.63
1283,2026-07-07,84.15
1284,2026-07-08,81.4
1285,2026-07-09,79.6
1286,2026-07-10,80.06
1287,2026-07-11,83.54
1288,2026-07-12,84.85
1289,2026-07-13,84.13
1290,2026-07-14,85.27
1291,2026-07-15,80.68
1292,2026-07-16,80.11
1293,2026-07-17,80.21
1294,2026-07-18,83.83
1295,2026-07-19,85.09
1296,2026-07-20,83.4
1297,2026-07-21,84.26
1298,2026-07-22,81.04
1299,2026-07-23,80.04
1300,2026-07-24,80.33
1301,2026-07-25,83.72
1302,2026-07-26,83.87
1303,2026-07-27,83.63
1304,2026-07-28,84.15
1305,2026-07-29,81.4
1306,2026-07-30,79.6
1307,2026-07-31,80.06
1308,2026-08-01,83.54
1309,2026-08-02,84.85
1310,2026-08-03,84.13
1311,2026-08-04,85.27
1312,2026-08-05,80.68
1313,2026-08-06,80.11
1314,2026-08-07,80.21
1315,2026-08-08,83.83
1316,2026-08-09,85.09
1317,2026-08-10,83.4
1318,2026-08-11,84.26
1319,2026-08-12,81.04
1320,2026-08-13,80.04
1321,2026-08-14,80.33
1322,2026-08-15,83.72
1323,2026-08-16,83.87
1324,2026-08-17,83.63
1325,2026-08-18,84.15
1326,2026-08-19,81.4
1327,2026-08-20,79.6
1328,2026-08-21,80.06
1329,2026-08-22,83.54
1330,2026-08-23,84.85
1331,2026-08-24,84.13
1332,2026-08-25,85.27
1333,2026-08-26,80.68
1334,2026-08-27,80.11
1335,2026-08-28,80.21
1336,2026-08-29,83.83
1337,2026-08-30,85.09
1338,2026-08-31,83.4
1339,2026-09-01,84.26
1340,2026-09-02,81.04
1341,2026-09-03,80.04
1342,2026-09-04,80.33
1343,2026-09-05,83.72
1344,2026-09-06,83.87
1345,2026-09-07,83.63
1346,2026-09-08,84.15
1347,2026-09-09,81.4
1348,2026-09-10,79.6
1349,2026-09-11,80.06
1350,2026-09-12,83.54
1351,2026-09-13,84.85
1352,2026-09-14,84.13
1353,2026-09-15,85.27
1354,2026-09-16,80.68
1355,2026-09-17,80.11
1356,2026-09-18,80.21
1357,2026-09-19,83.83
1358,2026-09-20,85.09
1359,2026-09-21,83.4
1360,2026-09-22,84.26
1361,2026-09-23,81.04
1362,2026-09-24,80.04
1363,2026-09-25,80.33
1364,2026-09-26,83.72
1365,2026-09-27,83.87
1366,2026-09-28,83.63
1367,2026-09-29,84.15
1368,2026-09-30,81.4
1369,2026-10-01,79.6
1370,2026-10-02,80.06
1371,2026-10-03,83.54
1372,2026-10-04,84.85
1373,2026-10-05,84.13
1374,2026-10-06,85.27
1375,2026-10-07,80.68
1376,2026-10-08,80.11
1377,2026-10-09,80.21
1378,2026-10-10,83.83
1379,2026-10-11,85.09
1380,2026-10-12,83.4
1381,2026-10-13,84.26
1382,2026-10-14,81.04
1383,2026-10-15,80.04
1384,2026-10-16,80.33
1385,2026-10-17,83.72
1386,2026-10-18,83.87
1387,2026-10-19,83.63
1388,2026-10-20,84.15
1389,2026-10-21,81.4
1390,2026-10-22,79.6
1391,2026-10-23,80.06
1392,2026-10-24,83.54
1393,2026-10-25,84.85
1394,2026-10-26,84.13
1395,2026-10-27,85.27
1396,2026-10-28,80.68
1397,2026-10-29,80.11
1398,2026-10-30,80.21
1399,2026-10-31,83.83
1400,2026-11-01,85.09
1401,2026-11-02,83.4
1402,2026-11-03,84.26
1403,2026-11-04,81.04
1404,2026-11-05,80.04
1405,2026-11-06,80.33
1406,2026-11-07,83.72
1407,2026-11-08,83.87
1408,2026-11-09,83.63
1409,2026-11-10,84.15
1410,2026-11-11,81.4
1411,2026-11-12,79.6
1412,2026-11-13,80.06
1413,2026-11-14,83.54
1414,2026-11-15,84.85
1415,2026-11-16,84.13
1416,2026-11-17,85.27
1417,2026-11-18,80.68
1418,2026-11-19,80.11
1419,2026-11-20,80.21
1420,2026-11-21,83.83
1421,2026-11-22,85.09
1422,2026-11-23,83.4
1423,2026-11-24,84.26
1424,2026-11-25,81.04
1425,2026-11-26,80.04
1426,2026-11-27,80.33
1427,2026-11-28,83.72
1428,2026-11-29,83.87
1429,2026-11-30,83.63
1430,2026-12-01,84.15
1431,2026-12-02,81.4
1432,2026-12-03,79.6
1433,2026-12-04,80.06
1434,2026-12-05,83.54
1435,2026-12-06,84.85
1436,2026-12-07,84.13
1437,2026-12-08,85.27
1438,2026-12-09,80.68
1439,2026-12-10,80.11
1440,2026-12-11,80.21
1441,2026-12-12,83.83
1442,2026-12-13,85.09
1443,2026-12-14,83.4
1444,2026-12-15,84.26
1445,2026-12-16,81.04
1446,2026-12-17,80.04
1447,2026-12-18,80.33
1448,2026-12-19,83.72
1449,2026-12-20,83.87
1450,2026-12-21,83.63
1451,2026-12-22,84.15
1452,2026-12-23,81.4
1453,2026-12-24,79.6
1454,2026-12-25,80.06
1455,2026-12-26,83.54
1456,2026-12-27,84.85
1457,2026-12-28,84.13
1458,2026-12-29,85.27
1459,2026-12-30,80.68
1460,2026-12-31,80.11
1461,2027-01-01,80.21
1462,2027-01-02,83.83
1463,2027-01-03,85.09
1464,2027-01-04,83.4
1465,2027-01-05,84.26
1466,2027-01-06,81.04
1467,2027-01-07,80.04
1468,2027-01-08,80.33
1469,2027-01-09,83.72
1470,2027-01-10,83.87
1471,2027-01-11,83.63
1472,2027-01-12,84.15
1473,2027-01-13,81.4
1474,2027-01-14,79.6
1475,2027-01-15,80.06
1476,2027-01-16,83.54
1477,2027-01-17,84.85
1478,2027-01-18,84.13
1479,2027-01-19,85.27
1480,2027-01-20,80.68
1481,2027-01-21,80.11
1482,2027-01-22,80.21
1483,2027-01-23,83.83
1484,2027-01-24,85.09
1485,2027-01-25,83.4
1486,2027-01-26,84.26
1487,2027-01-27,81.04
1488,2027-01-28,80.04
1489,2027-01-29,80.33
1490,2027-01-30,83.72
1491,2027-01-31,83.87
1492,2027-02-01,83.63
1493,2027-02-02,84.15
1494,2027-02-03,81.4
1495,2027-02-04,79.6
1496,2027-02-05,80.06
1497,2027-02-06,83.54
1498,2027-02-07,84.85
1499,2027-02-08,84.13
1500,2027-02-09,85.27
1501,2027-02-10,80.68
1502,2027-02-11,80.11
1503,2027-02-12,80.21
1504,2027-02-13,83.83
1505,2027-02-14,85.09
1506,2027-02-15,83.4
1507,2027-02-16,84.26
1508,2027-02-17,81.04
1509,2027-02-18,80.04
1510,2027-02-19,80.33
1511,2027-02-20,83.72
1512,2027-02-21,83.87
1513,2027-02-22,83.63
1514,2027-02-23,84.15
1515,2027-02-24,81.4
1516,2027-02-25,79.6
1517,2027-02-26,80.06
1518,2027-02-27,83.54
1519,2027-02-28,84.85
1520,2027-03-01,84.13
1521,2027-03-02,85.27
1522,2027-03-03,80.68
1523,2027-03-04,80.11
1524,2027-03-05,80.21
1525,2027-03-06,83.83
1526,2027-03-07,85.09
1527,2027-03-08,83.4
1528,2027-03-09,84.26
1529,2027-03-10,81.04
1530,2027-03-11,80.04
1531,2027-03-12,80.33
1532,2027-03-13,83.72
1533,2027-03-14,83.87
1534,2027-03-15,83.63
1535,2027-03-16,84.15
1536,2027-03-17,81.4
1537,2027-03-18,79.6
1538,2027-03-19,80.06
1539,2027-03-20,83.54
1540,2027-03-21,84.85
1541,2027-03-22,84.13
1542,2027-03-23,85.27
1543,2027-03-24,80.68
1544,2027-03-25,80.11
1545,2027-03-26,80.21
1546,2027-03-27,83.83
1547,2027-03-28,85.09
1548,2027-03-29,83.4
1549,2027-03-30,84.26
1550,2027-03-31,81.04
1551,2027-04-01,80.04
1552,2027-04-02,80.33
1553,2027-04-03,83.72
1554,2027-04-04,83.87
1555,2027-04-05,83.63
1556,2027-04-06,84.15
1557,2027-04-07,81.4
1558,2027-04-08,79.6
1559,2027-04-09,80.06
1560,2027-04-10,83.54
1561,2027-04-11,84.85
1562,2027-04-12,84.13
1563,2027-04-13,85.27
1564,2027-04-14,80.68
1565,2027-04-15,80.11
1566,2027-04-16,80.21
1567,2027-04-17,83.83
1568,2027-04-18,85.09
1569,2027-04-19,83.4
1570,2027-04-20,84.26
1571,2027-04-21,81.04
1572,2027-04-22,80.04
1573,2027-04-23,80.33
1574,2027-04-24,83.72
1575,2027-04-25,83.87
1576,2027-04-26,83.63
1577,2027-04-27,84.15
1578,2027-04-28,81.4
1579,2027-04-29,79.6
1580,2027-04-30,80.06
1581,2027-05-01,83.54
1582,2027-05-02,84.85
1583,2027-05-03,84.13
1584,2027-05-04,85.27
1585,2027-05-05,80.68
1586,2027-05-06,80.11
1587,2027-05-07,80.21
1588,2027-05-08,83.83
1589,2027-05-09,85.09
1590,2027-05-10,83.4
1591,2027-05-11,84.26
1592,2027-05-12,81.04
1593,2027-05-13,80.04
1594,2027-05-14,80.33
1595,2027-05-15,83.72
1596,2027-05-16,83.87
1597,2027-05-17,83.63
1598,2027-05-18,84.15
1599,2027-05-19,81.4
1600,2027-05-20,79.6
1601,2027-05-21,80.06
1602,2027-05-22,83.54
1603,2027-05-23,84.85
1604,2027-05-24,84.13
1605,2027-05-25,85.27
1606,2027-05-26,80.68
1607,2027-05-27,80.11
1608,2027-05-28,80.21
1609,2027-05-29,83.83
1610,2027-05-30,85.09
1611,2027-05-31,83.4
1612,2027-06-01,84.26
1613,2027-06-02,81.04
1614,2027-06-03,80.04
1615,2027-06-04,80.33
1616,2027-06-05,83.72
1617,2027-06-06,83.87
1618,2027-06-07,83.63
1619,2027-06-08,84.15
1620,2027-06-09,81.4
1621,2027-06-10,79.6
1622,2027-06-11,80.06
1623,2027-06-12,83.54
1624,2027-06-13,84.85
1625,2027-06-14,84.13
1626,2027-06-15,85.27
1627,2027-06-16,80.68
1628,2027-06-17,80.11
1629,2027-06-18,80.21
1630,2027-06-19,83.83
1631,2027-06-20,85.09
1632,2027-06-21,83.4
1633,2027-06-22,84.26
1634,2027-06-23,81.04
1635,2027-06-24,80.04
1636,2027-06-25,80.33
1637,2027-06-26,83.72
1638,2027-06-27,83.87
1639,2027-06-28,83.63
1640,2027-06-29,84.15
1641,2027-06-30,81.4
1642,2027-07-01,79.6
1643,2027-07-02,80.06
1644,2027-07-03,83.54
1645,2027-07-04,84.85
1646,2027-07-05,84.13
1647,2027-07-06,85.27
1648,2027-07-07,80.68
1649,2027-07-08,80.11
1650,2027-07-09,80.21
1651,2027-07-10,83.83
1652,2027-07-11,85.09
1653,2027-07-12,83.4
1654,2027-07-13,84.26
1655,2027-07-14,81.04
1656,2027-07-15,80.04
1657,2027-07-16,80.33
1658,2027-07-17,83.72
1659,2027-07-18,83.87
1660,2027-07-19,83.63
1661,2027-07-20,84.15
1662,2027-07-21,81.4
1663,2027-07-22,79.6
1664,2027-07-23,80.06
1665,2027-07-24,83.54
1666,2027-07-25,84.85
1667,2027-07-26,84.13
1668,2027-07-27,85.27
1669,2027-07-28,80.68
1670,2027-07-29,80.11
1671,2027-07-30,80.21
1672,2027-07-31,83.83
1673,2027-08-01,85.09
1674,2027-08-02,83.4
1675,2027-08-03,84.26
1676,2027-08-04,81.04
1677,2027-08-05,80.04
1678,2027-08-06,80.33
1679,2027-08-07,83.72
1680,2027-08-08,83.87
1681,2027-08-09,83.63
1682,2027-08-10,84.15
1683,2027-08-11,81.4
1684,2027-08-12,79.6
1685,2027-08-13,80.06
1686,2027-08-14,83.54
1687,2027-08-15,84.85
1688,2027-08-16,84.13
1689,2027-08-17,85.27
1690,2027-08-18,80.68
1691,2027-08-19,80.11
1692,2027-08-20,80.21
1693,2027-08-21,83.83
1694,2027-08-22,85.09
1695,2027-08-23,83.4
1696,2027-08-24,84.26
1697,2027-08-25,81.04
1698,2027-08-26,80.04
1699,2027-08-27,80.33
1700,2027-08-28,83.72
1701,2027-08-29,83.87
1702,2027-08-30,83.63
1703,2027-08-31,84.15
1704,2027-09-01,81.4
1705,2027-09-02,79.6
1706,2027-09-03,80.06
1707,2027-09-04,83.54
1708,2027-09-05,84.85
1709,2027-09-06,84.13
1710,2027-09-07,85.27
1711,2027-09-08,80.68
1712,2027-09-09,80.11
1713,2027-09-10,80.21
1714,2027-09-11,83.83
1715,2027-09-12,85.09
1716,2027-09-13,83.4
1717,2027-09-14,84.26
1718,2027-09-15,81.04
1719,2027-09-16,80.04
1720,2027-09-17,80.33
1721,2027-09-18,83.72
1722,2027-09-19,83.87
1723,2027-09-20,83.63
1724,2027-09-21,84.15
1725,2027-09-22,81.4
1726,2027-09-23,79.6
1727,2027-09-24,80.06
1728,2027-09-25,83.54
1729,2027-09-26,84.85
1730,2027-09-27,84.13
1731,2027-09-28,85.27
1732,2027-09-29,80.68
1733,2027-09-30,80.11
1734,2027-10-01,80.21
1735,2027-10-02,83.83
1736,2027-10-03,85.09
1737,2027-10-04,83.4
1738,2027-10-05,84.26
1739,2027-10-06,81.04
1740,2027-10-07,80.04
1741,2027-10-08,80.33
1742,2027-10-09,83.72
1743,2027-10-10,83.87
1744,2027-10-11,83.63
1745,2027-10-12,84.15
1746,2027-10-13,81.4
1747,2027-10-14,79.6
1748,2027-10-15,80.06
1749,2027-10-16,83.54
1750,2027-10-17,84.85
1751,2027-10-18,84.13
1752,2027-10-19,85.27
1753,2027-10-20,80.68
1754,2027-10-21,80.11
1755,2027-10-22,80.21
1756,2027-10-23,83.83
1757,2027-10-24,85.09
1758,2027-10-25,83.4
1759,2027-10-26,84.26
1760,2027-10-27,81.04
1761,2027-10-28,80.04
1762,2027-10-29,80.33
1763,2027-10-30,83.72
1764,2027-10-31,83.87
1765,2027-11-01,83.63
1766,2027-11-02,84.15
1767,2027-11-03,81.4
1768,2027-11-04,79.6
1769,2027-11-05,80.06
1770,2027-11-06,83.54
1771,2027-11-07,84.85
1772,2027-11-08,84.13
1773,2027-11-09,85.27
1774,2027-11-10,80.68
1775,2027-11-11,80.11
1776,2027-11-12,80.21
1777,2027-11-13,83.83
1778,2027-11-14,85.09
1779,2027-11-15,83.4
1780,2027-11-16,84.26
1781,2027-11-17,81.04
1782,2027-11-18,80.04
1783,2027-11-19,80.33
1784,2027-11-20,83.72
1785,2027-11-21,83.87
1786,2027-11-22,83.63
1787,2027-11-23,84.15
1788,2027-11-24,81.4
1789,2027-11-25,79.6
1790,2027-11-26,80.06
1791,2027-11-27,83.54
1792,2027-11-28,84.85
1793,2027-11-29,84.13
1794,2027-11-30,85.27
1795,2027-12-01,80.68
1796,2027-12-02,80.11
1797,2027-12-03,80.21
1798,2027-12-04,83.83
1799,2027-12-05,85.09
1800,2027-12-06,83.4
1801,2027-12-07,84.26
1802,2027-12-08,81.04
1803,2027-12-09,80.04
1804,2027-12-10,80.33
1805,2027-12-11,83.72
1806,2027-12-12,83.87
1807,2027-12-13,83.63
1808,2027-12-14,84.15
1809,2027-12-15,81.4
1810,2027-12-16,79.6
1811,2027-12-17,80.06
1812,2027-12-18,83.54
1813,2027-12-19,84.85
1814,2027-12-20,84.13
1815,2027-12-21,85.27
1816,2027-12-22,80.68
1817,2027-12-23,80.11
1818,2027-12-24,80.21
1819,2027-12-25,83.83
1820,2027-12-26,85.09
1821,2027-12-27,83.4
1822,2027-12-28,84.26
1823,2027-12-29,81.04
1824,2027-12-30,80.04
1825,2027-12-31,80.33
1826,2028-01-01,83.72
1827,2028-01-02,83.87
1828,2028-01-03,83.63
1829,2028-01-04,84.15
1830,2028-01-05,81.4
1831,2028-01-06,79.6
1832,2028-01-07,80.06
1833,2028-01-08,83.54
1834,2028-01-09,84.85
1835,2028-01-10,84.13
1836,2028-01-11,85.27
1837,2028-01-12,80.68
1838,2028-01-13,80.11
1839,2028-01-14,80.21
1840,2028-01-15,83.83
1841,2028-01-16,85.09
1842,2028-01-17,83.4
1843,2028-01-18,84.26
1844,2028-01-19,81.04
1845,2028-01-20,80.04
1846,2028-01-21,80.33
1847,2028-01-22,83.72
1848,2028-01-23,83.87
1849,2028-01-24,83.63
1850,2028-01-25,84.15
1851,2028-01-26,81.4
1852,2028-01-27,79.6
1853,2028-01-28,80.06
1854,2028-01-29,83.54
1855,2028-01-30,84.85
1856,2028-01-31,84.13
1857,2028-02-01,85.27
1858,2028-02-02,80.68
1859,2028-02-03,80.11
1860,2028-02-04,80.21
1861,2028-02-05,83.83
1862,2028-02-06,85.09
1863,2028-02-07,83.4
1864,2028-02-08,84.26
1865,2028-02-09,81.04
1866,2028-02-10,80.04
1867,2028-02-11,80.33
1868,2028-02-12,83.72
1869,2028-02-13,83.87
1870,2028-02-14,83.63
1871,2028-02-15,84.15
1872,2028-02-16,81.4
1873,2028-02-17,79.6
1874,2028-02-18,80.06
1875,2028-02-19,83.54
1876,2028-02-20,84.85
1877,2028-02-21,84.13
1878,2028-02-22,85.27
1879,2028-02-23,80.68
1880,2028-02-24,80.11
1881,2028-02-25,80.21
1882,2028-02-26,83.83
1883,2028-02-27,85.09
1884,2028-02-28,83.4
1885,2028-02-29,84.26
1886,2028-03-01,81.04
1887,2028-03-02,80.04
1888,2028-03-03,80.33
1889,2028-03-04,83.72
1890,2028-03-05,83.87
1891,2028-03-06,83.63
1892,2028-03-07,84.15
1893,2028-03-08,81.4
1894,2028-03-09,79.6
1895,2028-03-10,80.06
1896,2028-03-11,83.54
1897,2028-03-12,84.85
1898,2028-03-13,84.13
1899,2028-03-14,85.27
1900,2028-03-15,80.68
1901,2028-03-16,80.11
1902,2028-03-17,80.21
1903,2028-03-18,83.83
1904,2028-03-19,85.09
1905,2028-03-20,83.4
1906,2028-03-21,84.26
1907,2028-03-22,81.04
1908,2028-03-23,80.04
1909,2028-03-24,80.33
1910,2028-03-25,83.72
1911,2028-03-26,83.87
1912,2028-03-27,83.63
1913,2028-03-28,84.15
1914,2028-03-29,81.4
1915,2028-03-30,79.6
1916,2028-03-31,80.06
1917,2028-04-01,83.54
1918,2028-04-02,84.85
1919,2028-04-03,84.13
1920,2028-04-04,85.27
1921,2028-04-05,80.68
1922,2028-04-06,80.11
1923,2028-04-07,80.21
1924,2028-04-08,83.83
1925,2028-04-09,85.09
1926,2028-04-10,83.4
1927,2028-04-11,84.26
1928,2028-04-12,81.04
1929,2028-04-13,80.04
1930,2028-04-14,80.33
1931,2028-04-15,83.72
1932,2028-04-16,83.87
1933,2028-04-17,83.63
1934,2028-04-18,84.15
1935,2028-04-19,81.4
1936,2028-04-20,79.6
1937,2028-04-21,80.06
1938,2028-04-22,83.54
1939,2028-04-23,84.85
1940,2028-04-24,84.13
1941,2028-04-25,85.27
1942,2028-04-26,80.68
1943,2028-04-27,80.11
1944,2028-04-28,80.21
1945,2028-04-29,83.83
1946,2028-04-30,85.09
1947,2028-05-01,83.4
1948,2028-05-02,84.26
1949,2028-05-03,81.04
1950,2028-05-04,80.04
1951,2028-05-05,80.33
1952,2028-05-06,83.72
1953,2028-05-07,83.87
1954,2028-05-08,83.63
1955,2028-05-09,84.15
1956,2028-05-10,81.4
1957,2028-05-11,79.6
1958,2028-05-12,80.06
1959,2028-05-13,83.54
1960,2028-05-14,84.85
1961,2028-05-15,84.13
1962,2028-05-16,85.27
1963,2028-05-17,80.68
1964,2028-05-18,80.11
1965,2028-05-19,80.21
1966,2028-05-20,83.83
1967,2028-05-21,85.09
1968,2028-05-22,83.4
1969,2028-05-23,84.26
1970,2028-05-24,81.04
1971,2028-05-25,80.04
1972,2028-05-26,80.33
1973,2028-05-27,83.72
1974,2028-05-28,83.87
1975,2028-05-29,83.63
1976,2028-05-30,84.15
1977,2028-05-31,81.4
1978,2028-06-01,79.6
1979,2028-06-02,80.06
1980,2028-06-03,83.54
1981,2028-06-04,84.85
1982,2028-06-05,84.13
1983,2028-06-06,85.27
1984,2028-06-07,80.68
1985,2028-06-08,80.11
1986,2028-06-09,80.21
1987,2028-06-10,83.83
1988,2028-06-11,85.09
1989,2028-06-12,83.4
1990,2028-06-13,84.26
1991,2028-06-14,81.04
1992,2028-06-15,80.04
1993,2028-06-16,80.33
1994,2028-06-17,83.72
1995,2028-06-18,83.87
1996,2028-06-19,83.63
1997,2028-06-20,84.15
1998,2028-06-21,81.4
1999,2028-06-22,79.6
2000,2028-06-23,80.06
2001,2028-06-24,83.54
2002,2028-06-25,84.85
2003,2028-06-26,84.13
2004,2028-06-27,85.27
2005,2028-06-28,80.68
2006,2028-06-29,80.11
2007,2028-06-30,80.21
2008,2028-07-01,83.83
2009,2028-07-02,85.09
2010,2028-07-03,83.4
2011,2028-07-04,84.26
2012,2028-07-05,81.04
2013,2028-07-06,80.04
2014,2028-07-07,80.33
2015,2028-07-08,83.72
2016,2028-07-09,83.87
2017,2028-07-10,83.63
2018,2028-07-11,84.15
2019,2028-07-12,81.4
2020,2028-07-13,79.6
2021,2028-07-14,80.06
2022,2028-07-15,83.54
2023,2028-07-16,84.85
2024,2028-07-17,84.13
2025,2028-07-18,85.27
2026,2028-07-19,80.68
2027,2028-07-20,80.11
2028,2028-07-21,80.21
2029,2028-07-22,83.83
2030,2028-07-23,85.09
2031,2028-07-24,83.4
2032,2028-07-25,84.26
2033,2028-07-26,81.04
2034,2028-07-27,80.04
2035,2028-07-28,80.33
2036,2028-07-29,83.72
2037,2028-07-30,83.87
2038,2028-07-31,83.63
2039,2028-08-01,84.15
2040,2028-08-02,81.4
2041,2028-08-03,79.6
2042,2028-08-04,80.06
2043,2028-08-05,83.54
2044,2028-08-06,84.85
2045,2028-08-07,84.13
2046,2028-08-08,85.27
2047,2028-08-09,80.68
2048,2028-08-10,80.11
2049,2028-08-11,80.21
2050,2028-08-12,83.83
2051,2028-08-13,85.09
2052,2028-08-14,83.4
2053,2028-08-15,84.26
2054,2028-08-16,81.04
2055,2028-08-17,80.04
2056,2028-08-18,80.33
2057,2028-08-19,83.72
2058,2028-08-20,83.87
2059,2028-08-21,83.63
2060,2028-08-22,84.15
2061,2028-08-23,81.4
2062,2028-08-24,79.6
2063,2028-08-25,80.06
2064,2028-08-26,83.54
2065,2028-08-27,84.85
2066,2028-08-28,84.13
2067,2028-08-29,85.27
2068,2028-08-30,80.68
2069,2028-08-31,80.11
2070,2028-09-01,80.21
2071,2028-09-02,83.83
2072,2028-09-03,85.09
2073,2028-09-04,83.4
2074,2028-09-05,84.26
2075,2028-09-06,81.04
2076,2028-09-07,80.04
2077,2028-09-08,80.33
2078,2028-09-09,83.72
2079,2028-09-10,83.87
2080,2028-09-11,83.63
2081,2028-09-12,84.15
2082,2028-09-13,81.4
2083,2028-09-14,79.6
2084,2028-09-15,80.06
2085,2028-09-16,83.54
2086,2028-09-17,84.85
2087,2028-09-18,84.13
2088,2028-09-19,85.27
2089,2028-09-20,80.68
2090,2028-09-21,80.11
2091,2028-09-22,80.21
2092,2028-09-23,83.83
2093,2028-09-24,85.09
2094,2028-09-25,83.4
2095,2028-09-26,84.26
2096,2028-09-27,81.04
2097,2028-09-28,80.04
2098,2028-09-29,80.33
2099,2028-09-30,83.72
2100,2028-10-01,83.87
2101,2028-10-02,83.63
2102,2028-10-03,84.15
2103,2028-10-04,81.4
2104,2028-10-05,79.6
2105,2028-10-06,80.06
2106,2028-10-07,83.54
2107,2028-10-08,84.85
2108,2028-10-09,84.13
2109,2028-10-10,85.27
2110,2028-10-11,80.68
2111,2028-10-12,80.11
2112,2028-10-13,80.21
2113,2028-10-14,83.83
2114,2028-10-15,85.09
2115,2028-10-16,83.4
2116,2028-10-17,84.26
2117,2028-10-18,81.04
2118,2028-10-19,80.04
2119,2028-10-20,80.33
2120,2028-10-21,83.72
2121,2028-10-22,83.87
2122,2028-10-23,83.63
2123,2028-10-24,84.15
2124,2028-10-25,81.4
2125,2028-10-26,79.6
2126,2028-10-27,80.06
2127,2028-10-28,83.54
2128,2028-10-29,84.85
2129,2028-10-30,84.13
2130,2028-10-31,85.27
2131,2028-11-01,80.68
2132,2028-11-02,80.11
2133,2028-11-03,80.21
2134,2028-11-04,83.83
2135,2028-11-05,85.09
2136,2028-11-06,83.4
2137,2028-11-07,84.26
2138,2028-11-08,81.04
2139,2028-11-09,80.04
2140,2028-11-10,80.33
2141,2028-11-11,83.72
2142,2028-11-12,83.87
2143,2028-11-13,83.63
2144,2028-11-14,84.15
2145,2028-11-15,81.4
2146,2028-11-16,79.6
2147,2028-11-17,80.06
2148,2028-11-18,83.54
2149,2028-11-19,84.85
2150,2028-11-20,84.13
2151,2028-11-21,85.27
2152,2028-11-22,80.68
2153,2028-11-23,80.11
2154,2028-11-24,80.21
2155,2028-11-25,83.83
2156,2028-11-26,85.09
2157,2028-11-27,83.4
2158,2028-11-28,84.26
2159,2028-11-29,81.04
2160,2028-11-30,80.04
2161,2028-12-01,80.33
2162,2028-12-02,83.72
2163,2028-12-03,83.87
2164,2028-12-04,83.63
2165,2028-12-05,84.15
2166,2028-12-06,81.4
2167,2028-12-07,79.6
2168,2028-12-08,80.06
2169,2028-12-09,83.54
2170,2028-12-10,84.85
2171,2028-12-11,84.13
2172,2028-12-12,85.27
2173,2028-12-13,80.68
2174,2028-12-14,80.11
2175,2028-12-15,80.21
2176,2028-12-16,83.83
2177,2028-12-17,85.09
2178,2028-12-18,83.4
2179,2028-12-19,84.26
2180,2028-12-20,81.04
2181,2028-12-21,80.04
2182,2028-12-22,80.33
2183,2028-12-23,83.72
2184,2028-12-24,83.87
2185,2028-12-25,83.63
2186,2028-12-26,84.15
2187,2028-12-27,81.4
2188,2028-12-28,79.6
2189,2028-12-29,80.06
2190,2028-12-30,83.54
2191,2028-12-31,84.85
2192,2029-01-01,84.13
2193,2029-01-02,85.27
2194,2029-01-03,80.68
2195,2029-01-04,80.11
2196,2029-01-05,80.21
2197,2029-01-06,83.83
2198,2029-01-07,85.09
2199,2029-01-08,83.4
2200,2029-01-09,84.26
2201,2029-01-10,81.04
2202,2029-01-11,80.04
2203,2029-01-12,80.33
2204,2029-01-13,83.72
2205,2029-01-14,83.87
2206,2029-01-15,83.63
2207,2029-01-16,84.15
2208,2029-01-17,81.4
2209,2029-01-18,79.6
2210,2029-01-19,80.06
2211,2029-01-20,83.54
2212,2029-01-21,84.85
2213,2029-01-22,84.13
2214,2029-01-23,85.27
2215,2029-01-24,80.68
2216,2029-01-25,80.11
2217,2029-01-26,80.21
2218,2029-01-27,83.83
2219,2029-01-28,85.09
2220,2029-01-29,83.4
2221,2029-01-30,84.26
2222,2029-01-31,81.04
2223,2029-02-01,80.04
2224,2029-02-02,80.33
2225,2029-02-03,83.72
2226,2029-02-04,83.87
2227,2029-02-05,83.63
2228,2029-02-06,84.15
2229,2029-02-07,81.4
2230,2029-02-08,79.6
2231,2029-02-09,80.06
2232,2029-02-10,83.54
2233,2029-02-11,84.85
2234,2029-02-12,84.13
2235,2029-02-13,85.27
2236,2029-02-14,80.68
2237,2029-02-15,80.11
2238,2029-02-16,80.21
2239,2029-02-17,83.83
2240,2029-02-18,85.09
2241,2029-02-19,83.4
2242,2029-02-20,84.26
2243,2029-02-21,81.04
2244,2029-02-22,80.04
2245,2029-02-23,80.33
2246,2029-02-24,83.72
2247,2029-02-25,83.87
2248,2029-02-26,83.63
2249,2029-02-27,84.15
2250,2029-02-28,81.4
2251,2029-03-01,79.6
2252,2029-03-02,80.06
2253,2029-03-03,83.54
2254,2029-03-04,84.85
2255,2029-03-05,84.13
2256,2029-03-06,85.27
2257,2029-03-07,80.68
2258,2029-03-08,80.11
2259,2029-03-09,80.21
2260,2029-03-10,83.83
2261,2029-03-11,85.09
2262,2029-03-12,83.4
2263,2029-03-13,84.26
2264,2029-03-14,81.04
2265,2029-03-15,80.04
2266,2029-03-16,80.33
2267,2029-03-17,83.72
2268,2029-03-18,83.87
2269,2029-03-19,83.63
2270,2029-03-20,84.15
2271,2029-03-21,81.4
2272,2029-03-22,79.6
2273,2029-03-23,80.06
2274,2029-03-24,83.54
2275,2029-03-25,84.85
2276,2029-03-26,84.13
2277,2029-03-27,85.27
2278,2029-03-28,80.68
2279,2029-03-29,80.11
2280,2029-03-30,80.21
2281,2029-03-31,83.83
2282,2029-04-01,85.09
2283,2029-04-02,83.4
2284,2029-04-03,84.26
2285,2029-04-04,81.04
2286,2029-04-05,80.04
2287,2029-04-06,80.33
2288,2029-04-07,83.72
2289,2029-04-08,83.87
2290,2029-04-09,83.63
2291,2029-04-10,84.15
2292,2029-04-11,81.4
2293,2029-04-12,79.6
2294,2029-04-13,80.06
2295,2029-04-14,83.54
2296,2029-04-15,84.85
2297,2029-04-16,84.13
2298,2029-04-17,85.27
2299,2029-04-18,80.68
2300,2029-04-19,80.11
2301,2029-04-20,80.21
2302,2029-04-21,83.83
2303,2029-04-22,85.09
2304,2029-04-23,83.4
2305,2029-04-24,84.26
2306,2029-04-25,81.04
2307,2029-04-26,80.04
2308,2029-04-27,80.33
2309,2029-04-28,83.72
2310,2029-04-29,83.87
2311,2029-04-30,83.63
2312,2029-05-01,84.15
2313,2029-05-02,81.4
2314,2029-05-03,79.6
2315,2029-05-04,80.06
2316,2029-05-05,83.54
2317,2029-05-06,84.85
2318,2029-05-07,84.13
2319,2029-05-08,85.27
2320,2029-05-09,80.68
2321,2029-05-10,80.11
2322,2029-05-11,80.21
2323,2029-05-12,83.83
2324,2029-05-13,85.09
2325,2029-05-14,83.4
2326,2029-05-15,84.26
2327,2029-05-16,81.04
2328,2029-05-17,80.04
2329,2029-05-18,80.33
2330,2029-05-19,83.72
2331,2029-05-20,83.87
2332,2029-05-21,83.63
2333,2029-05-22,84.15
2334,2029-05-23,81.4
2335,2029-05-24,79.6
2336,2029-05-25,80.06
2337,2029-05-26,83.54
2338,2029-05-27,84.85
2339,2029-05-28,84.13
2340,2029-05-29,85.27
2341,2029-05-30,80.68
2342,2029-05-31,80.11
2343,2029-06-01,80.21
2344,2029-06-02,83.83
2345,2029-06-03,85.09
2346,2029-06-04,83.4
2347,2029-06-05,84.26
2348,2029-06-06,81.04
2349,2029-06-07,80.04
2350,2029-06-08,80.33
2351,2029-06-09,83.72
2352,2029-06-10,83.87
2353,2029-06-11,83.63
2354,2029-06-12,84.15
2355,2029-06-13,81.4
2356,2029-06-14,79.6
2357,2029-06-15,80.06
2358,2029-06-16,83.54
2359,2029-06-17,84.85
2360,2029-06-18,84.13
2361,2029-06-19,85.27
2362,2029-06-20,80.68
2363,2029-06-21,80.11
2364,2029-06-22,80.21
2365,2029-06-23,83.83
2366,2029-06-24,85.09
2367,2029-06-25,83.4
2368,2029-06-26,84.26
2369,2029-06-27,81.04
2370,2029-06-28,80.04
2371,2029-06-29,80.33
2372,2029-06-30,83.72
2373,2029-07-01,83.87
2374,2029-07-02,83.63
2375,2029-07-03,84.15
2376,2029-07-04,81.4
2377,2029-07-05,79.6
2378,2029-07-06,80.06
2379,2029-07-07,83.54
2380,2029-07-08,84.85
2381,2029-07-09,84.13
2382,2029-07-10,85.27
2383,2029-07-11,80.68
2384,2029-07-12,80.11
2385,2029-07-13,80.21
2386,2029-07-14,83.83
2387,2029-07-15,85.09
2388,2029-07-16,83.4
2389,2029-07-17,84.26
2390,2029-07-18,81.04
2391,2029-07-19,80.04
2392,2029-07-20,80.33
2393,2029-07-21,83.72
2394,2029-07-22,83.87
2395,2029-07-23,83.63
2396,2029-07-24,84.15
2397,2029-07-25,81.4
2398,2029-07-26,79.6
2399,2029-07-27,80.06
2400,2029-07-28,83.54
2401,2029-07-29,84.85
2402,2029-07-30,84.13
2403,2029-07-31,85.27
2404,2029-08-01,80.68
2405,2029-08-02,80.11
2406,2029-08-03,80.21
2407,2029-08-04,83.83
2408,2029-08-05,85.09
2409,2029-08-06,83.4
2410,2029-08-07,84.26
2411,2029-08-08,81.04
2412,2029-08-09,80.04
2413,2029-08-10,80.33
2414,2029-08-11,83.72
2415,2029-08-12,83.87
2416,2029-08-13,83.63
2417,2029-08-14,84.15
2418,2029-08-15,81.4
2419,2029-08-16,79.6
2420,2029-08-17,80.06
2421,2029-08-18,83.54
2422,2029-08-19,84.85
2423,2029-08-20,84.13
2424,2029-08-21,85.27
2425,2029-08-22,80.68
2426,2029-08-23,80.11
2427,2029-08-24,80.21
2428,2029-08-25,83.83
2429,2029-08-26,85.09
2430,2029-08-27,83.4
2431,2029-08-28,84.26
2432,2029-08-29,81.04
2433,2029-08-30,80.04
2434,2029-08-31,80.33
2435,2029-09-01,83.72
2436,2029-09-02,83.87
2437,2029-09-03,83.63
2438,2029-09-04,84.15
2439,2029-09-05,81.4
2440,2029-09-06,79.6
2441,2029-09-07,80.06
2442,2029-09-08,83.54
2443,2029-09-09,84.85
2444,2029-09-10,84.13
2445,2029-09-11,85.27
2446,2029-09-12,80.68
2447,2029-09-13,80.11
2448,2029-09-14,80.21
2449,2029-09-15,83.83
2450,2029-09-16,85.09
2451,2029-09-17,83.4
2452,2029-09-18,84.26
2453,2029-09-19,81.04
2454,2029-09-20,80.04
2455,2029-09-21,80.33
2456,2029-09-22,83.72
2457,2029-09-23,83.87
2458,2029-09-24,83.63
2459,2029-09-25,84.15
2460,2029-09-26,81.4
2461,2029-09-27,79.6
2462,2029-09-28,80.06
2463,2029-09-29,83.54
2464,2029-09-30,84.85
2465,2029-10-01,84.13
2466,2029-10-02,85.27
2467,2029-10-03,80.68
2468,2029-10-04,80.11
2469,2029-10-05,80.21
2470,2029-10-06,83.83
2471,2029-10-07,85.09
2472,2029-10-08,83.4
2473,2029-10-09,84.26
2474,2029-10-10,81.04
2475,2029-10-11,80.04
2476,2029-10-12,80.33
2477,2029-10-13,83.72
2478,2029-10-14,83.87
2479,2029-10-15,83.63
2480,2029-10-16,84.15
2481,2029-10-17,81.4
2482,2029-10-18,79.6
2483,2029-10-19,80.06
2484,2029-10-20,83.54
2485,2029-10-21,84.85
2486,2029-10-22,84.13
2487,2029-10-23,85.27
2488,2029-10-24,80.68
2489,2029-10-25,80.11
2490,2029-10-26,80.21
2491,2029-10-27,83.83
2492,2029-10-28,85.09
2493,2029-10-29,83.4
2494,2029-10-30,84.26
2495,2029-10-31,81.04
2496,2029-11-01,80.04
2497,2029-11-02,80.33
2498,2029-11-03,83.72
2499,2029-11-04,83.87
2500,2029-11-05,83.63
2501,2029-11-06,84.15
2502,2029-11-07,81.4
2503,2029-11-08,79.6
2504,2029-11-09,80.06
2505,2029-11-10,83.54
2506,2029-11-11,84.85
2507,2029-11-12,84.13
2508,2029-11-13,85.27
2509,2029-11-14,80.68
2510,2029-11-15,80.11
2511,2029-11-16,80.21
2512,2029-11-17,83.83
2513,2029-11-18,85.09
2514,2029-11-19,83.4
2515,2029-11-20,84.26
2516,2029-11-21,81.04
2517,2029-11-22,80.04
2518,2029-11-23,80.33
2519,2029-11-24,83.72
2520,2029-11-25,83.87
2521,2029-11-26,83.63
2522,2029-11-27,84.15
2523,2029-11-28,81.4
2524,2029-11-29,79.6
2525,2029-11-30,80.06
2526,2029-12-01,83.54
2527,2029-12-02,84.85
2528,2029-12-03,84.13
2529,2029-12-04,85.27
2530,2029-12-05,80.68
2531,2029-12-06,80.11
2532,2029-12-07,80.21
2533,2029-12-08,83.83
2534,2029-12-09,85.09
2535,2029-12-10,83.4
2536,2029-12-11,84.26
2537,2029-12-12,81.04
2538,2029-12-13,80.04
2539,2029-12-14,80.33
2540,2029-12-15,83.72
2541,2029-12-16,83.87
2542,2029-12-17,83.63
2543,2029-12-18,84.15
2544,2029-12-19,81.4
2545,2029-12-20,79.6
2546,2029-12-21,80.06
2547,2029-12-22,83.54
2548,2029-12-23,84.85
2549,2029-12-24,84.13
2550,2029-12-25,85.27
2551,2029-12-26,80.68
2552,2029-12-27,80.11
2553,2029-12-28,80.21
2554,2029-12-29,83.83
2555,2029-12-30,85.09
2556,2029-12-31,83.4
2557,2030-01-01,84.26
2558,2030-01-02,81.04
2559,2030-01-03,80.04
2560,2030-01-04,80.33
2561,2030-01-05,83.72
2562,2030-01-06,83.87
2563,2030-01-07,83.63
2564,2030-01-08,84.15
2565,2030-01-09,81.4
2566,2030-01-10,79.6
2567,2030-01-11,80.06
2568,2030-01-12,83.54
2569,2030-01-13,84.85
2570,2030-01-14,84.13
2571,2030-01-15,85.27
2572,2030-01-16,80.68
2573,2030-01-17,80.11
2574,2030-01-18,80.21
2575,2030-01-19,83.83
2576,2030-01-20,85.09
2577,2030-01-21,83.4
2578,2030-01-22,84.26
2579,2030-01-23,81.04
2580,2030-01-24,80.04
2581,2030-01-25,80.33
2582,2030-01-26,83.72
2583,2030-01-27,83.87
2584,2030-01-28,83.63
2585,2030-01-29,84.15
2586,2030-01-30,81.4
2587,2030-01-31,79.6
2588,2030-02-01,80.06
2589,2030-02-02,83.54
2590,2030-02-03,84.85
2591,2030-02-04,84.13
2592,2030-02-05,85.27
2593,2030-02-06,80.68
2594,2030-02-07,80.11
2595,2030-02-08,80.21
2596,2030-02-09,83.83
2597,2030-02-10,85.09
2598,2030-02-11,83.4
2599,2030-02-12,84.26
2600,2030-02-13,81.04
2601,2030-02-14,80.04
2602,2030-02-15,80.33
2603,2030-02-16,83.72
2604,2030-02-17,83.87
2605,2030-02-18,83.63
2606,2030-02-19,84.15
2607,2030-02-20,81.4
2608,2030-02-21,79.6
2609,2030-02-22,80.06
2610,2030-02-23,83.54
2611,2030-02-24,84.85
2612,2030-02-25,84.13
2613,2030-02-26,85.27
2614,2030-02-27,80.68
2615,2030-02-28,80.11
2616,2030-03-01,80.21
2617,2030-03-02,83.83
2618,2030-03-03,85.09
2619,2030-03-04,83.4
2620,2030-03-05,84.26
2621,2030-03-06,81.04
2622,2030-03-07,80.04
2623,2030-03-08,80.33
2624,2030-03-09,83.72
2625,2030-03-10,83.87
2626,2030-03-11,83.63
2627,2030-03-12,84.15
2628,2030-03-13,81.4
2629,2030-03-14,79.6
2630,2030-03-15,80.06
2631,2030-03-16,83.54
2632,2030-03-17,84.85
2633,2030-03-18,84.13
2634,2030-03-19,85.27
2635,2030-03-20,80.68
2636,2030-03-21,80.11
2637,2030-03-22,80.21
2638,2030-03-23,83.83
2639,2030-03-24,85.09
2640,2030-03-25,83.4
2641,2030-03-26,84.26
2642,2030-03-27,81.04
2643,2030-03-28,80.04
2644,2030-03-29,80.33
2645,2030-03-30,83.72
2646,2030-03-31,83.87
2647,2030-04-01,83.63
2648,2030-04-02,84.15
2649,2030-04-03,81.4
2650,2030-04-04,79.6
2651,2030-04-05,80.06
2652,2030-04-06,83.54
2653,2030-04-07,84.85
2654,2030-04-08,84.13
2655,2030-04-09,85.27
2656,2030-04-10,80.68
2657,2030-04-11,80.11
2658,2030-04-12,80.21
2659,2030-04-13,83.83
2660,2030-04-14,85.09
2661,2030-04-15,83.4
2662,2030-04-16,84.26
2663,2030-04-17,81.04
2664,2030-04-18,80.04
2665,2030-04-19,80.33
2666,2030-04-20,83.72
2667,2030-04-21,83.87
2668,2030-04-22,83.63
2669,2030-04-23,84.15
2670,2030-04-24,81.4
2671,2030-04-25,79.6
2672,2030-04-26,80.06
2673,2030-04-27,83.54
2674,2030-04-28,84.85
2675,2030-04-29,84.13
2676,2030-04-30,85.27
2677,2030-05-01,80.68
2678,2030-05-02,80.11
2679,2030-05-03,80.21
2680,2030-05-04,83.83
2681,2030-05-05,85.09
2682,2030-05-06,83.4
2683,2030-05-07,84.26
2684,2030-05-08,81.04
2685,2030-05-09,80.04
2686,2030-05-10,80.33
2687,2030-05-11,83.72
2688,2030-05-12,83.87
2689,2030-05-13,83.63
2690,2030-05-14,84.15
2691,2030-05-15,81.4
2692,2030-05-16,79.6
2693,2030-05-17,80.06
2694,2030-05-18,83.54
2695,2030-05-19,84.85
2696,2030-05-20,84.13
2697,2030-05-21,85.27
2698,2030-05-22,80.68
2699,2030-05-23,80.11
2700,2030-05-24,80.21
2701,2030-05-25,83.83
2702,2030-05-26,85.09
2703,2030-05-27,83.4
2704,2030-05-28,84.26
2705,2030-05-29,81.04
2706,2030-05-30,80.04
2707,2030-05-31,80.33
2708,2030-06-01,83.72
2709,2030-06-02,83.87
2710,2030-06-03,83.63
2711,2030-06-04,84.15
2712,2030-06-05,81.4
2713,2030-06-06,79.6
2714,2030-06-07,80.06
2715,2030-06-08,83.54
2716,2030-06-09,84.85
2717,2030-06-10,84.13
2718,2030-06-11,85.27
2719,2030-06-12,80.68
2720,2030-06-13,80.11
2721,2030-06-14,80.21
2722,2030-06-15,83.83
2723,2030-06-16,85.09
2724,2030-06-17,83.4
2725,2030-06-18,84.26
2726,2030-06-19,81.04
2727,2030-06-20,80.04
2728,2030-06-21,80.33
2729,2030-06-22,83.72
2730,2030-06-23,83.87
2731,2030-06-24,83.63
2732,2030-06-25,84.15
2733,2030-06-26,81.4
2734,2030-06-27,79.6
2735,2030-06-28,80.06
2736,2030-06-29,83.54
2737,2030-06-30,84.85
2738,2030-07-01,84.13
2739,2030-07-02,85.27
2740,2030-07-03,80.68
2741,2030-07-04,80.11
2742,2030-07-05,80.21
2743,2030-07-06,83.83
2744,2030-07-07,85.09
2745,2030-07-08,83.4
2746,2030-07-09,84.26
2747,2030-07-10,81.04
2748,2030-07-11,80.04
2749,2030-07-12,80.33
2750,2030-07-13,83.72
2751,2030-07-14,83.87
2752,2030-07-15,83.63
2753,2030-07-16,84.15
2754,2030-07-17,81.4
2755,2030-07-18,79.6
2756,2030-07-19,80.06
2757,2030-07-20,83.54
2758,2030-07-21,84.85
2759,2030-07-22,84.13
2760,2030-07-23,85.27
2761,2030-07-24,80.68
2762,2030-07-25,80.11
2763,2030-07-26,80.21
2764,2030-07-27,83.83
2765,2030-07-28,85.09
2766,2030-07-29,83.4
2767,2030-07-30,84.26
2768,2030-07-31,81.04
2769,2030-08-01,80.04
2770,2030-08-02,80.33
2771,2030-08-03,83.72
2772,2030-08-04,83.87
2773,2030-08-05,83.63
2774,2030-08-06,84.15
2775,2030-08-07,81.4
2776,2030-08-08,79.6
2777,2030-08-09,80.06
2778,2030-08-10,83.54
2779,2030-08-11,84.85
2780,2030-08-12,84.13
2781,2030-08-13,85.27
2782,2030-08-14,80.68
2783,2030-08-15,80.11
2784,2030-08-16,80.21
2785,2030-08-17,83.83
2786,2030-08-18,85.09
2787,2030-08-19,83.4
2788,2030-08-20,84.26
2789,2030-08-21,81.04
2790,2030-08-22,80.04
2791,2030-08-23,80.33
2792,2030-08-24,83.72
2793,2030-08-25,83.87
2794,2030-08-26,83.63
2795,2030-08-27,84.15
2796,2030-08-28,81.4
2797,2030-08-29,79.6
2798,2030-08-30,80.06
2799,2030-08-31,83.54
2800,2030-09-01,84.85
2801,2030-09-02,84.13
2802,2030-09-03,85.27
2803,2030-09-04,80.68
2804,2030-09-05,80.11
2805,2030-09-06,80.21
2806,2030-09-07,83.83
2807,2030-09-08,85.09
2808,2030-09-09,83.4
2809,2030-09-10,84.26
2810,2030-09-11,81.04
2811,2030-09-12,80.04
2812,2030-09-13,80.33
2813,2030-09-14,83.72
2814,2030-09-15,83.87
2815,2030-09-16,83.63
2816,2030-09-17,84.15
2817,2030-09-18,81.4
2818,2030-09-19,79.6
2819,2030-09-20,80.06
2820,2030-09-21,83.54
2821,2030-09-22,84.85
2822,2030-09-23,84.13
2823,2030-09-24,85.27
2824,2030-09-25,80.68
2825,2030-09-26,80.11
2826,2030-09-27,80.21
2827,2030-09-28,83.83
2828,2030-09-29,85.09
2829,2030-09-30,83.4
2830,2030-10-01,84.26
2831,2030-10-02,81.04
2832,2030-10-03,80.04
2833,2030-10-04,80.33
2834,2030-10-05,83.72
2835,2030-10-06,83.87
2836,2030-10-07,83.63
2837,2030-10-08,84.15
2838,2030-10-09,81.4
2839,2030-10-10,79.6
2840,2030-10-11,80.06
2841,2030-10-12,83.54
2842,2030-10-13,84.85
2843,2030-10-14,84.13
2844,2030-10-15,85.27
2845,2030-10-16,80.68
2846,2030-10-17,80.11
2847,2030-10-18,80.21
2848,2030-10-19,83.83
2849,2030-10-20,85.09
2850,2030-10-21,83.4
2851,2030-10-22,84.26
2852,2030-10-23,81.04
2853,2030-10-24,80.04
2854,2030-10-25,80.33
2855,2030-10-26,83.72
2856,2030-10-27,83.87
2857,2030-10-28,83.63
2858,2030-10-29,84.15
2859,2030-10-30,81.4
2860,2030-10-31,79.6
2861,2030-11-01,80.06
2862,2030-11-02,83.54
2863,2030-11-03,84.85
2864,2030-11-04,84.13
2865,2030-11-05,85.27
2866,2030-11-06,80.68
2867,2030-11-07,80.11
2868,2030-11-08,80.21
2869,2030-11-09,83.83
2870,2030-11-10,85.09
2871,2030-11-11,83.4
2872,2030-11-12,84.26
2873,2030-11-13,81.04
2874,2030-11-14,80.04
2875,2030-11-15,80.33
2876,2030-11-16,83.72
2877,2030-11-17,83.87
2878,2030-11-18,83.63
2879,2030-11-19,84.15
2880,2030-11-20,81.4
2881,2030-11-21,79.6
2882,2030-11-22,80.06
2883,2030-11-23,83.54
2884,2030-11-24,84.85
2885,2030-11-25,84.13
2886,2030-11-26,85.27
2887,2030-11-27,80.68
2888,2030-11-28,80.11
2889,2030-11-29,80.21
2890,2030-11-30,83.83
2891,2030-12-01,85.09
2892,2030-12-02,83.4
2893,2030-12-03,84.26
2894,2030-12-04,81.04
2895,2030-12-05,80.04
2896,2030-12-06,80.33
2897,2030-12-07,83.72
2898,2030-12-08,83.87
2899,2030-12-09,83.63
2900,2030-12-10,84.15
2901,2030-12-11,81.4
2902,2030-12-12,79.6
2903,2030-12-13,80.06
2904,2030-12-14,83.54
2905,2030-12-15,84.85
2906,2030-12-16,84.13
2907,2030-12-17,85.27
2908,2030-12-18,80.68
2909,2030-12-19,80.11
2910,2030-12-20,80.21
2911,2030-12-21,83.83
2912,2030-12-22,85.09
2913,2030-12-23,83.4
2914,2030-12-24,84.26
2915,2030-12-25,81.04
2916,2030-12-26,80.04
2917,2030-12-27,80.33
2918,2030-12-28,83.72
2919,2030-12-29,83.87
