Date,Forecasted_MaxTemp
2020-01-01,22.618999999999996
2020-01-02,23.094
2020-01-03,22.260999999999996
2020-01-04,20.86199999999998
2020-01-05,26.175000000000004
2020-01-06,25.594999999999995
2020-01-07,27.399
2020-01-08,23.822000000000006
2020-01-09,22.679000000000002
2020-01-10,22.515999999999995
2020-01-11,22.04899999999999
2020-01-12,24.429999999999996
2020-01-13,26.03
2020-01-14,26.35099999999997
2020-01-15,23.71
2020-01-16,23.000999999999994
2020-01-17,22.144000000000005
2020-01-18,22.161000000000005
2020-01-19,24.930999999999997
2020-01-20,25.961999999999993
2020-01-21,26.27399999999999
2020-01-22,23.561999999999994
2020-01-23,23.219000000000005
2020-01-24,22.368999999999996
2020-01-25,22.184000000000005
2020-01-26,24.668000000000003
2020-01-27,25.568999999999992
2020-01-28,26.48599999999999
2020-01-29,23.42899999999999
2020-01-30,23.20300000000001
2020-01-31,21.851
2020-02-01,22.127000000000002
2020-02-02,24.370000000000005
2020-02-03,25.879999999999995
2020-02-04,26.71299999999998
2020-02-05,24.092000000000006
2020-02-06,22.987
2020-02-07,22.655999999999995
2020-02-08,22.267999999999997
2020-02-09,25.130000000000006
2020-02-10,26.084999999999987
2020-02-11,26.21899999999999
2020-02-12,24.546999999999983
2020-02-13,23.08
2020-02-14,22.767999999999997
2020-02-15,22.041000000000007
2020-02-16,24.596999999999994
2020-02-17,25.758999999999983
2020-02-18,26.421
2020-02-19,24.670999999999996
2020-02-20,23.298
2020-02-21,22.51
2020-02-22,22.447999999999997
2020-02-23,24.859
2020-02-24,25.882999999999992
2020-02-25,26.125999999999994
2020-02-26,24.662999999999993
2020-02-27,22.88700000000001
2020-02-28,23.108000000000008
2020-02-29,22.573000000000008
2020-03-01,24.932999999999993
2020-03-02,25.228999999999996
2020-03-03,26.49
2020-03-04,24.605999999999995
2020-03-05,23.08299999999999
2020-03-06,21.787
2020-03-07,22.888000000000005
2020-03-08,24.294999999999995
2020-03-09,25.645999999999994
2020-03-10,26.55199999999999
2020-03-11,24.506999999999998
2020-03-12,23.417999999999996
2020-03-13,22.41399999999999
2020-03-14,22.747000000000007
2020-03-15,25.159000000000013
2020-03-16,25.664
2020-03-17,26.289999999999996
2020-03-18,24.71399999999999
2020-03-19,22.909000000000006
2020-03-20,22.255
2020-03-21,22.631000000000007
2020-03-22,25.179000000000006
2020-03-23,25.612999999999996
2020-03-24,26.342000000000002
2020-03-25,24.509999999999994
2020-03-26,23.173999999999996
2020-03-27,22.393999999999995
2020-03-28,22.71100000000001
2020-03-29,25.25500000000001
2020-03-30,25.597
2020-03-31,26.402
2020-04-01,24.743999999999996
2020-04-02,23.008000000000006
2020-04-03,22.015
2020-04-04,22.686000000000007
2020-04-05,25.231000000000012
2020-04-06,25.817999999999998
2020-04-07,26.247
2020-04-08,24.491999999999994
2020-04-09,23.267
2020-04-10,23.037
2020-04-11,22.433000000000007
2020-04-12,24.642000000000007
2020-04-13,25.569999999999997
2020-04-14,26.260000000000005
2020-04-15,24.68799999999999
2020-04-16,23.025000000000006
2020-04-17,22.402000000000008
2020-04-18,22.733000000000008
2020-04-19,24.749000000000006
2020-04-20,25.675
2020-04-21,26.43
2020-04-22,24.614999999999995
2020-04-23,23.175
2020-04-24,22.186999999999998
2020-04-25,22.890000000000015
2020-04-26,24.434
2020-04-27,25.273999999999987
2020-04-28,26.55799999999999
2020-04-29,24.344999999999995
2020-04-30,23.136999999999997
2020-05-01,22.206999999999997
2020-05-02,22.704999999999995
2020-05-03,24.68800000000001
2020-05-04,25.671000000000006
2020-05-05,26.38099999999999
2020-05-06,24.342999999999982
2020-05-07,22.938000000000006
2020-05-08,22.601
2020-05-09,22.896000000000004
2020-05-10,24.466000000000005
2020-05-11,25.357999999999993
2020-05-12,26.568
2020-05-13,24.452999999999992
2020-05-14,22.89999999999999
2020-05-15,22.127000000000002
2020-05-16,22.909000000000002
2020-05-17,24.766000000000012
2020-05-18,25.615999999999996
2020-05-19,26.407999999999994
2020-05-20,24.47099999999999
2020-05-21,23.260999999999996
2020-05-22,22.413999999999998
2020-05-23,22.71400000000001
2020-05-24,24.407999999999998
2020-05-25,25.36
2020-05-26,26.603999999999996
2020-05-27,24.631999999999998
2020-05-28,23.079000000000004
2020-05-29,21.985000000000003
2020-05-30,22.877000000000006
2020-05-31,24.704000000000015
2020-06-01,25.666999999999994
2020-06-02,26.273999999999987
2020-06-03,24.476999999999997
2020-06-04,23.167
2020-06-05,22.578999999999997
2020-06-06,22.668000000000006
2020-06-07,24.490000000000006
2020-06-08,25.21499999999999
2020-06-09,26.529000000000007
2020-06-10,24.659999999999997
2020-06-11,23.091000000000005
2020-06-12,22.160000000000004
2020-06-13,23.029000000000007
2020-06-14,24.591000000000008
2020-06-15,25.879999999999995
2020-06-16,26.387999999999987
2020-06-17,24.339999999999986
2020-06-18,23.063000000000002
2020-06-19,22.803999999999995
2020-06-20,22.728
2020-06-21,24.685
2020-06-22,25.52499999999998
2020-06-23,26.317999999999998
2020-06-24,24.430999999999994
2020-06-25,23.090000000000003
2020-06-26,22.28600000000001
2020-06-27,22.708000000000013
2020-06-28,24.511000000000003
2020-06-29,25.423999999999996
2020-06-30,26.620999999999995
2020-07-01,24.38599999999999
2020-07-02,23.228999999999996
2020-07-03,22.207000000000004
2020-07-04,22.806000000000008
2020-07-05,24.656000000000017
2020-07-06,25.674999999999997
2020-07-07,26.34799999999999
2020-07-08,24.381999999999984
2020-07-09,23.105000000000008
2020-07-10,22.517
2020-07-11,22.813000000000006
2020-07-12,24.379000000000005
2020-07-13,25.18499999999999
2020-07-14,26.605999999999998
2020-07-15,24.611999999999995
2020-07-16,23.09999999999999
2020-07-17,22.092000000000002
2020-07-18,22.86300000000001
2020-07-19,24.688000000000006
2020-07-20,25.628999999999998
2020-07-21,26.373999999999988
2020-07-22,24.482
2020-07-23,23.309
2020-07-24,22.537999999999993
2020-07-25,22.793000000000006
2020-07-26,24.485000000000003
2020-07-27,25.266
2020-07-28,26.563
2020-07-29,24.679999999999996
2020-07-30,23.098000000000003
2020-07-31,22.088000000000008
2020-08-01,23.012000000000004
2020-08-02,24.678000000000015
2020-08-03,25.714999999999996
2020-08-04,26.26699999999999
2020-08-05,24.504999999999995
2020-08-06,23.184000000000005
2020-08-07,22.627999999999997
2020-08-08,22.797000000000008
2020-08-09,24.473000000000006
2020-08-10,25.147999999999993
2020-08-11,26.447000000000003
2020-08-12,24.64399999999999
2020-08-13,23.089000000000006
2020-08-14,22.346
2020-08-15,23.037000000000006
2020-08-16,24.31200000000001
2020-08-17,24.633999999999986
2020-08-18,26.537999999999993
2020-08-19,24.679000000000002
2020-08-20,23.307
2020-08-21,22.291
2020-08-22,22.92800000000001
2020-08-23,24.75900000000001
2020-08-24,24.891
2020-08-25,26.518999999999984
2020-08-26,24.42299999999999
2020-08-27,23.340000000000003
2020-08-28,22.004999999999995
2020-08-29,22.942000000000004
2020-08-30,24.484999999999992
2020-08-31,24.027000000000008
2020-09-01,26.60599999999999
2020-09-02,24.339999999999996
2020-09-03,23.326
2020-09-04,22.612999999999996
2020-09-05,23.001000000000005
2020-09-06,24.597
2020-09-07,24.884999999999994
2020-09-08,26.535999999999994
2020-09-09,24.514999999999997
2020-09-10,23.302000000000007
2020-09-11,22.025999999999996
2020-09-12,23.003
2020-09-13,24.391
2020-09-14,24.004000000000005
2020-09-15,26.598999999999986
2020-09-16,24.45
2020-09-17,23.34
2020-09-18,22.645999999999994
2020-09-19,23.016000000000005
2020-09-20,24.718000000000007
2020-09-21,24.68
2020-09-22,26.512999999999998
2020-09-23,24.741
2020-09-24,22.989000000000004
2020-09-25,22.29799999999999
2020-09-26,22.863000000000007
2020-09-27,24.664999999999992
2020-09-28,24.801
2020-09-29,26.53599999999998
2020-09-30,24.523999999999997
2020-10-01,23.323
2020-10-02,22.104999999999997
2020-10-03,23.073999999999998
2020-10-04,24.29799999999999
2020-10-05,23.881000000000004
2020-10-06,26.64199999999999
2020-10-07,24.479000000000006
2020-10-08,23.491000000000003
2020-10-09,22.491999999999994
2020-10-10,22.943000000000005
2020-10-11,24.607999999999997
2020-10-12,24.275999999999996
2020-10-13,26.451999999999988
2020-10-14,24.755999999999993
2020-10-15,23.128
2020-10-16,22.298999999999996
2020-10-17,22.944000000000003
2020-10-18,24.572
2020-10-19,24.973
2020-10-20,26.494999999999983
2020-10-21,25.004999999999992
2020-10-22,23.244
2020-10-23,22.257999999999992
2020-10-24,22.749000000000006
2020-10-25,24.625000000000004
2020-10-26,24.227000000000004
2020-10-27,26.62899999999999
2020-10-28,24.96499999999999
2020-10-29,23.143
2020-10-30,22.340999999999994
2020-10-31,23.088999999999995
2020-11-01,24.531999999999993
2020-11-02,24.861
2020-11-03,26.378999999999987
2020-11-04,25.218999999999998
2020-11-05,22.932000000000002
2020-11-06,22.782999999999998
2020-11-07,23.070000000000004
2020-11-08,24.502
2020-11-09,24.702
2020-11-10,26.365999999999996
2020-11-11,25.420999999999996
2020-11-12,22.985000000000003
2020-11-13,22.730000000000004
2020-11-14,23.131999999999998
2020-11-15,24.387999999999998
2020-11-16,24.893999999999995
2020-11-17,26.408999999999995
2020-11-18,25.525
2020-11-19,23.122
2020-11-20,22.291
2020-11-21,22.976000000000003
2020-11-22,24.249000000000002
2020-11-23,24.396999999999995
2020-11-24,26.415999999999983
2020-11-25,25.815
2020-11-26,23.341000000000005
2020-11-27,22.44199999999999
2020-11-28,23.13500000000001
2020-11-29,24.265999999999995
2020-11-30,25.193
2020-12-01,26.294999999999987
2020-12-02,25.818
2020-12-03,22.96200000000001
2020-12-04,22.46899999999999
2020-12-05,23.046000000000003
2020-12-06,24.488000000000003
2020-12-07,25.628
2020-12-08,26.31099999999999
2020-12-09,25.796999999999997
2020-12-10,23.033000000000012
2020-12-11,22.278999999999996
2020-12-12,22.854000000000006
2020-12-13,24.60400000000001
2020-12-14,25.713999999999995
2020-12-15,26.341999999999988
2020-12-16,25.733999999999995
2020-12-17,22.723000000000006
2020-12-18,22.75299999999999
2020-12-19,22.931000000000008
2020-12-20,24.45200000000001
2020-12-21,25.611999999999995
2020-12-22,26.12399999999999
2020-12-23,25.303999999999995
2020-12-24,23.109999999999992
2020-12-25,23.054000000000002
2020-12-26,22.335000000000004
2020-12-27,24.72600000000001
2020-12-28,25.883000000000003
2020-12-29,26.305999999999987
2020-12-30,25.26099999999999
2020-12-31,22.980999999999998
2021-01-01,22.567000000000004
2021-01-02,22.443
2021-01-03,25.182000000000002
2021-01-04,25.512000000000004
2021-01-05,26.263999999999992
2021-01-06,25.601999999999997
2021-01-07,22.446000000000005
2021-01-08,22.475000000000005
2021-01-09,23.020000000000003
2021-01-10,25.569000000000013
2021-01-11,25.746000000000002
2021-01-12,25.980999999999998
2021-01-13,24.936000000000003
2021-01-14,23.073999999999998
2021-01-15,22.921000000000003
2021-01-16,22.986000000000008
2021-01-17,25.391
2021-01-18,25.517
2021-01-19,26.436
2021-01-20,25.046999999999993
2021-01-21,22.980999999999995
2021-01-22,21.882
2021-01-23,22.799000000000007
2021-01-24,25.721999999999998
2021-01-25,25.605999999999995
2021-01-26,26.479
2021-01-27,24.77999999999999
2021-01-28,23.188999999999997
2021-01-29,22.222999999999992
2021-01-30,23.001000000000005
2021-01-31,25.719999999999995
2021-02-01,25.769000000000002
2021-02-02,26.318999999999996
2021-02-03,24.821999999999985
2021-02-04,23.169
2021-02-05,22.728
2021-02-06,23.081000000000007
2021-02-07,25.26000000000001
2021-02-08,26.101999999999993
2021-02-09,25.904000000000007
2021-02-10,25.081
2021-02-11,23.164000000000005
2021-02-12,22.912
2021-02-13,22.651000000000007
2021-02-14,25.261
2021-02-15,25.496999999999993
2021-02-16,26.419999999999995
2021-02-17,24.40899999999999
2021-02-18,23.13
2021-02-19,21.917
2021-02-20,22.708000000000006
2021-02-21,25.326000000000008
2021-02-22,25.594000000000005
2021-02-23,26.403
2021-02-24,24.401999999999997
2021-02-25,23.116999999999994
2021-02-26,22.29599999999999
2021-02-27,22.599000000000004
2021-02-28,25.322000000000006
2021-03-01,25.855999999999995
2021-03-02,26.106000000000005
2021-03-03,24.51299999999999
2021-03-04,23.221000000000004
2021-03-05,23.180999999999997
2021-03-06,22.558000000000007
2021-03-07,25.102000000000018
2021-03-08,25.099999999999987
2021-03-09,26.228
2021-03-10,24.697
2021-03-11,22.821999999999992
2021-03-12,22.552
2021-03-13,22.534000000000006
2021-03-14,24.975
2021-03-15,25.112999999999996
2021-03-16,26.465999999999998
2021-03-17,24.583999999999993
2021-03-18,22.80999999999999
2021-03-19,22.037000000000003
2021-03-20,22.863000000000007
2021-03-21,24.50399999999999
2021-03-22,24.43999999999999
2021-03-23,26.491999999999983
2021-03-24,24.506
2021-03-25,23.17099999999999
2021-03-26,22.755
2021-03-27,22.948000000000008
2021-03-28,24.728000000000005
2021-03-29,25.044999999999995
2021-03-30,26.390999999999995
2021-03-31,24.607999999999997
2021-04-01,23.221999999999998
2021-04-02,22.196999999999992
2021-04-03,22.756000000000007
2021-04-04,24.261999999999993
2021-04-05,23.966000000000005
2021-04-06,26.70599999999999
2021-04-07,24.35
2021-04-08,23.368
2021-04-09,22.43399999999999
2021-04-10,23.065
2021-04-11,24.501000000000005
2021-04-12,24.954
2021-04-13,26.560999999999993
2021-04-14,24.615999999999996
2021-04-15,23.208000000000006
2021-04-16,22.146999999999995
2021-04-17,22.964000000000002
2021-04-18,24.608000000000008
2021-04-19,23.206
2021-04-20,26.508999999999986
2021-04-21,24.373
2021-04-22,23.249000000000002
2021-04-23,22.383999999999993
2021-04-24,22.848000000000006
2021-04-25,24.596
2021-04-26,22.164999999999985
2021-04-27,26.18999999999999
2021-04-28,24.611999999999995
2021-04-29,23.078000000000003
2021-04-30,23.022999999999993
2021-05-01,22.858000000000008
2021-05-02,24.515000000000008
2021-05-03,21.868999999999996
2021-05-04,26.28099999999999
2021-05-05,24.714999999999996
2021-05-06,23.216999999999995
2021-05-07,22.906999999999993
2021-05-08,23.021000000000004
2021-05-09,24.568000000000012
2021-05-10,21.732
2021-05-11,25.871999999999993
2021-05-12,24.756999999999998
2021-05-13,23.441999999999993
2021-05-14,23.648000000000003
2021-05-15,23.269000000000002
2021-05-16,24.41100000000001
2021-05-17,22.931999999999984
2021-05-18,26.599999999999987
2021-05-19,24.800999999999995
2021-05-20,23.24199999999999
2021-05-21,22.420999999999996
2021-05-22,23.162000000000006
2021-05-23,24.78600000000001
2021-05-24,22.049999999999986
2021-05-25,25.892999999999994
2021-05-26,24.686999999999998
2021-05-27,23.276999999999997
2021-05-28,23.633999999999997
2021-05-29,22.980999999999998
2021-05-30,24.845
2021-05-31,22.721999999999998
2021-06-01,26.50399999999999
2021-06-02,24.731000000000005
2021-06-03,23.245999999999984
2021-06-04,22.601999999999993
2021-06-05,23.097
2021-06-06,24.712999999999994
2021-06-07,22.53799999999999
2021-06-08,26.392999999999997
2021-06-09,24.682000000000002
2021-06-10,23.055999999999994
2021-06-11,22.766999999999992
2021-06-12,22.879000000000005
2021-06-13,24.41
2021-06-14,22.396999999999988
2021-06-15,26.223999999999986
2021-06-16,24.607999999999997
2021-06-17,23.135999999999996
2021-06-18,22.925
2021-06-19,22.765000000000004
2021-06-20,24.587000000000003
2021-06-21,21.880999999999993
2021-06-22,26.28499999999999
2021-06-23,24.644000000000002
2021-06-24,23.20799999999999
2021-06-25,22.811
2021-06-26,23.101000000000003
2021-06-27,24.38000000000001
2021-06-28,21.819999999999997
2021-06-29,25.892999999999986
2021-06-30,24.731999999999992
2021-07-01,23.438000000000002
2021-07-02,23.774000000000004
2021-07-03,22.971
2021-07-04,24.372000000000007
2021-07-05,22.754999999999995
2021-07-06,26.59699999999999
2021-07-07,24.849
2021-07-08,23.23999999999999
2021-07-09,24.199999999999996
2021-07-10,22.973000000000006
2021-07-11,24.526000000000007
2021-07-12,22.081999999999994
2021-07-13,26.09499999999998
2021-07-14,24.711999999999993
2021-07-15,23.433999999999987
2021-07-16,24.379
2021-07-17,23.153000000000006
2021-07-18,24.400000000000013
2021-07-19,22.19899999999999
2021-07-20,26.285999999999987
2021-07-21,24.664999999999992
2021-07-22,23.4
2021-07-23,24.639999999999997
2021-07-24,22.963000000000008
2021-07-25,24.04700000000001
2021-07-26,21.483999999999995
2021-07-27,25.834999999999976
2021-07-28,24.61100000000001
2021-07-29,23.694999999999997
2021-07-30,24.903999999999993
2021-07-31,22.917999999999992
2021-08-01,24.204999999999995
2021-08-02,22.842999999999996
2021-08-03,26.164999999999992
2021-08-04,24.525
2021-08-05,24.015999999999995
2021-08-06,25.04299999999999
2021-08-07,22.792
2021-08-08,24.166000000000007
2021-08-09,21.984999999999996
2021-08-10,25.978999999999992
2021-08-11,24.60000000000001
2021-08-12,24.397
2021-08-13,25.29099999999999
2021-08-14,23.213000000000008
2021-08-15,24.21900000000001
2021-08-16,22.425
2021-08-17,26.157999999999983
2021-08-18,24.621
2021-08-19,25.07700000000001
2021-08-20,25.10999999999998
2021-08-21,22.603
2021-08-22,24.274000000000004
2021-08-23,21.692999999999987
2021-08-24,26.307
2021-08-25,24.558000000000003
2021-08-26,24.639000000000006
2021-08-27,25.10999999999998
2021-08-28,23.342999999999996
2021-08-29,24.006000000000007
2021-08-30,21.82199999999999
2021-08-31,25.733999999999988
2021-09-01,24.755
2021-09-02,24.811000000000007
2021-09-03,24.88799999999999
2021-09-04,23.035999999999998
2021-09-05,24.347
2021-09-06,22.816999999999997
2021-09-07,25.665999999999993
2021-09-08,24.52599999999999
2021-09-09,25.256000000000007
2021-09-10,24.98799999999999
2021-09-11,23.381999999999998
2021-09-12,24.391000000000005
2021-09-13,23.163999999999998
2021-09-14,25.744999999999994
2021-09-15,24.785999999999994
2021-09-16,25.271
2021-09-17,24.945999999999994
2021-09-18,23.200000000000003
2021-09-19,24.558000000000007
2021-09-20,23.09699999999999
2021-09-21,25.747999999999998
2021-09-22,24.344999999999985
2021-09-23,25.386000000000003
2021-09-24,25.04099999999999
2021-09-25,23.266000000000005
2021-09-26,24.369999999999994
2021-09-27,22.855999999999998
2021-09-28,25.686999999999998
2021-09-29,24.822999999999997
2021-09-30,25.541999999999984
2021-10-01,25.012999999999998
2021-10-02,23.236000000000004
2021-10-03,24.428000000000008
2021-10-04,23.124999999999986
2021-10-05,25.794999999999995
2021-10-06,24.132999999999996
2021-10-07,25.50799999999999
2021-10-08,25.01299999999999
2021-10-09,23.202
2021-10-10,24.306000000000008
2021-10-11,22.951000000000004
2021-10-12,25.82399999999999
2021-10-13,24.82599999999999
2021-10-14,25.38499999999999
2021-10-15,25.162999999999993
2021-10-16,23.263
2021-10-17,24.435000000000006
2021-10-18,23.057999999999993
2021-10-19,26.094
2021-10-20,24.25599999999999
2021-10-21,25.559999999999995
2021-10-22,25.235999999999986
2021-10-23,22.944999999999997
2021-10-24,24.181000000000008
2021-10-25,22.243000000000002
2021-10-26,26.16099999999999
2021-10-27,24.858999999999988
2021-10-28,25.416
2021-10-29,25.19799999999999
2021-10-30,22.975
2021-10-31,24.046000000000006
2021-11-01,21.607999999999997
2021-11-02,26.245999999999995
2021-11-03,24.63899999999999
2021-11-04,25.396999999999988
2021-11-05,25.37699999999999
2021-11-06,22.841000000000005
2021-11-07,23.973000000000006
2021-11-08,21.837999999999994
2021-11-09,26.21799999999999
2021-11-10,24.573
2021-11-11,25.348
2021-11-12,25.211999999999993
2021-11-13,22.81
2021-11-14,23.940000000000005
2021-11-15,21.37799999999999
2021-11-16,26.136999999999993
2021-11-17,24.721999999999998
2021-11-18,24.901999999999994
2021-11-19,25.216999999999988
2021-11-20,22.747000000000003
2021-11-21,24.192000000000004
2021-11-22,22.003999999999987
2021-11-23,26.352999999999994
2021-11-24,24.589000000000006
2021-11-25,24.406999999999996
2021-11-26,25.08899999999999
2021-11-27,23.359
2021-11-28,23.930000000000003
2021-11-29,22.53499999999999
2021-11-30,25.770000000000003
2021-12-01,24.763
2021-12-02,24.853000000000016
2021-12-03,24.74699999999999
2021-12-04,23.25
2021-12-05,24.575
2021-12-06,22.978999999999996
2021-12-07,26.286999999999992
2021-12-08,24.251999999999995
2021-12-09,25.464999999999996
2021-12-10,24.518999999999995
2021-12-11,23.583000000000002
2021-12-12,24.212999999999997
2021-12-13,21.148999999999983
2021-12-14,26.10399999999998
2021-12-15,24.775
2021-12-16,24.67599999999999
2021-12-17,24.578999999999997
2021-12-18,23.227000000000007
2021-12-19,24.236000000000008
2021-12-20,22.183999999999983
2021-12-21,26.418999999999993
2021-12-22,24.36599999999999
2021-12-23,24.885
2021-12-24,24.747
2021-12-25,23.407999999999998
2021-12-26,24.012000000000008
2021-12-27,22.562999999999985
2021-12-28,26.19499999999999
2021-12-29,24.546999999999993
2021-12-30,25.208
2021-12-31,24.647999999999996
2022-01-01,22.858
2022-01-02,24.32
2022-01-03,21.411999999999985
2022-01-04,26.28899999999999
2022-01-05,24.468999999999998
2022-01-06,25.12599999999999
2022-01-07,24.673999999999992
2022-01-08,23.616999999999994
2022-01-09,24.161000000000005
2022-01-10,22.006999999999984
2022-01-11,26.076999999999988
2022-01-12,24.45799999999999
2022-01-13,24.191999999999997
2022-01-14,24.56999999999999
2022-01-15,23.381000000000004
2022-01-16,24.206000000000007
2022-01-17,22.250999999999998
2022-01-18,26.45899999999999
2022-01-19,24.464999999999996
2022-01-20,24.525
2022-01-21,24.482
2022-01-22,23.375999999999998
2022-01-23,24.23900000000001
2022-01-24,22.486999999999988
2022-01-25,26.244999999999994
2022-01-26,24.498999999999988
2022-01-27,24.64099999999999
2022-01-28,24.711999999999993
2022-01-29,22.715000000000003
2022-01-30,24.29000000000001
2022-01-31,21.19199999999999
2022-02-01,26.09399999999999
2022-02-02,24.542999999999996
2022-02-03,24.75999999999999
2022-02-04,24.756
2022-02-05,23.297000000000004
2022-02-06,24.14800000000001
2022-02-07,22.129999999999992
2022-02-08,26.413999999999998
2022-02-09,24.62899999999999
2022-02-10,24.24099999999999
2022-02-11,25.022000000000002
2022-02-12,23.109
2022-02-13,23.857000000000006
2022-02-14,22.688999999999993
2022-02-15,25.761
2022-02-16,24.549000000000007
2022-02-17,24.665000000000006
2022-02-18,25.387000000000004
2022-02-19,23.074000000000005
2022-02-20,24.353999999999996
2022-02-21,23.138999999999996
2022-02-22,26.14999999999998
2022-02-23,24.647
2022-02-24,25.088000000000015
2022-02-25,25.231999999999985
2022-02-26,22.744
2022-02-27,24.57100000000001
2022-02-28,22.057
2022-03-01,26.295000000000005
2022-03-02,24.547000000000004
2022-03-03,24.487
2022-03-04,25.291
2022-03-05,23.47200000000001
2022-03-06,24.16100000000001
2022-03-07,21.677999999999997
2022-03-08,26.04499999999999
2022-03-09,24.755999999999993
2022-03-10,24.809
2022-03-11,24.882999999999985
2022-03-12,22.873000000000005
2022-03-13,24.323000000000008
2022-03-14,22.285999999999994
2022-03-15,26.053999999999977
2022-03-16,24.498999999999988
2022-03-17,24.643999999999995
2022-03-18,25.12699999999999
2022-03-19,23.282000000000007
2022-03-20,24.256000000000014
2022-03-21,22.354000000000006
2022-03-22,26.112999999999992
2022-03-23,24.857
2022-03-24,25.117000000000008
2022-03-25,24.743999999999986
2022-03-26,23.096000000000004
2022-03-27,24.102000000000004
2022-03-28,21.697999999999997
2022-03-29,26.305999999999994
2022-03-30,24.667999999999996
2022-03-31,24.258999999999986
2022-04-01,24.809999999999995
2022-04-02,23.022999999999996
2022-04-03,24.010000000000005
2022-04-04,21.678999999999995
2022-04-05,25.856999999999985
2022-04-06,24.470000000000006
2022-04-07,24.561999999999998
2022-04-08,25.087
2022-04-09,23.42299999999999
2022-04-10,24.150000000000006
2022-04-11,22.92699999999999
2022-04-12,26.26599999999999
2022-04-13,24.831999999999994
2022-04-14,25.078000000000003
2022-04-15,24.830999999999985
2022-04-16,23.333
2022-04-17,24.189000000000007
2022-04-18,21.148999999999983
2022-04-19,26.144999999999985
2022-04-20,24.51299999999999
2022-04-21,24.036999999999992
2022-04-22,25.130999999999993
2022-04-23,22.479000000000006
2022-04-24,24.178000000000015
2022-04-25,22.39199999999999
2022-04-26,26.07799999999999
2022-04-27,24.730000000000008
2022-04-28,24.559
2022-04-29,24.968999999999987
2022-04-30,23.333000000000006
2022-05-01,24.207000000000008
2022-05-02,22.249999999999996
2022-05-03,26.02099999999999
2022-05-04,24.541
2022-05-05,24.808000000000003
2022-05-06,25.377999999999993
2022-05-07,23.04
2022-05-08,24.17000000000001
2022-05-09,22.466999999999995
2022-05-10,26.269999999999985
2022-05-11,24.625999999999998
2022-05-12,25.17400000000001
2022-05-13,25.217999999999982
2022-05-14,23.277
2022-05-15,24.058000000000007
2022-05-16,21.322999999999983
2022-05-17,26.27399999999999
2022-05-18,24.649
2022-05-19,25.218999999999998
2022-05-20,25.26699999999999
2022-05-21,23.105999999999998
2022-05-22,23.847000000000012
2022-05-23,22.303999999999988
2022-05-24,25.331999999999972
2022-05-25,24.573999999999998
2022-05-26,25.310000000000006
2022-05-27,25.607999999999997
2022-05-28,23.118999999999996
2022-05-29,24.40699999999999
2022-05-30,22.901999999999994
2022-05-31,25.697
2022-06-01,24.603999999999996
2022-06-02,25.234
2022-06-03,24.718999999999983
2022-06-04,23.313
2022-06-05,24.574000000000005
2022-06-06,22.783999999999992
2022-06-07,25.957999999999988
2022-06-08,24.344999999999995
2022-06-09,25.353
2022-06-10,24.43999999999999
2022-06-11,23.50500000000001
2022-06-12,24.354999999999997
2022-06-13,22.43
2022-06-14,26.206999999999997
2022-06-15,24.623999999999988
2022-06-16,25.37699999999999
2022-06-17,24.630999999999993
2022-06-18,22.666000000000007
2022-06-19,24.414000000000005
2022-06-20,21.405999999999985
2022-06-21,26.266999999999992
2022-06-22,24.545
2022-06-23,25.24099999999999
2022-06-24,24.650999999999996
2022-06-25,23.735
2022-06-26,24.273000000000007
2022-06-27,21.877999999999982
2022-06-28,26.202999999999978
2022-06-29,24.491999999999997
2022-06-30,25.329999999999995
2022-07-01,24.353999999999992
2022-07-02,23.87599999999999
2022-07-03,24.28800000000001
2022-07-04,21.368999999999986
2022-07-05,26.337
2022-07-06,24.788
2022-07-07,24.879999999999985
2022-07-08,24.576000000000004
2022-07-09,24.521999999999995
2022-07-10,24.35100000000001
2022-07-11,21.96799999999998
2022-07-12,26.162
2022-07-13,24.578999999999994
2022-07-14,23.980999999999995
2022-07-15,24.664
2022-07-16,23.87899999999999
2022-07-17,24.271000000000008
2022-07-18,21.685000000000006
2022-07-19,26.504999999999978
2022-07-20,24.279000000000014
2022-07-21,24.467999999999996
2022-07-22,24.225
2022-07-23,24.79999999999999
2022-07-24,24.318000000000016
2022-07-25,23.072999999999993
2022-07-26,26.252000000000006
2022-07-27,24.652999999999988
2022-07-28,24.644999999999996
2022-07-29,24.348000000000003
2022-07-30,24.195999999999998
2022-07-31,24.628000000000007
2022-08-01,20.667999999999992
2022-08-02,25.860999999999986
2022-08-03,24.693000000000005
2022-08-04,24.526
2022-08-05,24.541
2022-08-06,24.258999999999993
2022-08-07,24.423000000000005
2022-08-08,22.105000000000004
2022-08-09,26.204999999999988
2022-08-10,24.374000000000006
2022-08-11,24.21499999999999
2022-08-12,24.618
2022-08-13,23.973000000000003
2022-08-14,24.36800000000001
2022-08-15,21.750999999999998
2022-08-16,26.236999999999988
2022-08-17,24.456000000000003
2022-08-18,24.403
2022-08-19,24.638999999999996
2022-08-20,24.13599999999999
2022-08-21,24.39500000000001
2022-08-22,21.645999999999994
2022-08-23,26.31999999999999
2022-08-24,24.532000000000004
2022-08-25,24.494
2022-08-26,24.736999999999995
2022-08-27,24.092999999999993
2022-08-28,24.32300000000001
2022-08-29,21.688999999999993
2022-08-30,25.979999999999986
2022-08-31,24.599
2022-09-01,24.533999999999995
2022-09-02,24.597999999999992
2022-09-03,24.139999999999997
2022-09-04,24.413000000000007
2022-09-05,22.311999999999998
2022-09-06,26.239999999999988
2022-09-07,24.408000000000005
2022-09-08,24.769999999999996
2022-09-09,24.664999999999996
2022-09-10,24.19
2022-09-11,24.320000000000004
2022-09-12,21.598999999999997
2022-09-13,26.373
2022-09-14,24.524
2022-09-15,24.49699999999999
2022-09-16,24.67299999999999
2022-09-17,24.195999999999998
2022-09-18,24.214000000000006
2022-09-19,22.63299999999999
2022-09-20,26.15499999999999
2022-09-21,24.630000000000006
2022-09-22,24.81
2022-09-23,24.53899999999999
2022-09-24,24.273999999999997
2022-09-25,24.235000000000003
2022-09-26,21.64099999999998
2022-09-27,26.438000000000006
2022-09-28,24.407000000000004
2022-09-29,24.12799999999999
2022-09-30,24.504000000000005
2022-10-01,24.161000000000005
2022-10-02,24.221000000000004
2022-10-03,22.950999999999986
2022-10-04,26.46799999999999
2022-10-05,24.514000000000006
2022-10-06,24.597
2022-10-07,24.20300000000001
2022-10-08,24.48599999999999
2022-10-09,24.578000000000007
2022-10-10,21.887999999999984
2022-10-11,26.069000000000006
2022-10-12,24.82099999999999
2022-10-13,24.502999999999997
2022-10-14,24.29
2022-10-15,24.114999999999988
2022-10-16,24.55300000000001
2022-10-17,22.108999999999995
2022-10-18,26.18999999999999
2022-10-19,24.368999999999993
2022-10-20,24.407999999999994
2022-10-21,24.454
2022-10-22,23.965
2022-10-23,24.315000000000005
2022-10-24,21.697000000000003
2022-10-25,26.397
2022-10-26,24.388999999999996
2022-10-27,24.401
2022-10-28,24.56
2022-10-29,24.337
2022-10-30,24.165000000000006
2022-10-31,22.565999999999985
2022-11-01,26.066999999999993
2022-11-02,24.542
2022-11-03,24.641000000000005
2022-11-04,24.691999999999993
2022-11-05,24.119
2022-11-06,24.309000000000005
2022-11-07,22.324999999999996
2022-11-08,26.208999999999996
2022-11-09,24.643000000000008
2022-11-10,24.866999999999997
2022-11-11,24.503999999999998
2022-11-12,24.167999999999992
2022-11-13,24.450000000000003
2022-11-14,21.774999999999988
2022-11-15,26.319000000000006
2022-11-16,24.388000000000005
2022-11-17,24.21099999999999
2022-11-18,24.443
2022-11-19,23.954999999999995
2022-11-20,24.424000000000007
2022-11-21,21.665
2022-11-22,26.093999999999987
2022-11-23,24.43499999999999
2022-11-24,24.484999999999996
2022-11-25,24.587999999999997
2022-11-26,24.208000000000002
2022-11-27,24.445000000000014
2022-11-28,22.087999999999997
2022-11-29,26.014000000000006
2022-11-30,24.521000000000004
2022-12-01,24.403999999999993
2022-12-02,24.708999999999996
2022-12-03,24.052999999999994
2022-12-04,24.516000000000012
2022-12-05,22.256000000000004
2022-12-06,26.258999999999997
2022-12-07,24.559000000000005
2022-12-08,24.671000000000006
2022-12-09,24.318999999999996
2022-12-10,24.06199999999999
2022-12-11,24.53500000000001
2022-12-12,21.47999999999999
2022-12-13,26.241999999999983
2022-12-14,24.560999999999993
2022-12-15,24.732999999999997
2022-12-16,24.296
2022-12-17,23.91599999999999
2022-12-18,24.509000000000004
2022-12-19,21.803999999999988
2022-12-20,26.449999999999996
2022-12-21,24.487999999999996
2022-12-22,24.919999999999995
2022-12-23,23.974000000000004
2022-12-24,24.587999999999987
2022-12-25,24.70400000000001
2022-12-26,22.953999999999986
2022-12-27,26.680000000000003
2022-12-28,24.790999999999993
2022-12-29,25.127
2022-12-30,23.904000000000007
2022-12-31,23.95299999999999
2023-01-01,24.892
2023-01-02,21.200999999999986
2023-01-03,26.615999999999996
2023-01-04,24.826000000000004
2023-01-05,23.819999999999997
2023-01-06,24.016000000000005
2023-01-07,24.20499999999999
2023-01-08,25.130999999999993
2023-01-09,22.87599999999999
2023-01-10,26.551999999999992
2023-01-11,24.479999999999997
2023-01-12,24.464999999999996
2023-01-13,24.179000000000006
2023-01-14,24.403
2023-01-15,25.30999999999999
2023-01-16,21.648999999999997
2023-01-17,26.265
2023-01-18,24.746999999999993
2023-01-19,24.442999999999998
2023-01-20,24.398000000000007
2023-01-21,24.381999999999998
2023-01-22,25.960999999999995
2023-01-23,22.087
2023-01-24,25.875999999999994
2023-01-25,24.461000000000002
2023-01-26,24.22599999999999
2023-01-27,24.471
2023-01-28,25.291000000000004
2023-01-29,25.701999999999998
2023-01-30,22.938000000000002
2023-01-31,26.439999999999987
2023-02-01,24.627
2023-02-02,24.74999999999999
2023-02-03,24.30500000000001
2023-02-04,24.605999999999995
2023-02-05,25.91199999999999
2023-02-06,21.778999999999993
2023-02-07,26.063
2023-02-08,24.739999999999995
2023-02-09,24.351999999999997
2023-02-10,24.465
2023-02-11,25.015999999999995
2023-02-12,26.02399999999999
2023-02-13,22.733
2023-02-14,26.607999999999983
2023-02-15,24.45400000000001
2023-02-16,24.616999999999994
2023-02-17,23.93700000000001
2023-02-18,24.701999999999998
2023-02-19,25.580000000000005
2023-02-20,21.622999999999994
2023-02-21,25.966999999999995
2023-02-22,25.008999999999993
2023-02-23,24.419
2023-02-24,24.460000000000004
2023-02-25,24.590999999999998
2023-02-26,25.953999999999986
2023-02-27,22.688999999999997
2023-02-28,26.379999999999995
2023-03-01,24.219999999999995
2023-03-02,24.434999999999995
2023-03-03,24.459999999999987
2023-03-04,25.284999999999997
2023-03-05,25.71999999999999
2023-03-06,21.991999999999994
2023-03-07,25.859999999999996
2023-03-08,24.457000000000004
2023-03-09,24.385
2023-03-10,24.533999999999995
2023-03-11,25.205
2023-03-12,25.906999999999986
2023-03-13,22.932000000000006
2023-03-14,26.491999999999983
2023-03-15,24.63200000000001
2023-03-16,24.826999999999998
2023-03-17,24.057000000000013
2023-03-18,24.78899999999999
2023-03-19,26.01399999999999
2023-03-20,22.333999999999993
2023-03-21,26.152999999999988
2023-03-22,24.787999999999993
2023-03-23,24.791999999999984
2023-03-24,24.396
2023-03-25,24.763
2023-03-26,25.786999999999992
2023-03-27,22.307999999999996
2023-03-28,26.240000000000006
2023-03-29,24.522999999999996
2023-03-30,24.917999999999992
2023-03-31,24.416000000000004
2023-04-01,24.29300000000001
2023-04-02,25.87199999999999
2023-04-03,21.849
2023-04-04,26.166000000000007
2023-04-05,24.524999999999995
2023-04-06,23.984999999999996
2023-04-07,24.561
2023-04-08,25.282000000000004
2023-04-09,26.09599999999999
2023-04-10,22.241000000000007
2023-04-11,26.31299999999999
2023-04-12,24.595
2023-04-13,24.494999999999987
2023-04-14,24.57999999999999
2023-04-15,24.917999999999992
2023-04-16,26.014999999999997
2023-04-17,22.518000000000008
2023-04-18,25.744999999999987
2023-04-19,24.543000000000003
2023-04-20,24.657999999999983
2023-04-21,24.370999999999995
2023-04-22,25.303000000000008
2023-04-23,25.709000000000007
2023-04-24,22.750000000000004
2023-04-25,25.62299999999998
2023-04-26,24.629999999999995
2023-04-27,24.861999999999984
2023-04-28,24.498000000000005
2023-04-29,25.01000000000001
2023-04-30,25.951999999999988
2023-05-01,23.015000000000008
2023-05-02,25.65799999999998
2023-05-03,24.599999999999994
2023-05-04,24.702999999999992
2023-05-05,24.347
2023-05-06,25.262000000000004
2023-05-07,25.734
2023-05-08,22.82999999999999
2023-05-09,25.760999999999985
2023-05-10,24.586999999999993
2023-05-11,24.802999999999983
2023-05-12,24.526000000000007
2023-05-13,25.027000000000008
2023-05-14,25.89399999999999
2023-05-15,23.109
2023-05-16,26.13699999999999
2023-05-17,24.587000000000003
2023-05-18,24.434999999999995
2023-05-19,24.31
2023-05-20,24.912000000000003
2023-05-21,26.11499999999999
2023-05-22,22.392999999999997
2023-05-23,26.21899999999999
2023-05-24,24.54
2023-05-25,24.647999999999993
2023-05-26,24.241
2023-05-27,24.851000000000013
2023-05-28,26.09299999999999
2023-05-29,22.077
2023-05-30,25.765
2023-05-31,24.767999999999994
2023-06-01,24.35699999999998
2023-06-02,24.230999999999995
2023-06-03,25.15600000000001
2023-06-04,25.936999999999994
2023-06-05,23.046000000000006
2023-06-06,26.113999999999987
2023-06-07,24.439000000000007
2023-06-08,24.776999999999997
2023-06-09,24.411000000000005
2023-06-10,24.88499999999999
2023-06-11,26.127999999999982
2023-06-12,22.543999999999997
2023-06-13,26.23700000000001
2023-06-14,24.546999999999993
2023-06-15,24.832999999999988
2023-06-16,24.363999999999997
2023-06-17,24.81300000000001
2023-06-18,26.077999999999985
2023-06-19,22.135999999999996
2023-06-20,26.239999999999995
2023-06-21,24.751999999999995
2023-06-22,23.971999999999984
2023-06-23,24.294999999999995
2023-06-24,24.822000000000003
2023-06-25,26.18699999999998
2023-06-26,22.368
2023-06-27,26.096999999999994
2023-06-28,24.496000000000002
2023-06-29,24.373999999999988
2023-06-30,24.281999999999996
2023-07-01,24.673000000000005
2023-07-02,26.141999999999985
2023-07-03,22.67900000000001
2023-07-04,26.208999999999996
2023-07-05,24.739999999999995
2023-07-06,24.565999999999995
2023-07-07,24.368999999999996
2023-07-08,25.057999999999993
2023-07-09,26.070999999999984
2023-07-10,21.837999999999994
2023-07-11,26.00199999999999
2023-07-12,24.513000000000005
2023-07-13,24.390999999999995
2023-07-14,24.32
2023-07-15,24.581000000000003
2023-07-16,26.09299999999999
2023-07-17,22.716000000000008
2023-07-18,26.292999999999992
2023-07-19,24.728999999999996
2023-07-20,24.511999999999993
2023-07-21,24.423999999999996
2023-07-22,25.300999999999995
2023-07-23,25.96799999999999
2023-07-24,21.975999999999996
2023-07-25,25.956999999999983
2023-07-26,24.400000000000006
2023-07-27,24.316999999999993
2023-07-28,24.557
2023-07-29,24.927
2023-07-30,25.743
2023-07-31,22.24300000000001
2023-08-01,26.10599999999999
2023-08-02,24.548000000000005
2023-08-03,24.474999999999994
2023-08-04,24.352999999999987
2023-08-05,24.218999999999998
2023-08-06,25.918999999999993
2023-08-07,22.319000000000006
2023-08-08,26.125
2023-08-09,24.533000000000005
2023-08-10,24.654999999999994
2023-08-11,24.566
2023-08-12,25.223
2023-08-13,26.004999999999985
2023-08-14,22.853000000000012
2023-08-15,26.727999999999984
2023-08-16,24.581000000000007
2023-08-17,24.875999999999987
2023-08-18,24.068000000000012
2023-08-19,24.478999999999996
2023-08-20,25.859999999999992
2023-08-21,21.715999999999994
2023-08-22,26.400999999999986
2023-08-23,24.68499999999999
2023-08-24,24.3
2023-08-25,24.045000000000012
2023-08-26,25.18
2023-08-27,25.920999999999996
2023-08-28,22.976
2023-08-29,26.51399999999999
2023-08-30,24.571999999999992
2023-08-31,24.834999999999994
2023-09-01,23.86800000000001
2023-09-02,24.86799999999999
2023-09-03,25.798999999999992
2023-09-04,22.005999999999993
2023-09-05,25.97899999999999
2023-09-06,24.903999999999996
2023-09-07,23.998999999999995
2023-09-08,24.496000000000002
2023-09-09,24.861000000000004
2023-09-10,25.62599999999998
2023-09-11,22.085000000000004
2023-09-12,26.131999999999998
2023-09-13,24.234000000000005
2023-09-14,24.214999999999986
2023-09-15,24.31199999999999
2023-09-16,24.130000000000006
2023-09-17,25.816999999999993
2023-09-18,22.382
2023-09-19,26.18300000000001
2023-09-20,24.400000000000006
2023-09-21,24.51
2023-09-22,24.491999999999997
2023-09-23,25.014
2023-09-24,25.800999999999995
2023-09-25,22.105
2023-09-26,26.033999999999995
2023-09-27,24.491000000000007
2023-09-28,24.24699999999999
2023-09-29,24.260999999999996
2023-09-30,24.458000000000006
2023-10-01,25.750999999999994
2023-10-02,22.883000000000003
2023-10-03,26.319000000000003
2023-10-04,24.69899999999999
2023-10-05,24.520999999999994
2023-10-06,24.414000000000005
2023-10-07,25.009999999999994
2023-10-08,25.88799999999999
2023-10-09,21.35799999999999
2023-10-10,25.982999999999983
2023-10-11,24.498
2023-10-12,24.55999999999999
2023-10-13,24.326000000000004
2023-10-14,24.621
2023-10-15,26.150999999999986
2023-10-16,22.805999999999997
2023-10-17,26.127999999999993
2023-10-18,24.768999999999995
2023-10-19,24.440999999999985
2023-10-20,24.341000000000005
2023-10-21,25.105999999999995
2023-10-22,26.003999999999976
2023-10-23,22.495999999999995
2023-10-24,26.403999999999986
2023-10-25,24.480999999999998
2023-10-26,24.639
2023-10-27,24.124000000000006
2023-10-28,24.527
2023-10-29,25.87599999999999
2023-10-30,22.173
2023-10-31,25.831
2023-11-01,24.776999999999994
2023-11-02,24.744999999999987
2023-11-03,24.387999999999998
2023-11-04,25.018999999999995
2023-11-05,26.074999999999996
2023-11-06,23.100000000000005
2023-11-07,26.12199999999999
2023-11-08,24.451
2023-11-09,24.432999999999993
2023-11-10,24.231000000000005
2023-11-11,24.936000000000003
2023-11-12,26.130999999999986
2023-11-13,22.416999999999998
2023-11-14,26.151
2023-11-15,24.620999999999995
2023-11-16,24.58499999999999
2023-11-17,24.214000000000002
2023-11-18,24.85900000000001
2023-11-19,26.085999999999984
2023-11-20,22.185
2023-11-21,25.878
2023-11-22,24.76499999999999
2023-11-23,24.69599999999998
2023-11-24,24.306999999999995
2023-11-25,25.044
2023-11-26,25.928999999999988
2023-11-27,22.975
2023-11-28,26.633999999999993
2023-11-29,24.457000000000004
2023-11-30,24.68999999999999
2023-12-01,24.002000000000013
2023-12-02,24.778
2023-12-03,26.01499999999999
2023-12-04,21.856999999999992
2023-12-05,26.089999999999996
2023-12-06,24.825999999999993
2023-12-07,24.526999999999994
2023-12-08,24.384
2023-12-09,24.804999999999996
2023-12-10,25.73
2023-12-11,21.972
2023-12-12,25.95499999999999
2023-12-13,24.399999999999995
2023-12-14,24.49499999999999
2023-12-15,24.388999999999992
2023-12-16,24.131999999999998
2023-12-17,25.906999999999993
2023-12-18,22.235000000000003
2023-12-19,26.112
2023-12-20,24.355000000000008
2023-12-21,24.646999999999995
2023-12-22,24.565
2023-12-23,25.125999999999994
2023-12-24,26.06299999999999
2023-12-25,22.83800000000001
2023-12-26,26.34599999999999
2023-12-27,24.515000000000004
2023-12-28,24.632999999999992
2023-12-29,24.399999999999995
2023-12-30,24.634999999999994
2023-12-31,26.084999999999987
2024-01-01,21.59299999999999
2024-01-02,25.813999999999993
2024-01-03,24.710999999999995
2024-01-04,24.39099999999999
2024-01-05,24.448
2024-01-06,25.272
2024-01-07,25.973999999999993
2024-01-08,22.912000000000003
2024-01-09,26.093999999999983
2024-01-10,24.45700000000001
2024-01-11,24.802999999999994
2024-01-12,24.582000000000004
2024-01-13,24.723999999999997
2024-01-14,25.924999999999997
2024-01-15,22.581
2024-01-16,26.134
2024-01-17,24.735
2024-01-18,24.699999999999992
2024-01-19,24.48999999999998
2024-01-20,25.074999999999992
2024-01-21,25.993999999999986
2024-01-22,22.790000000000006
2024-01-23,26.777999999999984
2024-01-24,24.543000000000006
2024-01-25,24.576999999999995
2024-01-26,23.98800000000001
2024-01-27,24.293999999999997
2024-01-28,25.871999999999993
2024-01-29,21.825999999999993
2024-01-30,26.935999999999993
2024-01-31,24.49499999999999
2024-02-01,24.662000000000003
2024-02-02,24.264000000000014
2024-02-03,25.205
2024-02-04,25.91699999999998
2024-02-05,23.157000000000004
2024-02-06,26.554000000000002
2024-02-07,24.598
2024-02-08,24.541999999999994
2024-02-09,24.01800000000001
2024-02-10,24.772999999999993
2024-02-11,25.962000000000003
2024-02-12,21.658999999999992
2024-02-13,26.019999999999985
2024-02-14,24.70599999999999
2024-02-15,24.453999999999997
2024-02-16,24.388999999999992
2024-02-17,24.807
2024-02-18,25.826
2024-02-19,22.435000000000006
2024-02-20,26.052999999999997
2024-02-21,24.575000000000003
2024-02-22,24.705999999999996
2024-02-23,24.401999999999997
2024-02-24,24.34700000000001
2024-02-25,25.83199999999999
2024-02-26,22.380000000000006
2024-02-27,26.331000000000007
2024-02-28,24.493999999999996
2024-02-29,24.723999999999997
2024-03-01,24.572999999999997
2024-03-02,24.88600000000001
2024-03-03,25.70799999999998
2024-03-04,21.44399999999999
2024-03-05,25.999999999999996
2024-03-06,24.784999999999997
2024-03-07,24.47699999999999
2024-03-08,24.35599999999999
2024-03-09,24.442999999999994
2024-03-10,25.886999999999993
2024-03-11,22.426999999999992
2024-03-12,26.050999999999995
2024-03-13,24.350000000000005
2024-03-14,24.667999999999992
2024-03-15,24.507999999999996
2024-03-16,25.127
2024-03-17,25.97699999999999
2024-03-18,22.881000000000007
2024-03-19,26.608999999999988
2024-03-20,24.453000000000003
2024-03-21,24.63199999999999
2024-03-22,24.11400000000001
2024-03-23,24.386999999999997
2024-03-24,25.982
2024-03-25,21.950999999999993
2024-03-26,25.938000000000006
2024-03-27,24.668999999999997
2024-03-28,24.38599999999999
2024-03-29,24.412000000000006
2024-03-30,25.327999999999996
2024-03-31,25.779000000000007
2024-04-01,22.634
2024-04-02,26.56699999999999
2024-04-03,24.411000000000005
2024-04-04,24.813999999999993
2024-04-05,24.25000000000001
2024-04-06,24.233999999999995
2024-04-07,26.029999999999994
2024-04-08,22.016999999999992
2024-04-09,26.29400000000001
2024-04-10,24.477999999999994
2024-04-11,24.08099999999999
2024-04-12,24.303
2024-04-13,25.364
2024-04-14,25.793999999999997
2024-04-15,22.039
2024-04-16,26.063999999999993
2024-04-17,24.528
2024-04-18,24.320999999999994
2024-04-19,24.61800000000001
2024-04-20,24.88699999999998
2024-04-21,25.640999999999984
2024-04-22,22.192000000000007
2024-04-23,26.102999999999998
2024-04-24,24.71900000000001
2024-04-25,24.519999999999992
2024-04-26,24.397999999999982
2024-04-27,24.282999999999998
2024-04-28,25.920999999999996
2024-04-29,22.371000000000002
2024-04-30,26.135999999999996
2024-05-01,24.373000000000005
2024-05-02,24.62899999999999
2024-05-03,24.53
2024-05-04,25.308999999999997
2024-05-05,25.942999999999994
2024-05-06,22.465999999999998
2024-05-07,26.115999999999996
2024-05-08,24.48400000000001
2024-05-09,24.642999999999983
2024-05-10,24.580999999999996
2024-05-11,24.875999999999994
2024-05-12,26.08499999999999
2024-05-13,22.796000000000006
2024-05-14,26.173
2024-05-15,24.686000000000003
2024-05-16,24.640999999999984
2024-05-17,24.392999999999986
2024-05-18,24.858000000000008
2024-05-19,26.027999999999988
2024-05-20,21.909999999999997
2024-05-21,25.825999999999993
2024-05-22,24.598000000000003
2024-05-23,24.485999999999986
2024-05-24,24.342999999999996
2024-05-25,25.07500000000001
2024-05-26,25.746000000000002
2024-05-27,22.353999999999996
2024-05-28,25.65499999999999
2024-05-29,24.432
2024-05-30,24.638
2024-05-31,24.386999999999997
2024-06-01,24.480000000000004
2024-06-02,25.897999999999993
2024-06-03,23.102000000000007
2024-06-04,25.410999999999966
2024-06-05,24.623000000000005
2024-06-06,24.398999999999997
2024-06-07,24.461000000000013
2024-06-08,25.649999999999995
2024-06-09,26.151
2024-06-10,23.394000000000005
2024-06-11,25.098999999999986
2024-06-12,24.522000000000002
2024-06-13,24.677999999999997
2024-06-14,24.76300000000002
2024-06-15,25.681999999999988
2024-06-16,25.55600000000001
2024-06-17,23.364
2024-06-18,25.19899999999999
2024-06-19,24.862000000000002
2024-06-20,24.763
2024-06-21,24.827
2024-06-22,25.662999999999997
2024-06-23,25.77099999999999
2024-06-24,23.62600000000001
2024-06-25,25.323999999999998
2024-06-26,24.659999999999997
2024-06-27,24.898999999999997
2024-06-28,24.954999999999995
2024-06-29,25.36399999999999
2024-06-30,25.936
2024-07-01,23.574999999999996
2024-07-02,25.67299999999999
2024-07-03,24.572999999999997
2024-07-04,24.671999999999993
2024-07-05,24.92199999999999
2024-07-06,25.19499999999999
2024-07-07,25.961999999999993
2024-07-08,23.862000000000002
2024-07-09,25.73199999999998
2024-07-10,24.818999999999996
2024-07-11,24.48199999999999
2024-07-12,24.72299999999999
2024-07-13,25.182999999999993
2024-07-14,25.541000000000004
2024-07-15,24.903000000000002
2024-07-16,25.504999999999985
2024-07-17,24.857000000000003
2024-07-18,25.034999999999997
2024-07-19,24.81999999999999
2024-07-20,25.45299999999999
2024-07-21,25.55799999999999
2024-07-22,25.199999999999992
2024-07-23,25.371
2024-07-24,25.382999999999996
2024-07-25,25.131999999999977
2024-07-26,24.869999999999994
2024-07-27,25.369999999999994
2024-07-28,25.570999999999998
2024-07-29,25.637999999999973
2024-07-30,25.703999999999994
2024-07-31,25.267999999999994
2024-08-01,24.626999999999995
2024-08-02,24.904999999999973
2024-08-03,25.557
2024-08-04,25.652
2024-08-05,25.685999999999986
2024-08-06,25.422000000000008
2024-08-07,25.31999999999999
2024-08-08,24.703999999999983
2024-08-09,24.953999999999983
2024-08-10,25.524999999999995
2024-08-11,25.545
2024-08-12,25.656999999999993
2024-08-13,25.381999999999994
2024-08-14,25.278999999999996
2024-08-15,24.639999999999983
2024-08-16,25.01799999999998
2024-08-17,25.462999999999987
2024-08-18,25.584
2024-08-19,25.56099999999999
2024-08-20,25.238999999999997
2024-08-21,25.240999999999996
2024-08-22,24.924999999999986
2024-08-23,25.41099999999998
2024-08-24,25.68699999999999
2024-08-25,25.67299999999999
2024-08-26,25.552999999999987
2024-08-27,25.461999999999993
2024-08-28,25.308000000000003
2024-08-29,24.867999999999988
2024-08-30,25.078000000000007
2024-08-31,25.748
2024-09-01,25.572999999999993
2024-09-02,25.676999999999992
2024-09-03,25.458
2024-09-04,25.10899999999999
2024-09-05,24.944999999999986
2024-09-06,24.649999999999995
2024-09-07,25.448999999999998
2024-09-08,25.444000000000003
2024-09-09,25.625999999999994
2024-09-10,25.27999999999999
2024-09-11,24.941999999999997
2024-09-12,24.83099999999999
2024-09-13,24.828999999999997
2024-09-14,25.52099999999999
2024-09-15,25.640999999999995
2024-09-16,25.727999999999998
2024-09-17,25.323999999999998
2024-09-18,25.08399999999999
2024-09-19,24.69999999999998
2024-09-20,24.909999999999986
2024-09-21,25.264999999999986
2024-09-22,25.744
2024-09-23,25.68299999999999
2024-09-24,25.74599999999999
2024-09-25,24.73599999999999
2024-09-26,24.677999999999983
2024-09-27,25.33699999999998
2024-09-28,25.404000000000007
2024-09-29,25.646
2024-09-30,25.771999999999995
2024-10-01,25.374999999999996
2024-10-02,24.736999999999984
2024-10-03,24.630999999999982
2024-10-04,25.561
2024-10-05,25.491
2024-10-06,25.656999999999993
2024-10-07,25.877999999999997
2024-10-08,25.063
2024-10-09,24.531
2024-10-10,24.808999999999987
2024-10-11,25.552999999999994
2024-10-12,25.505
2024-10-13,25.658999999999995
2024-10-14,25.967999999999996
2024-10-15,23.797999999999988
2024-10-16,24.443999999999992
2024-10-17,24.533999999999992
2024-10-18,25.552999999999994
2024-10-19,25.524
2024-10-20,25.641999999999985
2024-10-21,25.976
2024-10-22,24.43999999999999
2024-10-23,24.519000000000002
2024-10-24,24.942999999999994
2024-10-25,25.517999999999983
2024-10-26,25.653999999999996
2024-10-27,25.77399999999999
2024-10-28,25.95999999999999
2024-10-29,24.742000000000008
2024-10-30,24.534999999999997
2024-10-31,25.334999999999983
2024-11-01,25.238999999999987
2024-11-02,25.635999999999996
2024-11-03,26.119
2024-11-04,25.783000000000005
2024-11-05,24.704999999999995
2024-11-06,24.83999999999999
2024-11-07,24.867999999999988
2024-11-08,25.381000000000014
2024-11-09,25.84799999999999
2024-11-10,25.784000000000002
2024-11-11,25.86799999999999
2024-11-12,24.755000000000006
2024-11-13,24.912999999999982
2024-11-14,25.052999999999987
2024-11-15,25.451000000000004
2024-11-16,25.97099999999999
2024-11-17,25.737999999999992
2024-11-18,26.328000000000003
2024-11-19,24.852999999999984
2024-11-20,24.671999999999983
2024-11-21,25.050999999999984
2024-11-22,25.115999999999985
2024-11-23,25.228999999999992
2024-11-24,25.802999999999997
2024-11-25,26.132999999999996
2024-11-26,25.16399999999999
2024-11-27,24.710999999999995
2024-11-28,24.926999999999985
2024-11-29,25.410999999999987
2024-11-30,25.460999999999995
2024-12-01,25.926
2024-12-02,26.223999999999997
2024-12-03,25.414999999999996
2024-12-04,24.666999999999987
2024-12-05,24.582999999999984
2024-12-06,25.20099999999999
2024-12-07,25.411999999999992
2024-12-08,25.886999999999993
2024-12-09,25.971999999999998
2024-12-10,25.43999999999999
2024-12-11,24.807999999999993
2024-12-12,24.776999999999976
2024-12-13,25.21100000000001
2024-12-14,25.249999999999996
2024-12-15,25.744999999999987
2024-12-16,26.020999999999994
2024-12-17,25.824999999999996
2024-12-18,24.953999999999994
2024-12-19,24.806999999999974
2024-12-20,25.053
2024-12-21,25.211000000000002
2024-12-22,25.679999999999996
2024-12-23,25.842
2024-12-24,25.908
2024-12-25,24.846999999999984
2024-12-26,24.892999999999983
2024-12-27,25.011999999999993
2024-12-28,25.23800000000001
2024-12-29,25.773000000000003
